Frequency,Gain(Ch.0),Phase(Ch.0),Gain(Ch.1),Phase(Ch.1),Gain(Ch.2),Phase(Ch.2),Gain(Ch.3),Phase(Ch.3),Gain(Ch.4),Phase(Ch.4),Gain(Ch.5),Phase(Ch.5),Gain(Ch.6),Phase(Ch.6),Gain(Ch.7),Phase(Ch.7),Gain(Ch.8),Phase(Ch.8),Gain(Ch.9),Phase(Ch.9),Gain(Ch.10),Phase(Ch.10),Gain(Ch.11),Phase(Ch.11),Gain(Ch.12),Phase(Ch.12),Gain(Ch.13),Phase(Ch.13),Gain(Ch.14),Phase(Ch.14),Gain(Ch.15),Phase(Ch.15)\n
0,3.296,0,3.296,0,3.296,0,3.296,0,3.296,0,3.296,0,3.296,0,3.296,0,3.296,0,3.296,0,3.296,0,3.296,0,3.296,0,3.296,0,3.296,0,3.296,0\n
3.906,3.142,0,3.142,0,3.142,0,3.142,0,3.142,0,3.142,0,3.142,0,3.142,0,3.142,0,3.142,0,3.142,0,3.142,0,3.142,0,3.142,0,3.142,0,3.142,0\n
7.812,2.995,0,2.995,0,2.995,0,2.995,0,2.995,0,2.995,0,2.995,0,2.995,0,2.995,0,2.995,0,2.995,0,2.995,0,2.995,0,2.995,0,2.995,0,2.995,0\n
11.719,2.855,0,2.855,0,2.855,0,2.855,0,2.855,0,2.855,0,2.855,0,2.855,0,2.855,0,2.855,0,2.855,0,2.855,0,2.855,0,2.855,0,2.855,0,2.855,0\n
15.625,2.721,0,2.721,0,2.721,0,2.721,0,2.721,0,2.721,0,2.721,0,2.721,0,2.721,0,2.721,0,2.721,0,2.721,0,2.721,0,2.721,0,2.721,0,2.721,0\n
19.531,2.594,0,2.594,0,2.594,0,2.594,0,2.594,0,2.594,0,2.594,0,2.594,0,2.594,0,2.594,0,2.594,0,2.594,0,2.594,0,2.594,0,2.594,0,2.594,0\n
23.437,2.472,0,2.472,0,2.472,0,2.472,0,2.472,0,2.472,0,2.472,0,2.472,0,2.472,0,2.472,0,2.472,0,2.472,0,2.472,0,2.472,0,2.472,0,2.472,0\n
27.344,2.357,0,2.357,0,2.357,0,2.357,0,2.357,0,2.357,0,2.357,0,2.357,0,2.357,0,2.357,0,2.357,0,2.357,0,2.357,0,2.357,0,2.357,0,2.357,0\n
31.25,2.246,0,2.246,0,2.246,0,2.246,0,2.246,0,2.246,0,2.246,0,2.246,0,2.246,0,2.246,0,2.246,0,2.246,0,2.246,0,2.246,0,2.246,0,2.246,0\n
35.156,2.141,0,2.141,0,2.141,0,2.141,0,2.141,0,2.141,0,2.141,0,2.141,0,2.141,0,2.141,0,2.141,0,2.141,0,2.141,0,2.141,0,2.141,0,2.141,0\n
39.062,2.041,0,2.041,0,2.041,0,2.041,0,2.041,0,2.041,0,2.041,0,2.041,0,2.041,0,2.041,0,2.041,0,2.041,0,2.041,0,2.041,0,2.041,0,2.041,0\n
42.969,1.945,0,1.945,0,1.945,0,1.945,0,1.945,0,1.945,0,1.945,0,1.945,0,1.945,0,1.945,0,1.945,0,1.945,0,1.945,0,1.945,0,1.945,0,1.945,0\n
46.875,1.854,0,1.854,0,1.854,0,1.854,0,1.854,0,1.854,0,1.854,0,1.854,0,1.854,0,1.854,0,1.854,0,1.854,0,1.854,0,1.854,0,1.854,0,1.854,0\n
50.781,1.768,0,1.768,0,1.768,0,1.768,0,1.768,0,1.768,0,1.768,0,1.768,0,1.768,0,1.768,0,1.768,0,1.768,0,1.768,0,1.768,0,1.768,0,1.768,0\n
54.687,1.685,0,1.685,0,1.685,0,1.685,0,1.685,0,1.685,0,1.685,0,1.685,0,1.685,0,1.685,0,1.685,0,1.685,0,1.685,0,1.685,0,1.685,0,1.685,0\n
58.594,1.606,0,1.606,0,1.606,0,1.606,0,1.606,0,1.606,0,1.606,0,1.606,0,1.606,0,1.606,0,1.606,0,1.606,0,1.606,0,1.606,0,1.606,0,1.606,0\n
62.5,1.531,0,1.531,0,1.531,0,1.531,0,1.531,0,1.531,0,1.531,0,1.531,0,1.531,0,1.531,0,1.531,0,1.531,0,1.531,0,1.531,0,1.531,0,1.531,0\n
66.406,1.459,0,1.459,0,1.459,0,1.459,0,1.459,0,1.459,0,1.459,0,1.459,0,1.459,0,1.459,0,1.459,0,1.459,0,1.459,0,1.459,0,1.459,0,1.459,0\n
70.312,1.391,0,1.391,0,1.391,0,1.391,0,1.391,0,1.391,0,1.391,0,1.391,0,1.391,0,1.391,0,1.391,0,1.391,0,1.391,0,1.391,0,1.391,0,1.391,0\n
74.219,1.326,0,1.326,0,1.326,0,1.326,0,1.326,0,1.326,0,1.326,0,1.326,0,1.326,0,1.326,0,1.326,0,1.326,0,1.326,0,1.326,0,1.326,0,1.326,0\n
78.125,1.264,0,1.264,0,1.264,0,1.264,0,1.264,0,1.264,0,1.264,0,1.264,0,1.264,0,1.264,0,1.264,0,1.264,0,1.264,0,1.264,0,1.264,0,1.264,0\n
82.031,1.205,0,1.205,0,1.205,0,1.205,0,1.205,0,1.205,0,1.205,0,1.205,0,1.205,0,1.205,0,1.205,0,1.205,0,1.205,0,1.205,0,1.205,0,1.205,0\n
85.937,1.148,0,1.148,0,1.148,0,1.148,0,1.148,0,1.148,0,1.148,0,1.148,0,1.148,0,1.148,0,1.148,0,1.148,0,1.148,0,1.148,0,1.148,0,1.148,0\n
89.844,1.094,0,1.094,0,1.094,0,1.094,0,1.094,0,1.094,0,1.094,0,1.094,0,1.094,0,1.094,0,1.094,0,1.094,0,1.094,0,1.094,0,1.094,0,1.094,0\n
93.75,1.043,0,1.043,0,1.043,0,1.043,0,1.043,0,1.043,0,1.043,0,1.043,0,1.043,0,1.043,0,1.043,0,1.043,0,1.043,0,1.043,0,1.043,0,1.043,0\n
97.656,0.994,0,0.994,0,0.994,0,0.994,0,0.994,0,0.994,0,0.994,0,0.994,0,0.994,0,0.994,0,0.994,0,0.994,0,0.994,0,0.994,0,0.994,0,0.994,0\n
101.56,0.957,0.804,0.957,0.804,0.957,0.804,0.957,0.804,0.957,0.804,0.957,0.804,0.957,0.804,0.957,0.804,0.957,0.804,0.957,0.804,0.957,0.804,0.957,0.804,0.957,0.804,0.957,0.804,0.957,0.804,0.957,0.804\n
105.47,0.935,2.28,0.935,2.28,0.935,2.28,0.935,2.28,0.935,2.28,0.935,2.28,0.935,2.28,0.935,2.28,0.935,2.28,0.935,2.28,0.935,2.28,0.935,2.28,0.935,2.28,0.935,2.28,0.935,2.28,0.935,2.28\n
109.37,0.913,2.179,0.913,2.179,0.913,2.179,0.913,2.179,0.913,2.179,0.913,2.179,0.913,2.179,0.913,2.179,0.913,2.179,0.913,2.179,0.913,2.179,0.913,2.179,0.913,2.179,0.913,2.179,0.913,2.179,0.913,2.179\n
113.28,0.892,1.99,0.892,1.99,0.892,1.99,0.892,1.99,0.892,1.99,0.892,1.99,0.892,1.99,0.892,1.99,0.892,1.99,0.892,1.99,0.892,1.99,0.892,1.99,0.892,1.99,0.892,1.99,0.892,1.99,0.892,1.99\n
117.19,0.919,1.768,0.919,1.768,0.919,1.768,0.919,1.768,0.919,1.768,0.919,1.768,0.919,1.768,0.919,1.768,0.919,1.768,0.919,1.768,0.919,1.768,0.919,1.768,0.919,1.768,0.919,1.768,0.919,1.768,0.919,1.768\n
121.09,1.35,1.546,1.35,1.546,1.35,1.546,1.35,1.546,1.35,1.546,1.35,1.546,1.35,1.546,1.35,1.546,1.35,1.546,1.35,1.546,1.35,1.546,1.35,1.546,1.35,1.546,1.35,1.546,1.35,1.546,1.35,1.546\n
125,1.982,1.846,1.982,1.846,1.982,1.846,1.982,1.846,1.982,1.846,1.982,1.846,1.982,1.846,1.982,1.846,1.982,1.846,1.982,1.846,1.982,1.846,1.982,1.846,1.982,1.846,1.982,1.846,1.982,1.846,1.982,1.846\n
128.91,2.909,0.032,2.909,0.032,2.909,0.032,2.909,0.032,2.909,0.032,2.909,0.032,2.909,0.032,2.909,0.032,2.909,0.032,2.909,0.032,2.909,0.032,2.909,0.032,2.909,0.032,2.909,0.032,2.909,0.032,2.909,0.032\n
132.81,4.271,2.193,4.271,2.193,4.271,2.193,4.271,2.193,4.271,2.193,4.271,2.193,4.271,2.193,4.271,2.193,4.271,2.193,4.271,2.193,4.271,2.193,4.271,2.193,4.271,2.193,4.271,2.193,4.271,2.193,4.271,2.193\n
136.72,12.508,1.956,12.508,1.956,12.508,1.956,12.508,1.956,12.508,1.956,12.508,1.956,12.508,1.956,12.508,1.956,12.508,1.956,12.508,1.956,12.508,1.956,12.508,1.956,12.508,1.956,12.508,1.956,12.508,1.956,12.508,1.956\n
140.62,40.705,-0.7,40.705,-0.7,40.705,-0.7,40.705,-0.7,40.705,-0.7,40.705,-0.7,40.705,-0.7,40.705,-0.7,40.705,-0.7,40.705,-0.7,40.705,-0.7,40.705,-0.7,40.705,-0.7,40.705,-0.7,40.705,-0.7,40.705,-0.7\n
144.53,132.465,-2.649,132.465,-2.649,132.465,-2.649,132.465,-2.649,132.465,-2.649,132.465,-2.649,132.465,-2.649,132.465,-2.649,132.465,-2.649,132.465,-2.649,132.465,-2.649,132.465,-2.649,132.465,-2.649,132.465,-2.649,132.465,-2.649,132.465,-2.649\n 
148.44,431.023,2.483,431.023,2.483,431.023,2.483,431.023,2.483,431.023,2.483,431.023,2.483,431.023,2.483,431.023,2.483,431.023,2.483,431.023,2.483,431.023,2.483,431.023,2.483,431.023,2.483,431.023,2.483,431.023,2.483,431.023,2.483\n
152.34,827.752,1.658,827.752,1.658,827.752,1.658,827.752,1.658,827.752,1.658,827.752,1.658,827.752,1.658,827.752,1.658,827.752,1.658,827.752,1.658,827.752,1.658,827.752,1.658,827.752,1.658,827.752,1.658,827.752,1.658,827.752,1.658\n
156.25,1118.279,1.021,1118.279,1.021,1118.279,1.021,1118.279,1.021,1118.279,1.021,1118.279,1.021,1118.279,1.021,1118.279,1.021,1118.279,1.021,1118.279,1.021,1118.279,1.021,1118.279,1.021,1118.279,1.021,1118.279,1.021,1118.279,1.021,1118.279,1.021\n 
160.16,1510.95,0.495,1510.95,0.495,1510.95,0.495,1510.95,0.495,1510.95,0.495,1510.95,0.495,1510.95,0.495,1510.95,0.495,1510.95,0.495,1510.95,0.495,1510.95,0.495,1510.95,0.495,1510.95,0.495,1510.95,0.495,1510.95,0.495,1510.95,0.495\n 
164.06,2041.268,0.038,2041.268,0.038,2041.268,0.038,2041.268,0.038,2041.268,0.038,2041.268,0.038,2041.268,0.038,2041.268,0.038,2041.268,0.038,2041.268,0.038,2041.268,0.038,2041.268,0.038,2041.268,0.038,2041.268,0.038,2041.268,0.038,2041.268,0.038\n 
167.97,2647.89,-0.374,2647.89,-0.374,2647.89,-0.374,2647.89,-0.374,2647.89,-0.374,2647.89,-0.374,2647.89,-0.374,2647.89,-0.374,2647.89,-0.374,2647.89,-0.374,2647.89,-0.374,2647.89,-0.374,2647.89,-0.374,2647.89,-0.374,2647.89,-0.374,2647.89,-0.374\n 
171.87,3164.463,-0.747,3164.463,-0.747,3164.463,-0.747,3164.463,-0.747,3164.463,-0.747,3164.463,-0.747,3164.463,-0.747,3164.463,-0.747,3164.463,-0.747,3164.463,-0.747,3164.463,-0.747,3164.463,-0.747,3164.463,-0.747,3164.463,-0.747,3164.463,-0.747,3164.463,-0.747\n 
175.78,3782.248,-1.088,3782.248,-1.088,3782.248,-1.088,3782.248,-1.088,3782.248,-1.088,3782.248,-1.088,3782.248,-1.088,3782.248,-1.088,3782.248,-1.088,3782.248,-1.088,3782.248,-1.088,3782.248,-1.088,3782.248,-1.088,3782.248,-1.088,3782.248,-1.088,3782.248,-1.088\n 
179.69,4520.641,-1.4,4520.641,-1.4,4520.641,-1.4,4520.641,-1.4,4520.641,-1.4,4520.641,-1.4,4520.641,-1.4,4520.641,-1.4,4520.641,-1.4,4520.641,-1.4,4520.641,-1.4,4520.641,-1.4,4520.641,-1.4,4520.641,-1.4,4520.641,-1.4,4520.641,-1.4\n 
183.59,5339.493,-1.685,5339.493,-1.685,5339.493,-1.685,5339.493,-1.685,5339.493,-1.685,5339.493,-1.685,5339.493,-1.685,5339.493,-1.685,5339.493,-1.685,5339.493,-1.685,5339.493,-1.685,5339.493,-1.685,5339.493,-1.685,5339.493,-1.685,5339.493,-1.685,5339.493,-1.685\n 
187.5,5325.373,-1.947,5325.373,-1.947,5325.373,-1.947,5325.373,-1.947,5325.373,-1.947,5325.373,-1.947,5325.373,-1.947,5325.373,-1.947,5325.373,-1.947,5325.373,-1.947,5325.373,-1.947,5325.373,-1.947,5325.373,-1.947,5325.373,-1.947,5325.373,-1.947,5325.373,-1.947\n 
191.41,5310.678,-2.188,5310.678,-2.188,5310.678,-2.188,5310.678,-2.188,5310.678,-2.188,5310.678,-2.188,5310.678,-2.188,5310.678,-2.188,5310.678,-2.188,5310.678,-2.188,5310.678,-2.188,5310.678,-2.188,5310.678,-2.188,5310.678,-2.188,5310.678,-2.188,5310.678,-2.188\n 
195.31,5296.634,-2.411,5296.634,-2.411,5296.634,-2.411,5296.634,-2.411,5296.634,-2.411,5296.634,-2.411,5296.634,-2.411,5296.634,-2.411,5296.634,-2.411,5296.634,-2.411,5296.634,-2.411,5296.634,-2.411,5296.634,-2.411,5296.634,-2.411,5296.634,-2.411,5296.634,-2.411\n 
199.22,5282.019,-2.617,5282.019,-2.617,5282.019,-2.617,5282.019,-2.617,5282.019,-2.617,5282.019,-2.617,5282.019,-2.617,5282.019,-2.617,5282.019,-2.617,5282.019,-2.617,5282.019,-2.617,5282.019,-2.617,5282.019,-2.617,5282.019,-2.617,5282.019,-2.617,5282.019,-2.617\n 
203.12,5355.5,-2.809,5355.5,-2.809,5355.5,-2.809,5355.5,-2.809,5355.5,-2.809,5355.5,-2.809,5355.5,-2.809,5355.5,-2.809,5355.5,-2.809,5355.5,-2.809,5355.5,-2.809,5355.5,-2.809,5355.5,-2.809,5355.5,-2.809,5355.5,-2.809,5355.5,-2.809\n 
207.03,5452.554,-2.99,5452.554,-2.99,5452.554,-2.99,5452.554,-2.99,5452.554,-2.99,5452.554,-2.99,5452.554,-2.99,5452.554,-2.99,5452.554,-2.99,5452.554,-2.99,5452.554,-2.99,5452.554,-2.99,5452.554,-2.99,5452.554,-2.99,5452.554,-2.99,5452.554,-2.99\n 
210.94,5551.368,3.124,5551.368,3.124,5551.368,3.124,5551.368,3.124,5551.368,3.124,5551.368,3.124,5551.368,3.124,5551.368,3.124,5551.368,3.124,5551.368,3.124,5551.368,3.124,5551.368,3.124,5551.368,3.124,5551.368,3.124,5551.368,3.124,5551.368,3.124\n 
214.84,5651.321,2.963,5651.321,2.963,5651.321,2.963,5651.321,2.963,5651.321,2.963,5651.321,2.963,5651.321,2.963,5651.321,2.963,5651.321,2.963,5651.321,2.963,5651.321,2.963,5651.321,2.963,5651.321,2.963,5651.321,2.963,5651.321,2.963,5651.321,2.963\n 
218.75,5696.394,2.811,5696.394,2.811,5696.394,2.811,5696.394,2.811,5696.394,2.811,5696.394,2.811,5696.394,2.811,5696.394,2.811,5696.394,2.811,5696.394,2.811,5696.394,2.811,5696.394,2.811,5696.394,2.811,5696.394,2.811,5696.394,2.811,5696.394,2.811\n 
222.66,5691.805,2.665,5691.805,2.665,5691.805,2.665,5691.805,2.665,5691.805,2.665,5691.805,2.665,5691.805,2.665,5691.805,2.665,5691.805,2.665,5691.805,2.665,5691.805,2.665,5691.805,2.665,5691.805,2.665,5691.805,2.665,5691.805,2.665,5691.805,2.665\n 
226.56,5687.22,2.526,5687.22,2.526,5687.22,2.526,5687.22,2.526,5687.22,2.526,5687.22,2.526,5687.22,2.526,5687.22,2.526,5687.22,2.526,5687.22,2.526,5687.22,2.526,5687.22,2.526,5687.22,2.526,5687.22,2.526,5687.22,2.526,5687.22,2.526\n 
230.47,5682.638,2.391,5682.638,2.391,5682.638,2.391,5682.638,2.391,5682.638,2.391,5682.638,2.391,5682.638,2.391,5682.638,2.391,5682.638,2.391,5682.638,2.391,5682.638,2.391,5682.638,2.391,5682.638,2.391,5682.638,2.391,5682.638,2.391,5682.638,2.391\n 
234.37,5674.139,2.262,5674.139,2.262,5674.139,2.262,5674.139,2.262,5674.139,2.262,5674.139,2.262,5674.139,2.262,5674.139,2.262,5674.139,2.262,5674.139,2.262,5674.139,2.262,5674.139,2.262,5674.139,2.262,5674.139,2.262,5674.139,2.262,5674.139,2.262\n 
238.28,5653.274,2.137,5653.274,2.137,5653.274,2.137,5653.274,2.137,5653.274,2.137,5653.274,2.137,5653.274,2.137,5653.274,2.137,5653.274,2.137,5653.274,2.137,5653.274,2.137,5653.274,2.137,5653.274,2.137,5653.274,2.137,5653.274,2.137,5653.274,2.137\n 
242.19,5633.133,2.015,5633.133,2.015,5633.133,2.015,5633.133,2.015,5633.133,2.015,5633.133,2.015,5633.133,2.015,5633.133,2.015,5633.133,2.015,5633.133,2.015,5633.133,2.015,5633.133,2.015,5633.133,2.015,5633.133,2.015,5633.133,2.015,5633.133,2.015\n 
246.09,5612.418,1.897,5612.418,1.897,5612.418,1.897,5612.418,1.897,5612.418,1.897,5612.418,1.897,5612.418,1.897,5612.418,1.897,5612.418,1.897,5612.418,1.897,5612.418,1.897,5612.418,1.897,5612.418,1.897,5612.418,1.897,5612.418,1.897,5612.418,1.897\n 
250,5591.779,1.782,5591.779,1.782,5591.779,1.782,5591.779,1.782,5591.779,1.782,5591.779,1.782,5591.779,1.782,5591.779,1.782,5591.779,1.782,5591.779,1.782,5591.779,1.782,5591.779,1.782,5591.779,1.782,5591.779,1.782,5591.779,1.782,5591.779,1.782\n 
253.91,5581.488,1.669,5581.488,1.669,5581.488,1.669,5581.488,1.669,5581.488,1.669,5581.488,1.669,5581.488,1.669,5581.488,1.669,5581.488,1.669,5581.488,1.669,5581.488,1.669,5581.488,1.669,5581.488,1.669,5581.488,1.669,5581.488,1.669,5581.488,1.669\n 
257.81,5571.216,1.56,5571.216,1.56,5571.216,1.56,5571.216,1.56,5571.216,1.56,5571.216,1.56,5571.216,1.56,5571.216,1.56,5571.216,1.56,5571.216,1.56,5571.216,1.56,5571.216,1.56,5571.216,1.56,5571.216,1.56,5571.216,1.56,5571.216,1.56\n 
261.72,5560.963,1.452,5560.963,1.452,5560.963,1.452,5560.963,1.452,5560.963,1.452,5560.963,1.452,5560.963,1.452,5560.963,1.452,5560.963,1.452,5560.963,1.452,5560.963,1.452,5560.963,1.452,5560.963,1.452,5560.963,1.452,5560.963,1.452,5560.963,1.452\n 
265.62,5550.729,1.346,5550.729,1.346,5550.729,1.346,5550.729,1.346,5550.729,1.346,5550.729,1.346,5550.729,1.346,5550.729,1.346,5550.729,1.346,5550.729,1.346,5550.729,1.346,5550.729,1.346,5550.729,1.346,5550.729,1.346,5550.729,1.346,5550.729,1.346\n 
269.53,5557.763,1.242,5557.763,1.242,5557.763,1.242,5557.763,1.242,5557.763,1.242,5557.763,1.242,5557.763,1.242,5557.763,1.242,5557.763,1.242,5557.763,1.242,5557.763,1.242,5557.763,1.242,5557.763,1.242,5557.763,1.242,5557.763,1.242,5557.763,1.242\n 
273.44,5571.216,1.14,5571.216,1.14,5571.216,1.14,5571.216,1.14,5571.216,1.14,5571.216,1.14,5571.216,1.14,5571.216,1.14,5571.216,1.14,5571.216,1.14,5571.216,1.14,5571.216,1.14,5571.216,1.14,5571.216,1.14,5571.216,1.14,5571.216,1.14\n 
277.34,5584.059,1.039,5584.059,1.039,5584.059,1.039,5584.059,1.039,5584.059,1.039,5584.059,1.039,5584.059,1.039,5584.059,1.039,5584.059,1.039,5584.059,1.039,5584.059,1.039,5584.059,1.039,5584.059,1.039,5584.059,1.039,5584.059,1.039,5584.059,1.039\n 
281.25,5597.576,0.94,5597.576,0.94,5597.576,0.94,5597.576,0.94,5597.576,0.94,5597.576,0.94,5597.576,0.94,5597.576,0.94,5597.576,0.94,5597.576,0.94,5597.576,0.94,5597.576,0.94,5597.576,0.94,5597.576,0.94,5597.576,0.94,5597.576,0.94\n 
285.16,5608.542,0.842,5608.542,0.842,5608.542,0.842,5608.542,0.842,5608.542,0.842,5608.542,0.842,5608.542,0.842,5608.542,0.842,5608.542,0.842,5608.542,0.842,5608.542,0.842,5608.542,0.842,5608.542,0.842,5608.542,0.842,5608.542,0.842,5608.542,0.842\n 
289.06,5618.236,0.746,5618.236,0.746,5618.236,0.746,5618.236,0.746,5618.236,0.746,5618.236,0.746,5618.236,0.746,5618.236,0.746,5618.236,0.746,5618.236,0.746,5618.236,0.746,5618.236,0.746,5618.236,0.746,5618.236,0.746,5618.236,0.746,5618.236,0.746\n 
292.97,5627.947,0.651,5627.947,0.651,5627.947,0.651,5627.947,0.651,5627.947,0.651,5627.947,0.651,5627.947,0.651,5627.947,0.651,5627.947,0.651,5627.947,0.651,5627.947,0.651,5627.947,0.651,5627.947,0.651,5627.947,0.651,5627.947,0.651,5627.947,0.651\n 
296.87,5637.026,0.557,5637.026,0.557,5637.026,0.557,5637.026,0.557,5637.026,0.557,5637.026,0.557,5637.026,0.557,5637.026,0.557,5637.026,0.557,5637.026,0.557,5637.026,0.557,5637.026,0.557,5637.026,0.557,5637.026,0.557,5637.026,0.557,5637.026,0.557\n 
300.78,5645.469,0.464,5645.469,0.464,5645.469,0.464,5645.469,0.464,5645.469,0.464,5645.469,0.464,5645.469,0.464,5645.469,0.464,5645.469,0.464,5645.469,0.464,5645.469,0.464,5645.469,0.464,5645.469,0.464,5645.469,0.464,5645.469,0.464,5645.469,0.464\n 
304.69,5647.419,0.372,5647.419,0.372,5647.419,0.372,5647.419,0.372,5647.419,0.372,5647.419,0.372,5647.419,0.372,5647.419,0.372,5647.419,0.372,5647.419,0.372,5647.419,0.372,5647.419,0.372,5647.419,0.372,5647.419,0.372,5647.419,0.372,5647.419,0.372\n 
308.59,5650.02,0.281,5650.02,0.281,5650.02,0.281,5650.02,0.281,5650.02,0.281,5650.02,0.281,5650.02,0.281,5650.02,0.281,5650.02,0.281,5650.02,0.281,5650.02,0.281,5650.02,0.281,5650.02,0.281,5650.02,0.281,5650.02,0.281,5650.02,0.281\n 
312.5,5652.623,0.191,5652.623,0.191,5652.623,0.191,5652.623,0.191,5652.623,0.191,5652.623,0.191,5652.623,0.191,5652.623,0.191,5652.623,0.191,5652.623,0.191,5652.623,0.191,5652.623,0.191,5652.623,0.191,5652.623,0.191,5652.623,0.191,5652.623,0.191\n 
316.41,5655.226,0.102,5655.226,0.102,5655.226,0.102,5655.226,0.102,5655.226,0.102,5655.226,0.102,5655.226,0.102,5655.226,0.102,5655.226,0.102,5655.226,0.102,5655.226,0.102,5655.226,0.102,5655.226,0.102,5655.226,0.102,5655.226,0.102,5655.226,0.102\n 
320.31,5627.947,0.014,5627.947,0.014,5627.947,0.014,5627.947,0.014,5627.947,0.014,5627.947,0.014,5627.947,0.014,5627.947,0.014,5627.947,0.014,5627.947,0.014,5627.947,0.014,5627.947,0.014,5627.947,0.014,5627.947,0.014,5627.947,0.014,5627.947,0.014\n 
324.22,5598.22,-0.074,5598.22,-0.074,5598.22,-0.074,5598.22,-0.074,5598.22,-0.074,5598.22,-0.074,5598.22,-0.074,5598.22,-0.074,5598.22,-0.074,5598.22,-0.074,5598.22,-0.074,5598.22,-0.074,5598.22,-0.074,5598.22,-0.074,5598.22,-0.074,5598.22,-0.074\n 
328.12,5568.651,-0.16,5568.651,-0.16,5568.651,-0.16,5568.651,-0.16,5568.651,-0.16,5568.651,-0.16,5568.651,-0.16,5568.651,-0.16,5568.651,-0.16,5568.651,-0.16,5568.651,-0.16,5568.651,-0.16,5568.651,-0.16,5568.651,-0.16,5568.651,-0.16,5568.651,-0.16\n 
332.03,5539.238,-0.245,5539.238,-0.245,5539.238,-0.245,5539.238,-0.245,5539.238,-0.245,5539.238,-0.245,5539.238,-0.245,5539.238,-0.245,5539.238,-0.245,5539.238,-0.245,5539.238,-0.245,5539.238,-0.245,5539.238,-0.245,5539.238,-0.245,5539.238,-0.245,5539.238,-0.245\n 
335.94,5516.327,-0.33,5516.327,-0.33,5516.327,-0.33,5516.327,-0.33,5516.327,-0.33,5516.327,-0.33,5516.327,-0.33,5516.327,-0.33,5516.327,-0.33,5516.327,-0.33,5516.327,-0.33,5516.327,-0.33,5516.327,-0.33,5516.327,-0.33,5516.327,-0.33,5516.327,-0.33\n 
339.84,5496.674,-0.414,5496.674,-0.414,5496.674,-0.414,5496.674,-0.414,5496.674,-0.414,5496.674,-0.414,5496.674,-0.414,5496.674,-0.414,5496.674,-0.414,5496.674,-0.414,5496.674,-0.414,5496.674,-0.414,5496.674,-0.414,5496.674,-0.414,5496.674,-0.414,5496.674,-0.414\n 
343.75,5476.461,-0.497,5476.461,-0.497,5476.461,-0.497,5476.461,-0.497,5476.461,-0.497,5476.461,-0.497,5476.461,-0.497,5476.461,-0.497,5476.461,-0.497,5476.461,-0.497,5476.461,-0.497,5476.461,-0.497,5476.461,-0.497,5476.461,-0.497,5476.461,-0.497,5476.461,-0.497\n 
347.66,5456.95,-0.58,5456.95,-0.58,5456.95,-0.58,5456.95,-0.58,5456.95,-0.58,5456.95,-0.58,5456.95,-0.58,5456.95,-0.58,5456.95,-0.58,5456.95,-0.58,5456.95,-0.58,5456.95,-0.58,5456.95,-0.58,5456.95,-0.58,5456.95,-0.58,5456.95,-0.58\n 
351.56,5440.014,-0.662,5440.014,-0.662,5440.014,-0.662,5440.014,-0.662,5440.014,-0.662,5440.014,-0.662,5440.014,-0.662,5440.014,-0.662,5440.014,-0.662,5440.014,-0.662,5440.014,-0.662,5440.014,-0.662,5440.014,-0.662,5440.014,-0.662,5440.014,-0.662,5440.014,-0.662\n 
355.47,5428.127,-0.743,5428.127,-0.743,5428.127,-0.743,5428.127,-0.743,5428.127,-0.743,5428.127,-0.743,5428.127,-0.743,5428.127,-0.743,5428.127,-0.743,5428.127,-0.743,5428.127,-0.743,5428.127,-0.743,5428.127,-0.743,5428.127,-0.743,5428.127,-0.743,5428.127,-0.743\n 
359.37,5415.643,-0.823,5415.643,-0.823,5415.643,-0.823,5415.643,-0.823,5415.643,-0.823,5415.643,-0.823,5415.643,-0.823,5415.643,-0.823,5415.643,-0.823,5415.643,-0.823,5415.643,-0.823,5415.643,-0.823,5415.643,-0.823,5415.643,-0.823,5415.643,-0.823,5415.643,-0.823\n 
363.28,5403.809,-0.903,5403.809,-0.903,5403.809,-0.903,5403.809,-0.903,5403.809,-0.903,5403.809,-0.903,5403.809,-0.903,5403.809,-0.903,5403.809,-0.903,5403.809,-0.903,5403.809,-0.903,5403.809,-0.903,5403.809,-0.903,5403.809,-0.903,5403.809,-0.903,5403.809,-0.903\n 
367.19,5390.139,-0.983,5390.139,-0.983,5390.139,-0.983,5390.139,-0.983,5390.139,-0.983,5390.139,-0.983,5390.139,-0.983,5390.139,-0.983,5390.139,-0.983,5390.139,-0.983,5390.139,-0.983,5390.139,-0.983,5390.139,-0.983,5390.139,-0.983,5390.139,-0.983,5390.139,-0.983\n 
371.09,5368.463,-1.061,5368.463,-1.061,5368.463,-1.061,5368.463,-1.061,5368.463,-1.061,5368.463,-1.061,5368.463,-1.061,5368.463,-1.061,5368.463,-1.061,5368.463,-1.061,5368.463,-1.061,5368.463,-1.061,5368.463,-1.061,5368.463,-1.061,5368.463,-1.061,5368.463,-1.061\n 
375,5346.259,-1.14,5346.259,-1.14,5346.259,-1.14,5346.259,-1.14,5346.259,-1.14,5346.259,-1.14,5346.259,-1.14,5346.259,-1.14,5346.259,-1.14,5346.259,-1.14,5346.259,-1.14,5346.259,-1.14,5346.259,-1.14,5346.259,-1.14,5346.259,-1.14,5346.259,-1.14\n 
378.91,5324.76,-1.218,5324.76,-1.218,5324.76,-1.218,5324.76,-1.218,5324.76,-1.218,5324.76,-1.218,5324.76,-1.218,5324.76,-1.218,5324.76,-1.218,5324.76,-1.218,5324.76,-1.218,5324.76,-1.218,5324.76,-1.218,5324.76,-1.218,5324.76,-1.218,5324.76,-1.218\n 
382.81,5303.346,-1.295,5303.346,-1.295,5303.346,-1.295,5303.346,-1.295,5303.346,-1.295,5303.346,-1.295,5303.346,-1.295,5303.346,-1.295,5303.346,-1.295,5303.346,-1.295,5303.346,-1.295,5303.346,-1.295,5303.346,-1.295,5303.346,-1.295,5303.346,-1.295,5303.346,-1.295\n 
386.72,5313.736,-1.372,5313.736,-1.372,5313.736,-1.372,5313.736,-1.372,5313.736,-1.372,5313.736,-1.372,5313.736,-1.372,5313.736,-1.372,5313.736,-1.372,5313.736,-1.372,5313.736,-1.372,5313.736,-1.372,5313.736,-1.372,5313.736,-1.372,5313.736,-1.372,5313.736,-1.372\n 
390.62,5330.28,-1.449,5330.28,-1.449,5330.28,-1.449,5330.28,-1.449,5330.28,-1.449,5330.28,-1.449,5330.28,-1.449,5330.28,-1.449,5330.28,-1.449,5330.28,-1.449,5330.28,-1.449,5330.28,-1.449,5330.28,-1.449,5330.28,-1.449,5330.28,-1.449,5330.28,-1.449\n 
394.53,5346.259,-1.526,5346.259,-1.526,5346.259,-1.526,5346.259,-1.526,5346.259,-1.526,5346.259,-1.526,5346.259,-1.526,5346.259,-1.526,5346.259,-1.526,5346.259,-1.526,5346.259,-1.526,5346.259,-1.526,5346.259,-1.526,5346.259,-1.526,5346.259,-1.526,5346.259,-1.526\n 
398.44,5362.286,-1.603,5362.286,-1.603,5362.286,-1.603,5362.286,-1.603,5362.286,-1.603,5362.286,-1.603,5362.286,-1.603,5362.286,-1.603,5362.286,-1.603,5362.286,-1.603,5362.286,-1.603,5362.286,-1.603,5362.286,-1.603,5362.286,-1.603,5362.286,-1.603,5362.286,-1.603\n 
402.34,5355.5,-1.679,5355.5,-1.679,5355.5,-1.679,5355.5,-1.679,5355.5,-1.679,5355.5,-1.679,5355.5,-1.679,5355.5,-1.679,5355.5,-1.679,5355.5,-1.679,5355.5,-1.679,5355.5,-1.679,5355.5,-1.679,5355.5,-1.679,5355.5,-1.679,5355.5,-1.679\n 
406.25,5333.349,-1.757,5333.349,-1.757,5333.349,-1.757,5333.349,-1.757,5333.349,-1.757,5333.349,-1.757,5333.349,-1.757,5333.349,-1.757,5333.349,-1.757,5333.349,-1.757,5333.349,-1.757,5333.349,-1.757,5333.349,-1.757,5333.349,-1.757,5333.349,-1.757,5333.349,-1.757\n 
410.16,5311.29,-1.835,5311.29,-1.835,5311.29,-1.835,5311.29,-1.835,5311.29,-1.835,5311.29,-1.835,5311.29,-1.835,5311.29,-1.835,5311.29,-1.835,5311.29,-1.835,5311.29,-1.835,5311.29,-1.835,5311.29,-1.835,5311.29,-1.835,5311.29,-1.835,5311.29,-1.835\n 
414.06,5289.322,-1.914,5289.322,-1.914,5289.322,-1.914,5289.322,-1.914,5289.322,-1.914,5289.322,-1.914,5289.322,-1.914,5289.322,-1.914,5289.322,-1.914,5289.322,-1.914,5289.322,-1.914,5289.322,-1.914,5289.322,-1.914,5289.322,-1.914,5289.322,-1.914,5289.322,-1.914\n 
417.97,5248.075,-1.996,5248.075,-1.996,5248.075,-1.996,5248.075,-1.996,5248.075,-1.996,5248.075,-1.996,5248.075,-1.996,5248.075,-1.996,5248.075,-1.996,5248.075,-1.996,5248.075,-1.996,5248.075,-1.996,5248.075,-1.996,5248.075,-1.996,5248.075,-1.996,5248.075,-1.996\n 
421.87,5168.327,-2.079,5168.327,-2.079,5168.327,-2.079,5168.327,-2.079,5168.327,-2.079,5168.327,-2.079,5168.327,-2.079,5168.327,-2.079,5168.327,-2.079,5168.327,-2.079,5168.327,-2.079,5168.327,-2.079,5168.327,-2.079,5168.327,-2.079,5168.327,-2.079,5168.327,-2.079\n 
425.78,5089.206,-2.168,5089.206,-2.168,5089.206,-2.168,5089.206,-2.168,5089.206,-2.168,5089.206,-2.168,5089.206,-2.168,5089.206,-2.168,5089.206,-2.168,5089.206,-2.168,5089.206,-2.168,5089.206,-2.168,5089.206,-2.168,5089.206,-2.168,5089.206,-2.168,5089.206,-2.168\n 
429.69,5011.872,-2.263,5011.872,-2.263,5011.872,-2.263,5011.872,-2.263,5011.872,-2.263,5011.872,-2.263,5011.872,-2.263,5011.872,-2.263,5011.872,-2.263,5011.872,-2.263,5011.872,-2.263,5011.872,-2.263,5011.872,-2.263,5011.872,-2.263,5011.872,-2.263,5011.872,-2.263\n 
433.59,4531.584,-2.37,4531.584,-2.37,4531.584,-2.37,4531.584,-2.37,4531.584,-2.37,4531.584,-2.37,4531.584,-2.37,4531.584,-2.37,4531.584,-2.37,4531.584,-2.37,4531.584,-2.37,4531.584,-2.37,4531.584,-2.37,4531.584,-2.37,4531.584,-2.37,4531.584,-2.37/n
437.5,1197.567,-2.499,1197.567,-2.499,1197.567,-2.499,1197.567,-2.499,1197.567,-2.499,1197.567,-2.499,1197.567,-2.499,1197.567,-2.499,1197.567,-2.499,1197.567,-2.499,1197.567,-2.499,1197.567,-2.499,1197.567,-2.499,1197.567,-2.499,1197.567,-2.499,1197.567,-2.499\n 
441.41,316.446,-2.679,316.446,-2.679,316.446,-2.679,316.446,-2.679,316.446,-2.679,316.446,-2.679,316.446,-2.679,316.446,-2.679,316.446,-2.679,316.446,-2.679,316.446,-2.679,316.446,-2.679,316.446,-2.679,316.446,-2.679,316.446,-2.679,316.446,-2.679\n 
445.31,83.628,-3.018,83.628,-3.018,83.628,-3.018,83.628,-3.018,83.628,-3.018,83.628,-3.018,83.628,-3.018,83.628,-3.018,83.628,-3.018,83.628,-3.018,83.628,-3.018,83.628,-3.018,83.628,-3.018,83.628,-3.018,83.628,-3.018,83.628,-3.018\n 
449.22,22.1,2.531,22.1,2.531,22.1,2.531,22.1,2.531,22.1,2.531,22.1,2.531,22.1,2.531,22.1,2.531,22.1,2.531,22.1,2.531,22.1,2.531,22.1,2.531,22.1,2.531,22.1,2.531,22.1,2.531,22.1,2.531\n 
453.12,48.173,-0.366,48.173,-0.366,48.173,-0.366,48.173,-0.366,48.173,-0.366,48.173,-0.366,48.173,-0.366,48.173,-0.366,48.173,-0.366,48.173,-0.366,48.173,-0.366,48.173,-0.366,48.173,-0.366,48.173,-0.366,48.173,-0.366,48.173,-0.366\n 
457.03,179.453,-1.874,179.453,-1.874,179.453,-1.874,179.453,-1.874,179.453,-1.874,179.453,-1.874,179.453,-1.874,179.453,-1.874,179.453,-1.874,179.453,-1.874,179.453,-1.874,179.453,-1.874,179.453,-1.874,179.453,-1.874,179.453,-1.874,179.453,-1.874\n 
460.94,668.575,-2.207,668.575,-2.207,668.575,-2.207,668.575,-2.207,668.575,-2.207,668.575,-2.207,668.575,-2.207,668.575,-2.207,668.575,-2.207,668.575,-2.207,668.575,-2.207,668.575,-2.207,668.575,-2.207,668.575,-2.207,668.575,-2.207,668.575,-2.207\n 
464.84,2490.577,-2.386,2490.577,-2.386,2490.577,-2.386,2490.577,-2.386,2490.577,-2.386,2490.577,-2.386,2490.577,-2.386,2490.577,-2.386,2490.577,-2.386,2490.577,-2.386,2490.577,-2.386,2490.577,-2.386,2490.577,-2.386,2490.577,-2.386,2490.577,-2.386,2490.577,-2.386\n 
468.75,4673.045,-2.514,4673.045,-2.514,4673.045,-2.514,4673.045,-2.514,4673.045,-2.514,4673.045,-2.514,4673.045,-2.514,4673.045,-2.514,4673.045,-2.514,4673.045,-2.514,4673.045,-2.514,4673.045,-2.514,4673.045,-2.514,4673.045,-2.514,4673.045,-2.514,4673.045,-2.514\n 
472.66,4802.308,-2.619,4802.308,-2.619,4802.308,-2.619,4802.308,-2.619,4802.308,-2.619,4802.308,-2.619,4802.308,-2.619,4802.308,-2.619,4802.308,-2.619,4802.308,-2.619,4802.308,-2.619,4802.308,-2.619,4802.308,-2.619,4802.308,-2.619,4802.308,-2.619,4802.308,-2.619\n 
476.56,4934.578,-2.711,4934.578,-2.711,4934.578,-2.711,4934.578,-2.711,4934.578,-2.711,4934.578,-2.711,4934.578,-2.711,4934.578,-2.711,4934.578,-2.711,4934.578,-2.711,4934.578,-2.711,4934.578,-2.711,4934.578,-2.711,4934.578,-2.711,4934.578,-2.711,4934.578,-2.711\n 
480.47,5070.491,-2.795,5070.491,-2.795,5070.491,-2.795,5070.491,-2.795,5070.491,-2.795,5070.491,-2.795,5070.491,-2.795,5070.491,-2.795,5070.491,-2.795,5070.491,-2.795,5070.491,-2.795,5070.491,-2.795,5070.491,-2.795,5070.491,-2.795,5070.491,-2.795,5070.491,-2.795\n 
484.37,5174.877,-2.874,5174.877,-2.874,5174.877,-2.874,5174.877,-2.874,5174.877,-2.874,5174.877,-2.874,5174.877,-2.874,5174.877,-2.874,5174.877,-2.874,5174.877,-2.874,5174.877,-2.874,5174.877,-2.874,5174.877,-2.874,5174.877,-2.874,5174.877,-2.874,5174.877,-2.874\n 
488.28,5183.224,-2.95,5183.224,-2.95,5183.224,-2.95,5183.224,-2.95,5183.224,-2.95,5183.224,-2.95,5183.224,-2.95,5183.224,-2.95,5183.224,-2.95,5183.224,-2.95,5183.224,-2.95,5183.224,-2.95,5183.224,-2.95,5183.224,-2.95,5183.224,-2.95,5183.224,-2.95\n 
492.19,5190.988,-3.023,5190.988,-3.023,5190.988,-3.023,5190.988,-3.023,5190.988,-3.023,5190.988,-3.023,5190.988,-3.023,5190.988,-3.023,5190.988,-3.023,5190.988,-3.023,5190.988,-3.023,5190.988,-3.023,5190.988,-3.023,5190.988,-3.023,5190.988,-3.023,5190.988,-3.023\n 
496.09,5198.763,-3.095,5198.763,-3.095,5198.763,-3.095,5198.763,-3.095,5198.763,-3.095,5198.763,-3.095,5198.763,-3.095,5198.763,-3.095,5198.763,-3.095,5198.763,-3.095,5198.763,-3.095,5198.763,-3.095,5198.763,-3.095,5198.763,-3.095,5198.763,-3.095,5198.763,-3.095\n 
500,5206.549,3.118,5206.549,3.118,5206.549,3.118,5206.549,3.118,5206.549,3.118,5206.549,3.118,5206.549,3.118,5206.549,3.118,5206.549,3.118,5206.549,3.118,5206.549,3.118,5206.549,3.118,5206.549,3.118,5206.549,3.118,5206.549,3.118,5206.549,3.118\n 
503.91,5205.351,3.048,5205.351,3.048,5205.351,3.048,5205.351,3.048,5205.351,3.048,5205.351,3.048,5205.351,3.048,5205.351,3.048,5205.351,3.048,5205.351,3.048,5205.351,3.048,5205.351,3.048,5205.351,3.048,5205.351,3.048,5205.351,3.048,5205.351,3.048\n 
507.81,5204.752,2.98,5204.752,2.98,5204.752,2.98,5204.752,2.98,5204.752,2.98,5204.752,2.98,5204.752,2.98,5204.752,2.98,5204.752,2.98,5204.752,2.98,5204.752,2.98,5204.752,2.98,5204.752,2.98,5204.752,2.98,5204.752,2.98,5204.752,2.98\n 
511.72,5203.553,2.912,5203.553,2.912,5203.553,2.912,5203.553,2.912,5203.553,2.912,5203.553,2.912,5203.553,2.912,5203.553,2.912,5203.553,2.912,5203.553,2.912,5203.553,2.912,5203.553,2.912,5203.553,2.912,5203.553,2.912,5203.553,2.912,5203.553,2.912\n 
515.62,5202.355,2.844,5202.355,2.844,5202.355,2.844,5202.355,2.844,5202.355,2.844,5202.355,2.844,5202.355,2.844,5202.355,2.844,5202.355,2.844,5202.355,2.844,5202.355,2.844,5202.355,2.844,5202.355,2.844,5202.355,2.844,5202.355,2.844,5202.355,2.844\n 
519.53,5196.967,2.776,5196.967,2.776,5196.967,2.776,5196.967,2.776,5196.967,2.776,5196.967,2.776,5196.967,2.776,5196.967,2.776,5196.967,2.776,5196.967,2.776,5196.967,2.776,5196.967,2.776,5196.967,2.776,5196.967,2.776,5196.967,2.776,5196.967,2.776\n 
523.44,5189.195,2.709,5189.195,2.709,5189.195,2.709,5189.195,2.709,5189.195,2.709,5189.195,2.709,5189.195,2.709,5189.195,2.709,5189.195,2.709,5189.195,2.709,5189.195,2.709,5189.195,2.709,5189.195,2.709,5189.195,2.709,5189.195,2.709,5189.195,2.709\n 
527.34,5181.434,2.642,5181.434,2.642,5181.434,2.642,5181.434,2.642,5181.434,2.642,5181.434,2.642,5181.434,2.642,5181.434,2.642,5181.434,2.642,5181.434,2.642,5181.434,2.642,5181.434,2.642,5181.434,2.642,5181.434,2.642,5181.434,2.642,5181.434,2.642\n 
531.25,5173.685,2.574,5173.685,2.574,5173.685,2.574,5173.685,2.574,5173.685,2.574,5173.685,2.574,5173.685,2.574,5173.685,2.574,5173.685,2.574,5173.685,2.574,5173.685,2.574,5173.685,2.574,5173.685,2.574,5173.685,2.574,5173.685,2.574,5173.685,2.574\n 
535.16,5161.786,2.507,5161.786,2.507,5161.786,2.507,5161.786,2.507,5161.786,2.507,5161.786,2.507,5161.786,2.507,5161.786,2.507,5161.786,2.507,5161.786,2.507,5161.786,2.507,5161.786,2.507,5161.786,2.507,5161.786,2.507,5161.786,2.507,5161.786,2.507\n 
539.06,5144.581,2.439,5144.581,2.439,5144.581,2.439,5144.581,2.439,5144.581,2.439,5144.581,2.439,5144.581,2.439,5144.581,2.439,5144.581,2.439,5144.581,2.439,5144.581,2.439,5144.581,2.439,5144.581,2.439,5144.581,2.439,5144.581,2.439,5144.581,2.439\n 
542.97,5127.433,2.371,5127.433,2.371,5127.433,2.371,5127.433,2.371,5127.433,2.371,5127.433,2.371,5127.433,2.371,5127.433,2.371,5127.433,2.371,5127.433,2.371,5127.433,2.371,5127.433,2.371,5127.433,2.371,5127.433,2.371,5127.433,2.371,5127.433,2.371\n 
546.87,5110.342,2.303,5110.342,2.303,5110.342,2.303,5110.342,2.303,5110.342,2.303,5110.342,2.303,5110.342,2.303,5110.342,2.303,5110.342,2.303,5110.342,2.303,5110.342,2.303,5110.342,2.303,5110.342,2.303,5110.342,2.303,5110.342,2.303,5110.342,2.303\n 
550.78,5088.034,2.235,5088.034,2.235,5088.034,2.235,5088.034,2.235,5088.034,2.235,5088.034,2.235,5088.034,2.235,5088.034,2.235,5088.034,2.235,5088.034,2.235,5088.034,2.235,5088.034,2.235,5088.034,2.235,5088.034,2.235,5088.034,2.235,5088.034,2.235\n 
554.69,5045.451,2.166,5045.451,2.166,5045.451,2.166,5045.451,2.166,5045.451,2.166,5045.451,2.166,5045.451,2.166,5045.451,2.166,5045.451,2.166,5045.451,2.166,5045.451,2.166,5045.451,2.166,5045.451,2.166,5045.451,2.166,5045.451,2.166,5045.451,2.166\n 
558.59,5003.801,2.097,5003.801,2.097,5003.801,2.097,5003.801,2.097,5003.801,2.097,5003.801,2.097,5003.801,2.097,5003.801,2.097,5003.801,2.097,5003.801,2.097,5003.801,2.097,5003.801,2.097,5003.801,2.097,5003.801,2.097,5003.801,2.097,5003.801,2.097\n 
562.5,4961.923,2.027,4961.923,2.027,4961.923,2.027,4961.923,2.027,4961.923,2.027,4961.923,2.027,4961.923,2.027,4961.923,2.027,4961.923,2.027,4961.923,2.027,4961.923,2.027,4961.923,2.027,4961.923,2.027,4961.923,2.027,4961.923,2.027,4961.923,2.027\n 
566.41,4920.395,1.956,4920.395,1.956,4920.395,1.956,4920.395,1.956,4920.395,1.956,4920.395,1.956,4920.395,1.956,4920.395,1.956,4920.395,1.956,4920.395,1.956,4920.395,1.956,4920.395,1.956,4920.395,1.956,4920.395,1.956,4920.395,1.956,4920.395,1.956\n 
570.31,4904.559,1.885,4904.559,1.885,4904.559,1.885,4904.559,1.885,4904.559,1.885,4904.559,1.885,4904.559,1.885,4904.559,1.885,4904.559,1.885,4904.559,1.885,4904.559,1.885,4904.559,1.885,4904.559,1.885,4904.559,1.885,4904.559,1.885,4904.559,1.885\n 
574.22,4891.026,1.814,4891.026,1.814,4891.026,1.814,4891.026,1.814,4891.026,1.814,4891.026,1.814,4891.026,1.814,4891.026,1.814,4891.026,1.814,4891.026,1.814,4891.026,1.814,4891.026,1.814,4891.026,1.814,4891.026,1.814,4891.026,1.814,4891.026,1.814\n 
578.12,4876.969,1.742,4876.969,1.742,4876.969,1.742,4876.969,1.742,4876.969,1.742,4876.969,1.742,4876.969,1.742,4876.969,1.742,4876.969,1.742,4876.969,1.742,4876.969,1.742,4876.969,1.742,4876.969,1.742,4876.969,1.742,4876.969,1.742,4876.969,1.742\n 
582.03,4863.512,1.669,4863.512,1.669,4863.512,1.669,4863.512,1.669,4863.512,1.669,4863.512,1.669,4863.512,1.669,4863.512,1.669,4863.512,1.669,4863.512,1.669,4863.512,1.669,4863.512,1.669,4863.512,1.669,4863.512,1.669,4863.512,1.669,4863.512,1.669\n 
585.94,4840.052,1.595,4840.052,1.595,4840.052,1.595,4840.052,1.595,4840.052,1.595,4840.052,1.595,4840.052,1.595,4840.052,1.595,4840.052,1.595,4840.052,1.595,4840.052,1.595,4840.052,1.595,4840.052,1.595,4840.052,1.595,4840.052,1.595,4840.052,1.595\n 
589.84,4812.27,1.521,4812.27,1.521,4812.27,1.521,4812.27,1.521,4812.27,1.521,4812.27,1.521,4812.27,1.521,4812.27,1.521,4812.27,1.521,4812.27,1.521,4812.27,1.521,4812.27,1.521,4812.27,1.521,4812.27,1.521,4812.27,1.521,4812.27,1.521\n 
593.75,4784.648,1.445,4784.648,1.445,4784.648,1.445,4784.648,1.445,4784.648,1.445,4784.648,1.445,4784.648,1.445,4784.648,1.445,4784.648,1.445,4784.648,1.445,4784.648,1.445,4784.648,1.445,4784.648,1.445,4784.648,1.445,4784.648,1.445,4784.648,1.445\n 
597.66,4757.185,1.369,4757.185,1.369,4757.185,1.369,4757.185,1.369,4757.185,1.369,4757.185,1.369,4757.185,1.369,4757.185,1.369,4757.185,1.369,4757.185,1.369,4757.185,1.369,4757.185,1.369,4757.185,1.369,4757.185,1.369,4757.185,1.369,4757.185,1.369\n 
601.56,4738.599,1.292,4738.599,1.292,4738.599,1.292,4738.599,1.292,4738.599,1.292,4738.599,1.292,4738.599,1.292,4738.599,1.292,4738.599,1.292,4738.599,1.292,4738.599,1.292,4738.599,1.292,4738.599,1.292,4738.599,1.292,4738.599,1.292,4738.599,1.292\n 
605.47,4733.692,1.215,4733.692,1.215,4733.692,1.215,4733.692,1.215,4733.692,1.215,4733.692,1.215,4733.692,1.215,4733.692,1.215,4733.692,1.215,4733.692,1.215,4733.692,1.215,4733.692,1.215,4733.692,1.215,4733.692,1.215,4733.692,1.215,4733.692,1.215\n 
609.37,4728.245,1.136,4728.245,1.136,4728.245,1.136,4728.245,1.136,4728.245,1.136,4728.245,1.136,4728.245,1.136,4728.245,1.136,4728.245,1.136,4728.245,1.136,4728.245,1.136,4728.245,1.136,4728.245,1.136,4728.245,1.136,4728.245,1.136,4728.245,1.136\n 
613.28,4723.349,1.056,4723.349,1.056,4723.349,1.056,4723.349,1.056,4723.349,1.056,4723.349,1.056,4723.349,1.056,4723.349,1.056,4723.349,1.056,4723.349,1.056,4723.349,1.056,4723.349,1.056,4723.349,1.056,4723.349,1.056,4723.349,1.056,4723.349,1.056\n 
617.19,4717.371,0.976,4717.371,0.976,4717.371,0.976,4717.371,0.976,4717.371,0.976,4717.371,0.976,4717.371,0.976,4717.371,0.976,4717.371,0.976,4717.371,0.976,4717.371,0.976,4717.371,0.976,4717.371,0.976,4717.371,0.976,4717.371,0.976,4717.371,0.976\n 
621.09,4704.896,0.894,4704.896,0.894,4704.896,0.894,4704.896,0.894,4704.896,0.894,4704.896,0.894,4704.896,0.894,4704.896,0.894,4704.896,0.894,4704.896,0.894,4704.896,0.894,4704.896,0.894,4704.896,0.894,4704.896,0.894,4704.896,0.894,4704.896,0.894\n 
625,4692.454,0.812,4692.454,0.812,4692.454,0.812,4692.454,0.812,4692.454,0.812,4692.454,0.812,4692.454,0.812,4692.454,0.812,4692.454,0.812,4692.454,0.812,4692.454,0.812,4692.454,0.812,4692.454,0.812,4692.454,0.812,4692.454,0.812,4692.454,0.812\n 
628.91,4680.045,0.728,4680.045,0.728,4680.045,0.728,4680.045,0.728,4680.045,0.728,4680.045,0.728,4680.045,0.728,4680.045,0.728,4680.045,0.728,4680.045,0.728,4680.045,0.728,4680.045,0.728,4680.045,0.728,4680.045,0.728,4680.045,0.728,4680.045,0.728\n 
632.81,4667.668,0.643,4667.668,0.643,4667.668,0.643,4667.668,0.643,4667.668,0.643,4667.668,0.643,4667.668,0.643,4667.668,0.643,4667.668,0.643,4667.668,0.643,4667.668,0.643,4667.668,0.643,4667.668,0.643,4667.668,0.643,4667.668,0.643,4667.668,0.643\n 
636.72,4673.045,0.558,4673.045,0.558,4673.045,0.558,4673.045,0.558,4673.045,0.558,4673.045,0.558,4673.045,0.558,4673.045,0.558,4673.045,0.558,4673.045,0.558,4673.045,0.558,4673.045,0.558,4673.045,0.558,4673.045,0.558,4673.045,0.558,4673.045,0.558\n 
640.62,4681.661,0.471,4681.661,0.471,4681.661,0.471,4681.661,0.471,4681.661,0.471,4681.661,0.471,4681.661,0.471,4681.661,0.471,4681.661,0.471,4681.661,0.471,4681.661,0.471,4681.661,0.471,4681.661,0.471,4681.661,0.471,4681.661,0.471,4681.661,0.471\n 
644.53,4689.753,0.384,4689.753,0.384,4689.753,0.384,4689.753,0.384,4689.753,0.384,4689.753,0.384,4689.753,0.384,4689.753,0.384,4689.753,0.384,4689.753,0.384,4689.753,0.384,4689.753,0.384,4689.753,0.384,4689.753,0.384,4689.753,0.384,4689.753,0.384\n 
648.44,4698.4,0.295,4698.4,0.295,4698.4,0.295,4698.4,0.295,4698.4,0.295,4698.4,0.295,4698.4,0.295,4698.4,0.295,4698.4,0.295,4698.4,0.295,4698.4,0.295,4698.4,0.295,4698.4,0.295,4698.4,0.295,4698.4,0.295,4698.4,0.295\n 
652.34,4682.74,0.205,4682.74,0.205,4682.74,0.205,4682.74,0.205,4682.74,0.205,4682.74,0.205,4682.74,0.205,4682.74,0.205,4682.74,0.205,4682.74,0.205,4682.74,0.205,4682.74,0.205,4682.74,0.205,4682.74,0.205,4682.74,0.205,4682.74,0.205\n 
656.25,4651.575,0.115,4651.575,0.115,4651.575,0.115,4651.575,0.115,4651.575,0.115,4651.575,0.115,4651.575,0.115,4651.575,0.115,4651.575,0.115,4651.575,0.115,4651.575,0.115,4651.575,0.115,4651.575,0.115,4651.575,0.115,4651.575,0.115,4651.575,0.115\n 
660.16,4620.617,0.023,4620.617,0.023,4620.617,0.023,4620.617,0.023,4620.617,0.023,4620.617,0.023,4620.617,0.023,4620.617,0.023,4620.617,0.023,4620.617,0.023,4620.617,0.023,4620.617,0.023,4620.617,0.023,4620.617,0.023,4620.617,0.023,4620.617,0.023\n 
664.06,4589.866,-0.07,4589.866,-0.07,4589.866,-0.07,4589.866,-0.07,4589.866,-0.07,4589.866,-0.07,4589.866,-0.07,4589.866,-0.07,4589.866,-0.07,4589.866,-0.07,4589.866,-0.07,4589.866,-0.07,4589.866,-0.07,4589.866,-0.07,4589.866,-0.07,4589.866,-0.07\n 
667.97,4564.046,-0.164,4564.046,-0.164,4564.046,-0.164,4564.046,-0.164,4564.046,-0.164,4564.046,-0.164,4564.046,-0.164,4564.046,-0.164,4564.046,-0.164,4564.046,-0.164,4564.046,-0.164,4564.046,-0.164,4564.046,-0.164,4564.046,-0.164,4564.046,-0.164,4564.046,-0.164\n 
671.87,4548.833,-0.259,4548.833,-0.259,4548.833,-0.259,4548.833,-0.259,4548.833,-0.259,4548.833,-0.259,4548.833,-0.259,4548.833,-0.259,4548.833,-0.259,4548.833,-0.259,4548.833,-0.259,4548.833,-0.259,4548.833,-0.259,4548.833,-0.259,4548.833,-0.259,4548.833,-0.259\n 
675.78,4533.671,-0.355,4533.671,-0.355,4533.671,-0.355,4533.671,-0.355,4533.671,-0.355,4533.671,-0.355,4533.671,-0.355,4533.671,-0.355,4533.671,-0.355,4533.671,-0.355,4533.671,-0.355,4533.671,-0.355,4533.671,-0.355,4533.671,-0.355,4533.671,-0.355,4533.671,-0.355\n 
679.69,4518.559,-0.452,4518.559,-0.452,4518.559,-0.452,4518.559,-0.452,4518.559,-0.452,4518.559,-0.452,4518.559,-0.452,4518.559,-0.452,4518.559,-0.452,4518.559,-0.452,4518.559,-0.452,4518.559,-0.452,4518.559,-0.452,4518.559,-0.452,4518.559,-0.452,4518.559,-0.452\n 
683.59,4504.017,-0.55,4504.017,-0.55,4504.017,-0.55,4504.017,-0.55,4504.017,-0.55,4504.017,-0.55,4504.017,-0.55,4504.017,-0.55,4504.017,-0.55,4504.017,-0.55,4504.017,-0.55,4504.017,-0.55,4504.017,-0.55,4504.017,-0.55,4504.017,-0.55,4504.017,-0.55\n 
687.5,4500.388,-0.65,4500.388,-0.65,4500.388,-0.65,4500.388,-0.65,4500.388,-0.65,4500.388,-0.65,4500.388,-0.65,4500.388,-0.65,4500.388,-0.65,4500.388,-0.65,4500.388,-0.65,4500.388,-0.65,4500.388,-0.65,4500.388,-0.65,4500.388,-0.65,4500.388,-0.65\n 
691.41,4496.763,-0.751,4496.763,-0.751,4496.763,-0.751,4496.763,-0.751,4496.763,-0.751,4496.763,-0.751,4496.763,-0.751,4496.763,-0.751,4496.763,-0.751,4496.763,-0.751,4496.763,-0.751,4496.763,-0.751,4496.763,-0.751,4496.763,-0.751,4496.763,-0.751,4496.763,-0.751\n 
695.31,4493.141,-0.852,4493.141,-0.852,4493.141,-0.852,4493.141,-0.852,4493.141,-0.852,4493.141,-0.852,4493.141,-0.852,4493.141,-0.852,4493.141,-0.852,4493.141,-0.852,4493.141,-0.852,4493.141,-0.852,4493.141,-0.852,4493.141,-0.852,4493.141,-0.852,4493.141,-0.852\n 
699.22,4489.521,-0.956,4489.521,-0.956,4489.521,-0.956,4489.521,-0.956,4489.521,-0.956,4489.521,-0.956,4489.521,-0.956,4489.521,-0.956,4489.521,-0.956,4489.521,-0.956,4489.521,-0.956,4489.521,-0.956,4489.521,-0.956,4489.521,-0.956,4489.521,-0.956,4489.521,-0.956\n 
703.12,4478.164,-1.06,4478.164,-1.06,4478.164,-1.06,4478.164,-1.06,4478.164,-1.06,4478.164,-1.06,4478.164,-1.06,4478.164,-1.06,4478.164,-1.06,4478.164,-1.06,4478.164,-1.06,4478.164,-1.06,4478.164,-1.06,4478.164,-1.06,4478.164,-1.06,4478.164,-1.06\n 
707.03,4465.293,-1.166,4465.293,-1.166,4465.293,-1.166,4465.293,-1.166,4465.293,-1.166,4465.293,-1.166,4465.293,-1.166,4465.293,-1.166,4465.293,-1.166,4465.293,-1.166,4465.293,-1.166,4465.293,-1.166,4465.293,-1.166,4465.293,-1.166,4465.293,-1.166,4465.293,-1.166\n 
710.94,4452.46,-1.274,4452.46,-1.274,4452.46,-1.274,4452.46,-1.274,4452.46,-1.274,4452.46,-1.274,4452.46,-1.274,4452.46,-1.274,4452.46,-1.274,4452.46,-1.274,4452.46,-1.274,4452.46,-1.274,4452.46,-1.274,4452.46,-1.274,4452.46,-1.274,4452.46,-1.274\n 
714.84,4439.663,-1.383,4439.663,-1.383,4439.663,-1.383,4439.663,-1.383,4439.663,-1.383,4439.663,-1.383,4439.663,-1.383,4439.663,-1.383,4439.663,-1.383,4439.663,-1.383,4439.663,-1.383,4439.663,-1.383,4439.663,-1.383,4439.663,-1.383,4439.663,-1.383,4439.663,-1.383\n 
718.75,4415.704,-1.494,4415.704,-1.494,4415.704,-1.494,4415.704,-1.494,4415.704,-1.494,4415.704,-1.494,4415.704,-1.494,4415.704,-1.494,4415.704,-1.494,4415.704,-1.494,4415.704,-1.494,4415.704,-1.494,4415.704,-1.494,4415.704,-1.494,4415.704,-1.494,4415.704,-1.494\n 
722.66,4381.774,-1.607,4381.774,-1.607,4381.774,-1.607,4381.774,-1.607,4381.774,-1.607,4381.774,-1.607,4381.774,-1.607,4381.774,-1.607,4381.774,-1.607,4381.774,-1.607,4381.774,-1.607,4381.774,-1.607,4381.774,-1.607,4381.774,-1.607,4381.774,-1.607,4381.774,-1.607\n 
726.56,4348.105,-1.721,4348.105,-1.721,4348.105,-1.721,4348.105,-1.721,4348.105,-1.721,4348.105,-1.721,4348.105,-1.721,4348.105,-1.721,4348.105,-1.721,4348.105,-1.721,4348.105,-1.721,4348.105,-1.721,4348.105,-1.721,4348.105,-1.721,4348.105,-1.721,4348.105,-1.721\n 
730.47,4314.694,-1.838,4314.694,-1.838,4314.694,-1.838,4314.694,-1.838,4314.694,-1.838,4314.694,-1.838,4314.694,-1.838,4314.694,-1.838,4314.694,-1.838,4314.694,-1.838,4314.694,-1.838,4314.694,-1.838,4314.694,-1.838,4314.694,-1.838,4314.694,-1.838,4314.694,-1.838\n 
734.37,4292.892,-1.958,4292.892,-1.958,4292.892,-1.958,4292.892,-1.958,4292.892,-1.958,4292.892,-1.958,4292.892,-1.958,4292.892,-1.958,4292.892,-1.958,4292.892,-1.958,4292.892,-1.958,4292.892,-1.958,4292.892,-1.958,4292.892,-1.958,4292.892,-1.958,4292.892,-1.958\n 
738.28,4304.275,-2.08,4304.275,-2.08,4304.275,-2.08,4304.275,-2.08,4304.275,-2.08,4304.275,-2.08,4304.275,-2.08,4304.275,-2.08,4304.275,-2.08,4304.275,-2.08,4304.275,-2.08,4304.275,-2.08,4304.275,-2.08,4304.275,-2.08,4304.275,-2.08,4304.275,-2.08\n 
742.19,4315.191,-2.205,4315.191,-2.205,4315.191,-2.205,4315.191,-2.205,4315.191,-2.205,4315.191,-2.205,4315.191,-2.205,4315.191,-2.205,4315.191,-2.205,4315.191,-2.205,4315.191,-2.205,4315.191,-2.205,4315.191,-2.205,4315.191,-2.205,4315.191,-2.205,4315.191,-2.205\n 
746.09,4326.134,-2.333,4326.134,-2.333,4326.134,-2.333,4326.134,-2.333,4326.134,-2.333,4326.134,-2.333,4326.134,-2.333,4326.134,-2.333,4326.134,-2.333,4326.134,-2.333,4326.134,-2.333,4326.134,-2.333,4326.134,-2.333,4326.134,-2.333,4326.134,-2.333,4326.134,-2.333\n 
750,4337.106,-2.465,4337.106,-2.465,4337.106,-2.465,4337.106,-2.465,4337.106,-2.465,4337.106,-2.465,4337.106,-2.465,4337.106,-2.465,4337.106,-2.465,4337.106,-2.465,4337.106,-2.465,4337.106,-2.465,4337.106,-2.465,4337.106,-2.465,4337.106,-2.465,4337.106,-2.465\n 
753.91,4286.966,-2.601,4286.966,-2.601,4286.966,-2.601,4286.966,-2.601,4286.966,-2.601,4286.966,-2.601,4286.966,-2.601,4286.966,-2.601,4286.966,-2.601,4286.966,-2.601,4286.966,-2.601,4286.966,-2.601,4286.966,-2.601,4286.966,-2.601,4286.966,-2.601,4286.966,-2.601\n 
757.81,4237.405,-2.74,4237.405,-2.74,4237.405,-2.74,4237.405,-2.74,4237.405,-2.74,4237.405,-2.74,4237.405,-2.74,4237.405,-2.74,4237.405,-2.74,4237.405,-2.74,4237.405,-2.74,4237.405,-2.74,4237.405,-2.74,4237.405,-2.74,4237.405,-2.74,4237.405,-2.74\n 
761.72,4188.418,-2.884,4188.418,-2.884,4188.418,-2.884,4188.418,-2.884,4188.418,-2.884,4188.418,-2.884,4188.418,-2.884,4188.418,-2.884,4188.418,-2.884,4188.418,-2.884,4188.418,-2.884,4188.418,-2.884,4188.418,-2.884,4188.418,-2.884,4188.418,-2.884,4188.418,-2.884\n 
765.62,4139.52,-3.033,4139.52,-3.033,4139.52,-3.033,4139.52,-3.033,4139.52,-3.033,4139.52,-3.033,4139.52,-3.033,4139.52,-3.033,4139.52,-3.033,4139.52,-3.033,4139.52,-3.033,4139.52,-3.033,4139.52,-3.033,4139.52,-3.033,4139.52,-3.033,4139.52,-3.033\n 
769.53,4089.781,3.097,4089.781,3.097,4089.781,3.097,4089.781,3.097,4089.781,3.097,4089.781,3.097,4089.781,3.097,4089.781,3.097,4089.781,3.097,4089.781,3.097,4089.781,3.097,4089.781,3.097,4089.781,3.097,4089.781,3.097,4089.781,3.097,4089.781,3.097\n 
773.44,4039.708,2.937,4039.708,2.937,4039.708,2.937,4039.708,2.937,4039.708,2.937,4039.708,2.937,4039.708,2.937,4039.708,2.937,4039.708,2.937,4039.708,2.937,4039.708,2.937,4039.708,2.937,4039.708,2.937,4039.708,2.937,4039.708,2.937,4039.708,2.937\n 
777.34,3989.79,2.771,3989.79,2.771,3989.79,2.771,3989.79,2.771,3989.79,2.771,3989.79,2.771,3989.79,2.771,3989.79,2.771,3989.79,2.771,3989.79,2.771,3989.79,2.771,3989.79,2.771,3989.79,2.771,3989.79,2.771,3989.79,2.771,3989.79,2.771\n 
781.25,3940.942,2.598,3940.942,2.598,3940.942,2.598,3940.942,2.598,3940.942,2.598,3940.942,2.598,3940.942,2.598,3940.942,2.598,3940.942,2.598,3940.942,2.598,3940.942,2.598,3940.942,2.598,3940.942,2.598,3940.942,2.598,3940.942,2.598,3940.942,2.598\n 
785.16,3897.176,2.417,3897.176,2.417,3897.176,2.417,3897.176,2.417,3897.176,2.417,3897.176,2.417,3897.176,2.417,3897.176,2.417,3897.176,2.417,3897.176,2.417,3897.176,2.417,3897.176,2.417,3897.176,2.417,3897.176,2.417,3897.176,2.417,3897.176,2.417\n 
789.06,3859.224,2.228,3859.224,2.228,3859.224,2.228,3859.224,2.228,3859.224,2.228,3859.224,2.228,3859.224,2.228,3859.224,2.228,3859.224,2.228,3859.224,2.228,3859.224,2.228,3859.224,2.228,3859.224,2.228,3859.224,2.228,3859.224,2.228,3859.224,2.228\n 
792.97,3821.202,2.028,3821.202,2.028,3821.202,2.028,3821.202,2.028,3821.202,2.028,3821.202,2.028,3821.202,2.028,3821.202,2.028,3821.202,2.028,3821.202,2.028,3821.202,2.028,3821.202,2.028,3821.202,2.028,3821.202,2.028,3821.202,2.028,3821.202,2.028\n 
796.87,3783.99,1.817,3783.99,1.817,3783.99,1.817,3783.99,1.817,3783.99,1.817,3783.99,1.817,3783.99,1.817,3783.99,1.817,3783.99,1.817,3783.99,1.817,3783.99,1.817,3783.99,1.817,3783.99,1.817,3783.99,1.817,3783.99,1.817,3783.99,1.817\n 
800.78,3741.106,1.592,3741.106,1.592,3741.106,1.592,3741.106,1.592,3741.106,1.592,3741.106,1.592,3741.106,1.592,3741.106,1.592,3741.106,1.592,3741.106,1.592,3741.106,1.592,3741.106,1.592,3741.106,1.592,3741.106,1.592,3741.106,1.592,3741.106,1.592\n 
804.69,3675.361,1.351,3675.361,1.351,3675.361,1.351,3675.361,1.351,3675.361,1.351,3675.361,1.351,3675.361,1.351,3675.361,1.351,3675.361,1.351,3675.361,1.351,3675.361,1.351,3675.361,1.351,3675.361,1.351,3675.361,1.351,3675.361,1.351,3675.361,1.351\n 
808.59,3610.771,1.09,3610.771,1.09,3610.771,1.09,3610.771,1.09,3610.771,1.09,3610.771,1.09,3610.771,1.09,3610.771,1.09,3610.771,1.09,3610.771,1.09,3610.771,1.09,3610.771,1.09,3610.771,1.09,3610.771,1.09,3610.771,1.09,3610.771,1.09\n 
812.5,3547.317,0.806,3547.317,0.806,3547.317,0.806,3547.317,0.806,3547.317,0.806,3547.317,0.806,3547.317,0.806,3547.317,0.806,3547.317,0.806,3547.317,0.806,3547.317,0.806,3547.317,0.806,3547.317,0.806,3547.317,0.806,3547.317,0.806,3547.317,0.806\n 
816.41,3485.379,0.494,3485.379,0.494,3485.379,0.494,3485.379,0.494,3485.379,0.494,3485.379,0.494,3485.379,0.494,3485.379,0.494,3485.379,0.494,3485.379,0.494,3485.379,0.494,3485.379,0.494,3485.379,0.494,3485.379,0.494,3485.379,0.494,3485.379,0.494\n 
820.31,3382.984,0.155,3382.984,0.155,3382.984,0.155,3382.984,0.155,3382.984,0.155,3382.984,0.155,3382.984,0.155,3382.984,0.155,3382.984,0.155,3382.984,0.155,3382.984,0.155,3382.984,0.155,3382.984,0.155,3382.984,0.155,3382.984,0.155,3382.984,0.155\n 
824.22,3280.953,-0.21,3280.953,-0.21,3280.953,-0.21,3280.953,-0.21,3280.953,-0.21,3280.953,-0.21,3280.953,-0.21,3280.953,-0.21,3280.953,-0.21,3280.953,-0.21,3280.953,-0.21,3280.953,-0.21,3280.953,-0.21,3280.953,-0.21,3280.953,-0.21,3280.953,-0.21\n 
828.12,3181.632,-0.591,3181.632,-0.591,3181.632,-0.591,3181.632,-0.591,3181.632,-0.591,3181.632,-0.591,3181.632,-0.591,3181.632,-0.591,3181.632,-0.591,3181.632,-0.591,3181.632,-0.591,3181.632,-0.591,3181.632,-0.591,3181.632,-0.591,3181.632,-0.591,3181.632,-0.591\n 
832.03,3085.674,-0.975,3085.674,-0.975,3085.674,-0.975,3085.674,-0.975,3085.674,-0.975,3085.674,-0.975,3085.674,-0.975,3085.674,-0.975,3085.674,-0.975,3085.674,-0.975,3085.674,-0.975,3085.674,-0.975,3085.674,-0.975,3085.674,-0.975,3085.674,-0.975,3085.674,-0.975\n 
835.94,2662.257,-1.349,2662.257,-1.349,2662.257,-1.349,2662.257,-1.349,2662.257,-1.349,2662.257,-1.349,2662.257,-1.349,2662.257,-1.349,2662.257,-1.349,2662.257,-1.349,2662.257,-1.349,2662.257,-1.349,2662.257,-1.349,2662.257,-1.349,2662.257,-1.349,2662.257,-1.349\n 
839.84,2164.213,-1.705,2164.213,-1.705,2164.213,-1.705,2164.213,-1.705,2164.213,-1.705,2164.213,-1.705,2164.213,-1.705,2164.213,-1.705,2164.213,-1.705,2164.213,-1.705,2164.213,-1.705,2164.213,-1.705,2164.213,-1.705,2164.213,-1.705,2164.213,-1.705,2164.213,-1.705\n 
843.75,1759.341,-2.046,1759.341,-2.046,1759.341,-2.046,1759.341,-2.046,1759.341,-2.046,1759.341,-2.046,1759.341,-2.046,1759.341,-2.046,1759.341,-2.046,1759.341,-2.046,1759.341,-2.046,1759.341,-2.046,1759.341,-2.046,1759.341,-2.046,1759.341,-2.046,1759.341,-2.046\n 
847.66,1430.211,-2.376,1430.211,-2.376,1430.211,-2.376,1430.211,-2.376,1430.211,-2.376,1430.211,-2.376,1430.211,-2.376,1430.211,-2.376,1430.211,-2.376,1430.211,-2.376,1430.211,-2.376,1430.211,-2.376,1430.211,-2.376,1430.211,-2.376,1430.211,-2.376,1430.211,-2.376\n 
851.56,1086.301,-2.705,1086.301,-2.705,1086.301,-2.705,1086.301,-2.705,1086.301,-2.705,1086.301,-2.705,1086.301,-2.705,1086.301,-2.705,1086.301,-2.705,1086.301,-2.705,1086.301,-2.705,1086.301,-2.705,1086.301,-2.705,1086.301,-2.705,1086.301,-2.705,1086.301,-2.705\n 
855.47,743.618,-3.048,743.618,-3.048,743.618,-3.048,743.618,-3.048,743.618,-3.048,743.618,-3.048,743.618,-3.048,743.618,-3.048,743.618,-3.048,743.618,-3.048,743.618,-3.048,743.618,-3.048,743.618,-3.048,743.618,-3.048,743.618,-3.048,743.618,-3.048\n 
859.37,508.979,2.864,508.979,2.864,508.979,2.864,508.979,2.864,508.979,2.864,508.979,2.864,508.979,2.864,508.979,2.864,508.979,2.864,508.979,2.864,508.979,2.864,508.979,2.864,508.979,2.864,508.979,2.864,508.979,2.864,508.979,2.864\n 
863.28,348.377,2.454,348.377,2.454,348.377,2.454,348.377,2.454,348.377,2.454,348.377,2.454,348.377,2.454,348.377,2.454,348.377,2.454,348.377,2.454,348.377,2.454,348.377,2.454,348.377,2.454,348.377,2.454,348.377,2.454,348.377,2.454\n 
867.19,238.342,2.022,238.342,2.022,238.342,2.022,238.342,2.022,238.342,2.022,238.342,2.022,238.342,2.022,238.342,2.022,238.342,2.022,238.342,2.022,238.342,2.022,238.342,2.022,238.342,2.022,238.342,2.022,238.342,2.022,238.342,2.022\n 
871.09,162.443,1.613,162.443,1.613,162.443,1.613,162.443,1.613,162.443,1.613,162.443,1.613,162.443,1.613,162.443,1.613,162.443,1.613,162.443,1.613,162.443,1.613,162.443,1.613,162.443,1.613,162.443,1.613,162.443,1.613,162.443,1.613\n 
875,110.726,1.27,110.726,1.27,110.726,1.27,110.726,1.27,110.726,1.27,110.726,1.27,110.726,1.27,110.726,1.27,110.726,1.27,110.726,1.27,110.726,1.27,110.726,1.27,110.726,1.27,110.726,1.27,110.726,1.27,110.726,1.27\n 
878.91,75.474,1.011,75.474,1.011,75.474,1.011,75.474,1.011,75.474,1.011,75.474,1.011,75.474,1.011,75.474,1.011,75.474,1.011,75.474,1.011,75.474,1.011,75.474,1.011,75.474,1.011,75.474,1.011,75.474,1.011,75.474,1.011\n 
882.81,51.446,0.839,51.446,0.839,51.446,0.839,51.446,0.839,51.446,0.839,51.446,0.839,51.446,0.839,51.446,0.839,51.446,0.839,51.446,0.839,51.446,0.839,51.446,0.839,51.446,0.839,51.446,0.839,51.446,0.839,51.446,0.839\n 
886.72,32.43,0.764,32.43,0.764,32.43,0.764,32.43,0.764,32.43,0.764,32.43,0.764,32.43,0.764,32.43,0.764,32.43,0.764,32.43,0.764,32.43,0.764,32.43,0.764,32.43,0.764,32.43,0.764,32.43,0.764,32.43,0.764\n 
890.62,20.188,0.841,20.188,0.841,20.188,0.841,20.188,0.841,20.188,0.841,20.188,0.841,20.188,0.841,20.188,0.841,20.188,0.841,20.188,0.841,20.188,0.841,20.188,0.841,20.188,0.841,20.188,0.841,20.188,0.841,20.188,0.841\n 
894.53,12.569,1.28,12.569,1.28,12.569,1.28,12.569,1.28,12.569,1.28,12.569,1.28,12.569,1.28,12.569,1.28,12.569,1.28,12.569,1.28,12.569,1.28,12.569,1.28,12.569,1.28,12.569,1.28,12.569,1.28,12.569,1.28\n 
898.44,7.824,2.439,7.824,2.439,7.824,2.439,7.824,2.439,7.824,2.439,7.824,2.439,7.824,2.439,7.824,2.439,7.824,2.439,7.824,2.439,7.824,2.439,7.824,2.439,7.824,2.439,7.824,2.439,7.824,2.439,7.824,2.439\n 
902.34,5.553,-2.478,5.553,-2.478,5.553,-2.478,5.553,-2.478,5.553,-2.478,5.553,-2.478,5.553,-2.478,5.553,-2.478,5.553,-2.478,5.553,-2.478,5.553,-2.478,5.553,-2.478,5.553,-2.478,5.553,-2.478,5.553,-2.478,5.553,-2.478\n 
906.25,4.309,-1.618,4.309,-1.618,4.309,-1.618,4.309,-1.618,4.309,-1.618,4.309,-1.618,4.309,-1.618,4.309,-1.618,4.309,-1.618,4.309,-1.618,4.309,-1.618,4.309,-1.618,4.309,-1.618,4.309,-1.618,4.309,-1.618,4.309,-1.618\n 
910.16,3.343,-1.313,3.343,-1.313,3.343,-1.313,3.343,-1.313,3.343,-1.313,3.343,-1.313,3.343,-1.313,3.343,-1.313,3.343,-1.313,3.343,-1.313,3.343,-1.313,3.343,-1.313,3.343,-1.313,3.343,-1.313,3.343,-1.313,3.343,-1.313\n 
914.06,2.594,-1.205,2.594,-1.205,2.594,-1.205,2.594,-1.205,2.594,-1.205,2.594,-1.205,2.594,-1.205,2.594,-1.205,2.594,-1.205,2.594,-1.205,2.594,-1.205,2.594,-1.205,2.594,-1.205,2.594,-1.205,2.594,-1.205,2.594,-1.205\n 
917.97,2.21,-1.168,2.21,-1.168,2.21,-1.168,2.21,-1.168,2.21,-1.168,2.21,-1.168,2.21,-1.168,2.21,-1.168,2.21,-1.168,2.21,-1.168,2.21,-1.168,2.21,-1.168,2.21,-1.168,2.21,-1.168,2.21,-1.168,2.21,-1.168\n 
921.87,2.274,-1.158,2.274,-1.158,2.274,-1.158,2.274,-1.158,2.274,-1.158,2.274,-1.158,2.274,-1.158,2.274,-1.158,2.274,-1.158,2.274,-1.158,2.274,-1.158,2.274,-1.158,2.274,-1.158,2.274,-1.158,2.274,-1.158,2.274,-1.158\n 
925.78,2.341,-1.159,2.341,-1.159,2.341,-1.159,2.341,-1.159,2.341,-1.159,2.341,-1.159,2.341,-1.159,2.341,-1.159,2.341,-1.159,2.341,-1.159,2.341,-1.159,2.341,-1.159,2.341,-1.159,2.341,-1.159,2.341,-1.159,2.341,-1.159\n 
929.69,2.41,-1.16,2.41,-1.16,2.41,-1.16,2.41,-1.16,2.41,-1.16,2.41,-1.16,2.41,-1.16,2.41,-1.16,2.41,-1.16,2.41,-1.16,2.41,-1.16,2.41,-1.16,2.41,-1.16,2.41,-1.16,2.41,-1.16,2.41,-1.16\n 
933.59,2.462,-1.151,2.462,-1.151,2.462,-1.151,2.462,-1.151,2.462,-1.151,2.462,-1.151,2.462,-1.151,2.462,-1.151,2.462,-1.151,2.462,-1.151,2.462,-1.151,2.462,-1.151,2.462,-1.151,2.462,-1.151,2.462,-1.151,2.462,-1.151\n 
937.5,2.246,-1.121,2.246,-1.121,2.246,-1.121,2.246,-1.121,2.246,-1.121,2.246,-1.121,2.246,-1.121,2.246,-1.121,2.246,-1.121,2.246,-1.121,2.246,-1.121,2.246,-1.121,2.246,-1.121,2.246,-1.121,2.246,-1.121,2.246,-1.121\n 
941.41,2.05,-1.046,2.05,-1.046,2.05,-1.046,2.05,-1.046,2.05,-1.046,2.05,-1.046,2.05,-1.046,2.05,-1.046,2.05,-1.046,2.05,-1.046,2.05,-1.046,2.05,-1.046,2.05,-1.046,2.05,-1.046,2.05,-1.046,2.05,-1.046\n 
945.31,1.87,-0.865,1.87,-0.865,1.87,-0.865,1.87,-0.865,1.87,-0.865,1.87,-0.865,1.87,-0.865,1.87,-0.865,1.87,-0.865,1.87,-0.865,1.87,-0.865,1.87,-0.865,1.87,-0.865,1.87,-0.865,1.87,-0.865,1.87,-0.865\n 
949.22,1.707,-0.384,1.707,-0.384,1.707,-0.384,1.707,-0.384,1.707,-0.384,1.707,-0.384,1.707,-0.384,1.707,-0.384,1.707,-0.384,1.707,-0.384,1.707,-0.384,1.707,-0.384,1.707,-0.384,1.707,-0.384,1.707,-0.384,1.707,-0.384\n 
953.12,1.505,0.54,1.505,0.54,1.505,0.54,1.505,0.54,1.505,0.54,1.505,0.54,1.505,0.54,1.505,0.54,1.505,0.54,1.505,0.54,1.505,0.54,1.505,0.54,1.505,0.54,1.505,0.54,1.505,0.54,1.505,0.54\n 
957.03,1.316,1.153,1.316,1.153,1.316,1.153,1.316,1.153,1.316,1.153,1.316,1.153,1.316,1.153,1.316,1.153,1.316,1.153,1.316,1.153,1.316,1.153,1.316,1.153,1.316,1.153,1.316,1.153,1.316,1.153,1.316,1.153\n 
960.94,1.15,1.541,1.15,1.541,1.15,1.541,1.15,1.541,1.15,1.541,1.15,1.541,1.15,1.541,1.15,1.541,1.15,1.541,1.15,1.541,1.15,1.541,1.15,1.541,1.15,1.541,1.15,1.541,1.15,1.541,1.15,1.541\n 
964.84,1.006,2.123,1.006,2.123,1.006,2.123,1.006,2.123,1.006,2.123,1.006,2.123,1.006,2.123,1.006,2.123,1.006,2.123,1.006,2.123,1.006,2.123,1.006,2.123,1.006,2.123,1.006,2.123,1.006,2.123,1.006,2.123\n 
968.75,0.878,3.032,0.878,3.032,0.878,3.032,0.878,3.032,0.878,3.032,0.878,3.032,0.878,3.032,0.878,3.032,0.878,3.032,0.878,3.032,0.878,3.032,0.878,3.032,0.878,3.032,0.878,3.032,0.878,3.032,0.878,3.032\n 
972.66,0.765,-2.72,0.765,-2.72,0.765,-2.72,0.765,-2.72,0.765,-2.72,0.765,-2.72,0.765,-2.72,0.765,-2.72,0.765,-2.72,0.765,-2.72,0.765,-2.72,0.765,-2.72,0.765,-2.72,0.765,-2.72,0.765,-2.72,0.765,-2.72\n 
976.56,0.667,-2.514,0.667,-2.514,0.667,-2.514,0.667,-2.514,0.667,-2.514,0.667,-2.514,0.667,-2.514,0.667,-2.514,0.667,-2.514,0.667,-2.514,0.667,-2.514,0.667,-2.514,0.667,-2.514,0.667,-2.514,0.667,-2.514,0.667,-2.514\n 
980.47,0.581,-2.425,0.581,-2.425,0.581,-2.425,0.581,-2.425,0.581,-2.425,0.581,-2.425,0.581,-2.425,0.581,-2.425,0.581,-2.425,0.581,-2.425,0.581,-2.425,0.581,-2.425,0.581,-2.425,0.581,-2.425,0.581,-2.425,0.581,-2.425\n 
984.37,0.505,-2.384,0.505,-2.384,0.505,-2.384,0.505,-2.384,0.505,-2.384,0.505,-2.384,0.505,-2.384,0.505,-2.384,0.505,-2.384,0.505,-2.384,0.505,-2.384,0.505,-2.384,0.505,-2.384,0.505,-2.384,0.505,-2.384,0.505,-2.384\n 
988.28,0.435,-2.367,0.435,-2.367,0.435,-2.367,0.435,-2.367,0.435,-2.367,0.435,-2.367,0.435,-2.367,0.435,-2.367,0.435,-2.367,0.435,-2.367,0.435,-2.367,0.435,-2.367,0.435,-2.367,0.435,-2.367,0.435,-2.367,0.435,-2.367\n 
992.19,0.375,-2.363,0.375,-2.363,0.375,-2.363,0.375,-2.363,0.375,-2.363,0.375,-2.363,0.375,-2.363,0.375,-2.363,0.375,-2.363,0.375,-2.363,0.375,-2.363,0.375,-2.363,0.375,-2.363,0.375,-2.363,0.375,-2.363,0.375,-2.363\n 
996.09,0.323,-2.368,0.323,-2.368,0.323,-2.368,0.323,-2.368,0.323,-2.368,0.323,-2.368,0.323,-2.368,0.323,-2.368,0.323,-2.368,0.323,-2.368,0.323,-2.368,0.323,-2.368,0.323,-2.368,0.323,-2.368,0.323,-2.368,0.323,-2.368\n 
1000,0.278,-2.378,0.278,-2.378,0.278,-2.378,0.278,-2.378,0.278,-2.378,0.278,-2.378,0.278,-2.378,0.278,-2.378,0.278,-2.378,0.278,-2.378,0.278,-2.378,0.278,-2.378,0.278,-2.378,0.278,-2.378,0.278,-2.378,0.278,-2.378\n 
