Frequency,Gain (Ch. 0),Phase (Ch. 0),Gain (Ch. 1),Phase (Ch. 1),Gain (Ch. 2),Phase (Ch. 2),Gain (Ch. 3),Phase (Ch. 3),Gain (Ch. 4),Phase (Ch. 4),Gain (Ch. 5),Phase (Ch. 5),Gain (Ch. 6),Phase (Ch. 6),Gain (Ch. 7),Phase (Ch. 7),Gain (Ch. 8),Phase (Ch. 8),Gain (Ch. 9),Phase (Ch. 9),Gain (Ch. 10),Phase (Ch. 10),Gain (Ch. 11),Phase (Ch. 11),Gain (Ch. 12),Phase (Ch. 12),Gain (Ch. 13),Phase (Ch. 13),Gain (Ch. 14),Phase (Ch. 14),Gain (Ch. 15),Phase (Ch. 15)\n
0,1,0,1,0,1,0,1,0,1,0,1,0,1,0,1,0,1,0,1,0,1,0,1,0,1,0,1,0,1,0,1,0\n
3.91,0.002,3.023,0.002,3.023,0.002,3.023,0.002,3.023,0.002,3.023,0.002,3.023,0.002,3.023,0.002,3.023,0.002,3.023,0.002,3.023,0.002,3.023,0.002,3.023,0.002,3.023,0.002,3.023,0.002,3.023,0.002,3.023\n
7.81,0.01,2.903,0.01,2.903,0.01,2.903,0.01,2.903,0.01,2.903,0.01,2.903,0.01,2.903,0.01,2.903,0.01,2.903,0.01,2.903,0.01,2.903,0.01,2.903,0.01,2.903,0.01,2.903,0.01,2.903,0.01,2.903\n
11.72,0.021,2.783,0.021,2.783,0.021,2.783,0.021,2.783,0.021,2.783,0.021,2.783,0.021,2.783,0.021,2.783,0.021,2.783,0.021,2.783,0.021,2.783,0.021,2.783,0.021,2.783,0.021,2.783,0.021,2.783,0.021,2.783\n
15.62,0.038,2.662,0.038,2.662,0.038,2.662,0.038,2.662,0.038,2.662,0.038,2.662,0.038,2.662,0.038,2.662,0.038,2.662,0.038,2.662,0.038,2.662,0.038,2.662,0.038,2.662,0.038,2.662,0.038,2.662,0.038,2.662\n
19.53,0.059,2.54,0.059,2.54,0.059,2.54,0.059,2.54,0.059,2.54,0.059,2.54,0.059,2.54,0.059,2.54,0.059,2.54,0.059,2.54,0.059,2.54,0.059,2.54,0.059,2.54,0.059,2.54,0.059,2.54,0.059,2.54\n
23.44,0.086,2.416,0.086,2.416,0.086,2.416,0.086,2.416,0.086,2.416,0.086,2.416,0.086,2.416,0.086,2.416,0.086,2.416,0.086,2.416,0.086,2.416,0.086,2.416,0.086,2.416,0.086,2.416,0.086,2.416,0.086,2.416\n
27.34,0.116,2.291,0.116,2.291,0.116,2.291,0.116,2.291,0.116,2.291,0.116,2.291,0.116,2.291,0.116,2.291,0.116,2.291,0.116,2.291,0.116,2.291,0.116,2.291,0.116,2.291,0.116,2.291,0.116,2.291,0.116,2.291\n
31.25,0.151,2.164,0.151,2.164,0.151,2.164,0.151,2.164,0.151,2.164,0.151,2.164,0.151,2.164,0.151,2.164,0.151,2.164,0.151,2.164,0.151,2.164,0.151,2.164,0.151,2.164,0.151,2.164,0.151,2.164,0.151,2.164\n
35.16,0.19,2.036,0.19,2.036,0.19,2.036,0.19,2.036,0.19,2.036,0.19,2.036,0.19,2.036,0.19,2.036,0.19,2.036,0.19,2.036,0.19,2.036,0.19,2.036,0.19,2.036,0.19,2.036,0.19,2.036,0.19,2.036\n
39.06,0.232,1.905,0.232,1.905,0.232,1.905,0.232,1.905,0.232,1.905,0.232,1.905,0.232,1.905,0.232,1.905,0.232,1.905,0.232,1.905,0.232,1.905,0.232,1.905,0.232,1.905,0.232,1.905,0.232,1.905,0.232,1.905\n
42.97,0.277,1.774,0.277,1.774,0.277,1.774,0.277,1.774,0.277,1.774,0.277,1.774,0.277,1.774,0.277,1.774,0.277,1.774,0.277,1.774,0.277,1.774,0.277,1.774,0.277,1.774,0.277,1.774,0.277,1.774,0.277,1.774\n
46.88,0.325,1.641,0.325,1.641,0.325,1.641,0.325,1.641,0.325,1.641,0.325,1.641,0.325,1.641,0.325,1.641,0.325,1.641,0.325,1.641,0.325,1.641,0.325,1.641,0.325,1.641,0.325,1.641,0.325,1.641,0.325,1.641\n
50.78,0.374,1.508,0.374,1.508,0.374,1.508,0.374,1.508,0.374,1.508,0.374,1.508,0.374,1.508,0.374,1.508,0.374,1.508,0.374,1.508,0.374,1.508,0.374,1.508,0.374,1.508,0.374,1.508,0.374,1.508,0.374,1.508\n
54.69,0.423,1.374,0.423,1.374,0.423,1.374,0.423,1.374,0.423,1.374,0.423,1.374,0.423,1.374,0.423,1.374,0.423,1.374,0.423,1.374,0.423,1.374,0.423,1.374,0.423,1.374,0.423,1.374,0.423,1.374,0.423,1.374\n
58.59,0.473,1.241,0.473,1.241,0.473,1.241,0.473,1.241,0.473,1.241,0.473,1.241,0.473,1.241,0.473,1.241,0.473,1.241,0.473,1.241,0.473,1.241,0.473,1.241,0.473,1.241,0.473,1.241,0.473,1.241,0.473,1.241\n
62.5,0.521,1.109,0.521,1.109,0.521,1.109,0.521,1.109,0.521,1.109,0.521,1.109,0.521,1.109,0.521,1.109,0.521,1.109,0.521,1.109,0.521,1.109,0.521,1.109,0.521,1.109,0.521,1.109,0.521,1.109,0.521,1.109\n
66.41,0.567,0.979,0.567,0.979,0.567,0.979,0.567,0.979,0.567,0.979,0.567,0.979,0.567,0.979,0.567,0.979,0.567,0.979,0.567,0.979,0.567,0.979,0.567,0.979,0.567,0.979,0.567,0.979,0.567,0.979,0.567,0.979\n
70.31,0.611,0.851,0.611,0.851,0.611,0.851,0.611,0.851,0.611,0.851,0.611,0.851,0.611,0.851,0.611,0.851,0.611,0.851,0.611,0.851,0.611,0.851,0.611,0.851,0.611,0.851,0.611,0.851,0.611,0.851,0.611,0.851\n
74.22,0.652,0.725,0.652,0.725,0.652,0.725,0.652,0.725,0.652,0.725,0.652,0.725,0.652,0.725,0.652,0.725,0.652,0.725,0.652,0.725,0.652,0.725,0.652,0.725,0.652,0.725,0.652,0.725,0.652,0.725,0.652,0.725\n
78.12,0.69,0.603,0.69,0.603,0.69,0.603,0.69,0.603,0.69,0.603,0.69,0.603,0.69,0.603,0.69,0.603,0.69,0.603,0.69,0.603,0.69,0.603,0.69,0.603,0.69,0.603,0.69,0.603,0.69,0.603,0.69,0.603\n
82.03,0.725,0.483,0.725,0.483,0.725,0.483,0.725,0.483,0.725,0.483,0.725,0.483,0.725,0.483,0.725,0.483,0.725,0.483,0.725,0.483,0.725,0.483,0.725,0.483,0.725,0.483,0.725,0.483,0.725,0.483,0.725,0.483\n
85.94,0.756,0.367,0.756,0.367,0.756,0.367,0.756,0.367,0.756,0.367,0.756,0.367,0.756,0.367,0.756,0.367,0.756,0.367,0.756,0.367,0.756,0.367,0.756,0.367,0.756,0.367,0.756,0.367,0.756,0.367,0.756,0.367\n
89.84,0.784,0.255,0.784,0.255,0.784,0.255,0.784,0.255,0.784,0.255,0.784,0.255,0.784,0.255,0.784,0.255,0.784,0.255,0.784,0.255,0.784,0.255,0.784,0.255,0.784,0.255,0.784,0.255,0.784,0.255,0.784,0.255\n
93.75,0.808,0.146,0.808,0.146,0.808,0.146,0.808,0.146,0.808,0.146,0.808,0.146,0.808,0.146,0.808,0.146,0.808,0.146,0.808,0.146,0.808,0.146,0.808,0.146,0.808,0.146,0.808,0.146,0.808,0.146,0.808,0.146\n
97.66,0.83,0.04,0.83,0.04,0.83,0.04,0.83,0.04,0.83,0.04,0.83,0.04,0.83,0.04,0.83,0.04,0.83,0.04,0.83,0.04,0.83,0.04,0.83,0.04,0.83,0.04,0.83,0.04,0.83,0.04,0.83,0.04\n
101.56,0.85,-0.062,0.85,-0.062,0.85,-0.062,0.85,-0.062,0.85,-0.062,0.85,-0.062,0.85,-0.062,0.85,-0.062,0.85,-0.062,0.85,-0.062,0.85,-0.062,0.85,-0.062,0.85,-0.062,0.85,-0.062,0.85,-0.062,0.85,-0.062\n
105.47,0.867,-0.162,0.867,-0.162,0.867,-0.162,0.867,-0.162,0.867,-0.162,0.867,-0.162,0.867,-0.162,0.867,-0.162,0.867,-0.162,0.867,-0.162,0.867,-0.162,0.867,-0.162,0.867,-0.162,0.867,-0.162,0.867,-0.162,0.867,-0.162\n
109.37,0.882,-0.258,0.882,-0.258,0.882,-0.258,0.882,-0.258,0.882,-0.258,0.882,-0.258,0.882,-0.258,0.882,-0.258,0.882,-0.258,0.882,-0.258,0.882,-0.258,0.882,-0.258,0.882,-0.258,0.882,-0.258,0.882,-0.258,0.882,-0.258\n
113.28,0.895,-0.351,0.895,-0.351,0.895,-0.351,0.895,-0.351,0.895,-0.351,0.895,-0.351,0.895,-0.351,0.895,-0.351,0.895,-0.351,0.895,-0.351,0.895,-0.351,0.895,-0.351,0.895,-0.351,0.895,-0.351,0.895,-0.351,0.895,-0.351\n
117.19,0.906,-0.442,0.906,-0.442,0.906,-0.442,0.906,-0.442,0.906,-0.442,0.906,-0.442,0.906,-0.442,0.906,-0.442,0.906,-0.442,0.906,-0.442,0.906,-0.442,0.906,-0.442,0.906,-0.442,0.906,-0.442,0.906,-0.442,0.906,-0.442\n
121.09,0.917,-0.531,0.917,-0.531,0.917,-0.531,0.917,-0.531,0.917,-0.531,0.917,-0.531,0.917,-0.531,0.917,-0.531,0.917,-0.531,0.917,-0.531,0.917,-0.531,0.917,-0.531,0.917,-0.531,0.917,-0.531,0.917,-0.531,0.917,-0.531\n
125,0.925,-0.617,0.925,-0.617,0.925,-0.617,0.925,-0.617,0.925,-0.617,0.925,-0.617,0.925,-0.617,0.925,-0.617,0.925,-0.617,0.925,-0.617,0.925,-0.617,0.925,-0.617,0.925,-0.617,0.925,-0.617,0.925,-0.617,0.925,-0.617\n
128.91,0.933,-0.701,0.933,-0.701,0.933,-0.701,0.933,-0.701,0.933,-0.701,0.933,-0.701,0.933,-0.701,0.933,-0.701,0.933,-0.701,0.933,-0.701,0.933,-0.701,0.933,-0.701,0.933,-0.701,0.933,-0.701,0.933,-0.701,0.933,-0.701\n
132.81,0.94,-0.784,0.94,-0.784,0.94,-0.784,0.94,-0.784,0.94,-0.784,0.94,-0.784,0.94,-0.784,0.94,-0.784,0.94,-0.784,0.94,-0.784,0.94,-0.784,0.94,-0.784,0.94,-0.784,0.94,-0.784,0.94,-0.784,0.94,-0.784\n
136.72,0.946,-0.864,0.946,-0.864,0.946,-0.864,0.946,-0.864,0.946,-0.864,0.946,-0.864,0.946,-0.864,0.946,-0.864,0.946,-0.864,0.946,-0.864,0.946,-0.864,0.946,-0.864,0.946,-0.864,0.946,-0.864,0.946,-0.864,0.946,-0.864\n
140.62,0.951,-0.943,0.951,-0.943,0.951,-0.943,0.951,-0.943,0.951,-0.943,0.951,-0.943,0.951,-0.943,0.951,-0.943,0.951,-0.943,0.951,-0.943,0.951,-0.943,0.951,-0.943,0.951,-0.943,0.951,-0.943,0.951,-0.943,0.951,-0.943\n
144.53,0.956,-1.02,0.956,-1.02,0.956,-1.02,0.956,-1.02,0.956,-1.02,0.956,-1.02,0.956,-1.02,0.956,-1.02,0.956,-1.02,0.956,-1.02,0.956,-1.02,0.956,-1.02,0.956,-1.02,0.956,-1.02,0.956,-1.02,0.956,-1.02\n
148.44,0.96,-1.097,0.96,-1.097,0.96,-1.097,0.96,-1.097,0.96,-1.097,0.96,-1.097,0.96,-1.097,0.96,-1.097,0.96,-1.097,0.96,-1.097,0.96,-1.097,0.96,-1.097,0.96,-1.097,0.96,-1.097,0.96,-1.097,0.96,-1.097\n
152.34,0.964,-1.171,0.964,-1.171,0.964,-1.171,0.964,-1.171,0.964,-1.171,0.964,-1.171,0.964,-1.171,0.964,-1.171,0.964,-1.171,0.964,-1.171,0.964,-1.171,0.964,-1.171,0.964,-1.171,0.964,-1.171,0.964,-1.171,0.964,-1.171\n
156.25,0.967,-1.245,0.967,-1.245,0.967,-1.245,0.967,-1.245,0.967,-1.245,0.967,-1.245,0.967,-1.245,0.967,-1.245,0.967,-1.245,0.967,-1.245,0.967,-1.245,0.967,-1.245,0.967,-1.245,0.967,-1.245,0.967,-1.245,0.967,-1.245\n
160.16,0.97,-1.318,0.97,-1.318,0.97,-1.318,0.97,-1.318,0.97,-1.318,0.97,-1.318,0.97,-1.318,0.97,-1.318,0.97,-1.318,0.97,-1.318,0.97,-1.318,0.97,-1.318,0.97,-1.318,0.97,-1.318,0.97,-1.318,0.97,-1.318\n
164.06,0.973,-1.389,0.973,-1.389,0.973,-1.389,0.973,-1.389,0.973,-1.389,0.973,-1.389,0.973,-1.389,0.973,-1.389,0.973,-1.389,0.973,-1.389,0.973,-1.389,0.973,-1.389,0.973,-1.389,0.973,-1.389,0.973,-1.389,0.973,-1.389\n
167.97,0.975,-1.46,0.975,-1.46,0.975,-1.46,0.975,-1.46,0.975,-1.46,0.975,-1.46,0.975,-1.46,0.975,-1.46,0.975,-1.46,0.975,-1.46,0.975,-1.46,0.975,-1.46,0.975,-1.46,0.975,-1.46,0.975,-1.46,0.975,-1.46\n
171.87,0.977,-1.53,0.977,-1.53,0.977,-1.53,0.977,-1.53,0.977,-1.53,0.977,-1.53,0.977,-1.53,0.977,-1.53,0.977,-1.53,0.977,-1.53,0.977,-1.53,0.977,-1.53,0.977,-1.53,0.977,-1.53,0.977,-1.53,0.977,-1.53\n
175.78,0.979,-1.599,0.979,-1.599,0.979,-1.599,0.979,-1.599,0.979,-1.599,0.979,-1.599,0.979,-1.599,0.979,-1.599,0.979,-1.599,0.979,-1.599,0.979,-1.599,0.979,-1.599,0.979,-1.599,0.979,-1.599,0.979,-1.599,0.979,-1.599\n
179.69,0.981,-1.668,0.981,-1.668,0.981,-1.668,0.981,-1.668,0.981,-1.668,0.981,-1.668,0.981,-1.668,0.981,-1.668,0.981,-1.668,0.981,-1.668,0.981,-1.668,0.981,-1.668,0.981,-1.668,0.981,-1.668,0.981,-1.668,0.981,-1.668\n
183.59,0.982,-1.735,0.982,-1.735,0.982,-1.735,0.982,-1.735,0.982,-1.735,0.982,-1.735,0.982,-1.735,0.982,-1.735,0.982,-1.735,0.982,-1.735,0.982,-1.735,0.982,-1.735,0.982,-1.735,0.982,-1.735,0.982,-1.735,0.982,-1.735\n
187.5,0.984,-1.803,0.984,-1.803,0.984,-1.803,0.984,-1.803,0.984,-1.803,0.984,-1.803,0.984,-1.803,0.984,-1.803,0.984,-1.803,0.984,-1.803,0.984,-1.803,0.984,-1.803,0.984,-1.803,0.984,-1.803,0.984,-1.803,0.984,-1.803\n
191.41,0.985,-1.869,0.985,-1.869,0.985,-1.869,0.985,-1.869,0.985,-1.869,0.985,-1.869,0.985,-1.869,0.985,-1.869,0.985,-1.869,0.985,-1.869,0.985,-1.869,0.985,-1.869,0.985,-1.869,0.985,-1.869,0.985,-1.869,0.985,-1.869\n
195.31,0.986,-1.936,0.986,-1.936,0.986,-1.936,0.986,-1.936,0.986,-1.936,0.986,-1.936,0.986,-1.936,0.986,-1.936,0.986,-1.936,0.986,-1.936,0.986,-1.936,0.986,-1.936,0.986,-1.936,0.986,-1.936,0.986,-1.936,0.986,-1.936\n
199.22,0.987,-2.001,0.987,-2.001,0.987,-2.001,0.987,-2.001,0.987,-2.001,0.987,-2.001,0.987,-2.001,0.987,-2.001,0.987,-2.001,0.987,-2.001,0.987,-2.001,0.987,-2.001,0.987,-2.001,0.987,-2.001,0.987,-2.001,0.987,-2.001\n
203.12,0.988,-2.067,0.988,-2.067,0.988,-2.067,0.988,-2.067,0.988,-2.067,0.988,-2.067,0.988,-2.067,0.988,-2.067,0.988,-2.067,0.988,-2.067,0.988,-2.067,0.988,-2.067,0.988,-2.067,0.988,-2.067,0.988,-2.067,0.988,-2.067\n
207.03,0.989,-2.132,0.989,-2.132,0.989,-2.132,0.989,-2.132,0.989,-2.132,0.989,-2.132,0.989,-2.132,0.989,-2.132,0.989,-2.132,0.989,-2.132,0.989,-2.132,0.989,-2.132,0.989,-2.132,0.989,-2.132,0.989,-2.132,0.989,-2.132\n
210.94,0.99,-2.197,0.99,-2.197,0.99,-2.197,0.99,-2.197,0.99,-2.197,0.99,-2.197,0.99,-2.197,0.99,-2.197,0.99,-2.197,0.99,-2.197,0.99,-2.197,0.99,-2.197,0.99,-2.197,0.99,-2.197,0.99,-2.197,0.99,-2.197\n
214.84,0.991,-2.261,0.991,-2.261,0.991,-2.261,0.991,-2.261,0.991,-2.261,0.991,-2.261,0.991,-2.261,0.991,-2.261,0.991,-2.261,0.991,-2.261,0.991,-2.261,0.991,-2.261,0.991,-2.261,0.991,-2.261,0.991,-2.261,0.991,-2.261\n
218.75,0.991,-2.325,0.991,-2.325,0.991,-2.325,0.991,-2.325,0.991,-2.325,0.991,-2.325,0.991,-2.325,0.991,-2.325,0.991,-2.325,0.991,-2.325,0.991,-2.325,0.991,-2.325,0.991,-2.325,0.991,-2.325,0.991,-2.325,0.991,-2.325\n
222.66,0.992,-2.389,0.992,-2.389,0.992,-2.389,0.992,-2.389,0.992,-2.389,0.992,-2.389,0.992,-2.389,0.992,-2.389,0.992,-2.389,0.992,-2.389,0.992,-2.389,0.992,-2.389,0.992,-2.389,0.992,-2.389,0.992,-2.389,0.992,-2.389\n
226.56,0.992,-2.453,0.992,-2.453,0.992,-2.453,0.992,-2.453,0.992,-2.453,0.992,-2.453,0.992,-2.453,0.992,-2.453,0.992,-2.453,0.992,-2.453,0.992,-2.453,0.992,-2.453,0.992,-2.453,0.992,-2.453,0.992,-2.453,0.992,-2.453\n
230.47,0.993,-2.516,0.993,-2.516,0.993,-2.516,0.993,-2.516,0.993,-2.516,0.993,-2.516,0.993,-2.516,0.993,-2.516,0.993,-2.516,0.993,-2.516,0.993,-2.516,0.993,-2.516,0.993,-2.516,0.993,-2.516,0.993,-2.516,0.993,-2.516\n
234.37,0.993,-2.579,0.993,-2.579,0.993,-2.579,0.993,-2.579,0.993,-2.579,0.993,-2.579,0.993,-2.579,0.993,-2.579,0.993,-2.579,0.993,-2.579,0.993,-2.579,0.993,-2.579,0.993,-2.579,0.993,-2.579,0.993,-2.579,0.993,-2.579\n
238.28,0.994,-2.643,0.994,-2.643,0.994,-2.643,0.994,-2.643,0.994,-2.643,0.994,-2.643,0.994,-2.643,0.994,-2.643,0.994,-2.643,0.994,-2.643,0.994,-2.643,0.994,-2.643,0.994,-2.643,0.994,-2.643,0.994,-2.643,0.994,-2.643\n
242.19,0.994,-2.706,0.994,-2.706,0.994,-2.706,0.994,-2.706,0.994,-2.706,0.994,-2.706,0.994,-2.706,0.994,-2.706,0.994,-2.706,0.994,-2.706,0.994,-2.706,0.994,-2.706,0.994,-2.706,0.994,-2.706,0.994,-2.706,0.994,-2.706\n
246.09,0.994,-2.768,0.994,-2.768,0.994,-2.768,0.994,-2.768,0.994,-2.768,0.994,-2.768,0.994,-2.768,0.994,-2.768,0.994,-2.768,0.994,-2.768,0.994,-2.768,0.994,-2.768,0.994,-2.768,0.994,-2.768,0.994,-2.768,0.994,-2.768\n
250,0.995,-2.831,0.995,-2.831,0.995,-2.831,0.995,-2.831,0.995,-2.831,0.995,-2.831,0.995,-2.831,0.995,-2.831,0.995,-2.831,0.995,-2.831,0.995,-2.831,0.995,-2.831,0.995,-2.831,0.995,-2.831,0.995,-2.831,0.995,-2.831\n
253.91,0.995,-2.894,0.995,-2.894,0.995,-2.894,0.995,-2.894,0.995,-2.894,0.995,-2.894,0.995,-2.894,0.995,-2.894,0.995,-2.894,0.995,-2.894,0.995,-2.894,0.995,-2.894,0.995,-2.894,0.995,-2.894,0.995,-2.894,0.995,-2.894\n
257.81,0.995,-2.957,0.995,-2.957,0.995,-2.957,0.995,-2.957,0.995,-2.957,0.995,-2.957,0.995,-2.957,0.995,-2.957,0.995,-2.957,0.995,-2.957,0.995,-2.957,0.995,-2.957,0.995,-2.957,0.995,-2.957,0.995,-2.957,0.995,-2.957\n
261.72,0.996,-3.02,0.996,-3.02,0.996,-3.02,0.996,-3.02,0.996,-3.02,0.996,-3.02,0.996,-3.02,0.996,-3.02,0.996,-3.02,0.996,-3.02,0.996,-3.02,0.996,-3.02,0.996,-3.02,0.996,-3.02,0.996,-3.02,0.996,-3.02\n
265.62,0.996,-3.082,0.996,-3.082,0.996,-3.082,0.996,-3.082,0.996,-3.082,0.996,-3.082,0.996,-3.082,0.996,-3.082,0.996,-3.082,0.996,-3.082,0.996,-3.082,0.996,-3.082,0.996,-3.082,0.996,-3.082,0.996,-3.082,0.996,-3.082\n
269.53,0.996,3.138,0.996,3.138,0.996,3.138,0.996,3.138,0.996,3.138,0.996,3.138,0.996,3.138,0.996,3.138,0.996,3.138,0.996,3.138,0.996,3.138,0.996,3.138,0.996,3.138,0.996,3.138,0.996,3.138,0.996,3.138\n
273.44,0.996,3.075,0.996,3.075,0.996,3.075,0.996,3.075,0.996,3.075,0.996,3.075,0.996,3.075,0.996,3.075,0.996,3.075,0.996,3.075,0.996,3.075,0.996,3.075,0.996,3.075,0.996,3.075,0.996,3.075,0.996,3.075\n
277.34,0.997,3.013,0.997,3.013,0.997,3.013,0.997,3.013,0.997,3.013,0.997,3.013,0.997,3.013,0.997,3.013,0.997,3.013,0.997,3.013,0.997,3.013,0.997,3.013,0.997,3.013,0.997,3.013,0.997,3.013,0.997,3.013\n
281.25,0.997,2.95,0.997,2.95,0.997,2.95,0.997,2.95,0.997,2.95,0.997,2.95,0.997,2.95,0.997,2.95,0.997,2.95,0.997,2.95,0.997,2.95,0.997,2.95,0.997,2.95,0.997,2.95,0.997,2.95,0.997,2.95\n
285.16,0.997,2.887,0.997,2.887,0.997,2.887,0.997,2.887,0.997,2.887,0.997,2.887,0.997,2.887,0.997,2.887,0.997,2.887,0.997,2.887,0.997,2.887,0.997,2.887,0.997,2.887,0.997,2.887,0.997,2.887,0.997,2.887\n
289.06,0.997,2.824,0.997,2.824,0.997,2.824,0.997,2.824,0.997,2.824,0.997,2.824,0.997,2.824,0.997,2.824,0.997,2.824,0.997,2.824,0.997,2.824,0.997,2.824,0.997,2.824,0.997,2.824,0.997,2.824,0.997,2.824\n
292.97,0.997,2.761,0.997,2.761,0.997,2.761,0.997,2.761,0.997,2.761,0.997,2.761,0.997,2.761,0.997,2.761,0.997,2.761,0.997,2.761,0.997,2.761,0.997,2.761,0.997,2.761,0.997,2.761,0.997,2.761,0.997,2.761\n
296.87,0.997,2.697,0.997,2.697,0.997,2.697,0.997,2.697,0.997,2.697,0.997,2.697,0.997,2.697,0.997,2.697,0.997,2.697,0.997,2.697,0.997,2.697,0.997,2.697,0.997,2.697,0.997,2.697,0.997,2.697,0.997,2.697\n
300.78,0.997,2.634,0.997,2.634,0.997,2.634,0.997,2.634,0.997,2.634,0.997,2.634,0.997,2.634,0.997,2.634,0.997,2.634,0.997,2.634,0.997,2.634,0.997,2.634,0.997,2.634,0.997,2.634,0.997,2.634,0.997,2.634\n
304.69,0.998,2.57,0.998,2.57,0.998,2.57,0.998,2.57,0.998,2.57,0.998,2.57,0.998,2.57,0.998,2.57,0.998,2.57,0.998,2.57,0.998,2.57,0.998,2.57,0.998,2.57,0.998,2.57,0.998,2.57,0.998,2.57\n
308.59,0.998,2.507,0.998,2.507,0.998,2.507,0.998,2.507,0.998,2.507,0.998,2.507,0.998,2.507,0.998,2.507,0.998,2.507,0.998,2.507,0.998,2.507,0.998,2.507,0.998,2.507,0.998,2.507,0.998,2.507,0.998,2.507\n
312.5,0.998,2.443,0.998,2.443,0.998,2.443,0.998,2.443,0.998,2.443,0.998,2.443,0.998,2.443,0.998,2.443,0.998,2.443,0.998,2.443,0.998,2.443,0.998,2.443,0.998,2.443,0.998,2.443,0.998,2.443,0.998,2.443\n
316.41,0.998,2.379,0.998,2.379,0.998,2.379,0.998,2.379,0.998,2.379,0.998,2.379,0.998,2.379,0.998,2.379,0.998,2.379,0.998,2.379,0.998,2.379,0.998,2.379,0.998,2.379,0.998,2.379,0.998,2.379,0.998,2.379\n
320.31,0.998,2.314,0.998,2.314,0.998,2.314,0.998,2.314,0.998,2.314,0.998,2.314,0.998,2.314,0.998,2.314,0.998,2.314,0.998,2.314,0.998,2.314,0.998,2.314,0.998,2.314,0.998,2.314,0.998,2.314,0.998,2.314\n
324.22,0.998,2.25,0.998,2.25,0.998,2.25,0.998,2.25,0.998,2.25,0.998,2.25,0.998,2.25,0.998,2.25,0.998,2.25,0.998,2.25,0.998,2.25,0.998,2.25,0.998,2.25,0.998,2.25,0.998,2.25,0.998,2.25\n
328.12,0.998,2.185,0.998,2.185,0.998,2.185,0.998,2.185,0.998,2.185,0.998,2.185,0.998,2.185,0.998,2.185,0.998,2.185,0.998,2.185,0.998,2.185,0.998,2.185,0.998,2.185,0.998,2.185,0.998,2.185,0.998,2.185\n
332.03,0.998,2.12,0.998,2.12,0.998,2.12,0.998,2.12,0.998,2.12,0.998,2.12,0.998,2.12,0.998,2.12,0.998,2.12,0.998,2.12,0.998,2.12,0.998,2.12,0.998,2.12,0.998,2.12,0.998,2.12,0.998,2.12\n
335.94,0.998,2.055,0.998,2.055,0.998,2.055,0.998,2.055,0.998,2.055,0.998,2.055,0.998,2.055,0.998,2.055,0.998,2.055,0.998,2.055,0.998,2.055,0.998,2.055,0.998,2.055,0.998,2.055,0.998,2.055,0.998,2.055\n
339.84,0.998,1.989,0.998,1.989,0.998,1.989,0.998,1.989,0.998,1.989,0.998,1.989,0.998,1.989,0.998,1.989,0.998,1.989,0.998,1.989,0.998,1.989,0.998,1.989,0.998,1.989,0.998,1.989,0.998,1.989,0.998,1.989\n
343.75,0.998,1.923,0.998,1.923,0.998,1.923,0.998,1.923,0.998,1.923,0.998,1.923,0.998,1.923,0.998,1.923,0.998,1.923,0.998,1.923,0.998,1.923,0.998,1.923,0.998,1.923,0.998,1.923,0.998,1.923,0.998,1.923\n
347.66,0.998,1.856,0.998,1.856,0.998,1.856,0.998,1.856,0.998,1.856,0.998,1.856,0.998,1.856,0.998,1.856,0.998,1.856,0.998,1.856,0.998,1.856,0.998,1.856,0.998,1.856,0.998,1.856,0.998,1.856,0.998,1.856\n
351.56,0.998,1.79,0.998,1.79,0.998,1.79,0.998,1.79,0.998,1.79,0.998,1.79,0.998,1.79,0.998,1.79,0.998,1.79,0.998,1.79,0.998,1.79,0.998,1.79,0.998,1.79,0.998,1.79,0.998,1.79,0.998,1.79\n
355.47,0.998,1.723,0.998,1.723,0.998,1.723,0.998,1.723,0.998,1.723,0.998,1.723,0.998,1.723,0.998,1.723,0.998,1.723,0.998,1.723,0.998,1.723,0.998,1.723,0.998,1.723,0.998,1.723,0.998,1.723,0.998,1.723\n
359.37,0.998,1.655,0.998,1.655,0.998,1.655,0.998,1.655,0.998,1.655,0.998,1.655,0.998,1.655,0.998,1.655,0.998,1.655,0.998,1.655,0.998,1.655,0.998,1.655,0.998,1.655,0.998,1.655,0.998,1.655,0.998,1.655\n
363.28,0.998,1.587,0.998,1.587,0.998,1.587,0.998,1.587,0.998,1.587,0.998,1.587,0.998,1.587,0.998,1.587,0.998,1.587,0.998,1.587,0.998,1.587,0.998,1.587,0.998,1.587,0.998,1.587,0.998,1.587,0.998,1.587\n
367.19,0.998,1.518,0.998,1.518,0.998,1.518,0.998,1.518,0.998,1.518,0.998,1.518,0.998,1.518,0.998,1.518,0.998,1.518,0.998,1.518,0.998,1.518,0.998,1.518,0.998,1.518,0.998,1.518,0.998,1.518,0.998,1.518\n
371.09,0.998,1.449,0.998,1.449,0.998,1.449,0.998,1.449,0.998,1.449,0.998,1.449,0.998,1.449,0.998,1.449,0.998,1.449,0.998,1.449,0.998,1.449,0.998,1.449,0.998,1.449,0.998,1.449,0.998,1.449,0.998,1.449\n
375,0.997,1.38,0.997,1.38,0.997,1.38,0.997,1.38,0.997,1.38,0.997,1.38,0.997,1.38,0.997,1.38,0.997,1.38,0.997,1.38,0.997,1.38,0.997,1.38,0.997,1.38,0.997,1.38,0.997,1.38,0.997,1.38\n
378.91,0.997,1.309,0.997,1.309,0.997,1.309,0.997,1.309,0.997,1.309,0.997,1.309,0.997,1.309,0.997,1.309,0.997,1.309,0.997,1.309,0.997,1.309,0.997,1.309,0.997,1.309,0.997,1.309,0.997,1.309,0.997,1.309\n
382.81,0.997,1.239,0.997,1.239,0.997,1.239,0.997,1.239,0.997,1.239,0.997,1.239,0.997,1.239,0.997,1.239,0.997,1.239,0.997,1.239,0.997,1.239,0.997,1.239,0.997,1.239,0.997,1.239,0.997,1.239,0.997,1.239\n
386.72,0.996,1.167,0.996,1.167,0.996,1.167,0.996,1.167,0.996,1.167,0.996,1.167,0.996,1.167,0.996,1.167,0.996,1.167,0.996,1.167,0.996,1.167,0.996,1.167,0.996,1.167,0.996,1.167,0.996,1.167,0.996,1.167\n
390.62,0.996,1.095,0.996,1.095,0.996,1.095,0.996,1.095,0.996,1.095,0.996,1.095,0.996,1.095,0.996,1.095,0.996,1.095,0.996,1.095,0.996,1.095,0.996,1.095,0.996,1.095,0.996,1.095,0.996,1.095,0.996,1.095\n
394.53,0.995,1.022,0.995,1.022,0.995,1.022,0.995,1.022,0.995,1.022,0.995,1.022,0.995,1.022,0.995,1.022,0.995,1.022,0.995,1.022,0.995,1.022,0.995,1.022,0.995,1.022,0.995,1.022,0.995,1.022,0.995,1.022\n
398.44,0.994,0.948,0.994,0.948,0.994,0.948,0.994,0.948,0.994,0.948,0.994,0.948,0.994,0.948,0.994,0.948,0.994,0.948,0.994,0.948,0.994,0.948,0.994,0.948,0.994,0.948,0.994,0.948,0.994,0.948,0.994,0.948\n
402.34,0.993,0.874,0.993,0.874,0.993,0.874,0.993,0.874,0.993,0.874,0.993,0.874,0.993,0.874,0.993,0.874,0.993,0.874,0.993,0.874,0.993,0.874,0.993,0.874,0.993,0.874,0.993,0.874,0.993,0.874,0.993,0.874\n
406.25,0.991,0.798,0.991,0.798,0.991,0.798,0.991,0.798,0.991,0.798,0.991,0.798,0.991,0.798,0.991,0.798,0.991,0.798,0.991,0.798,0.991,0.798,0.991,0.798,0.991,0.798,0.991,0.798,0.991,0.798,0.991,0.798\n
410.16,0.99,0.722,0.99,0.722,0.99,0.722,0.99,0.722,0.99,0.722,0.99,0.722,0.99,0.722,0.99,0.722,0.99,0.722,0.99,0.722,0.99,0.722,0.99,0.722,0.99,0.722,0.99,0.722,0.99,0.722,0.99,0.722\n
414.06,0.988,0.645,0.988,0.645,0.988,0.645,0.988,0.645,0.988,0.645,0.988,0.645,0.988,0.645,0.988,0.645,0.988,0.645,0.988,0.645,0.988,0.645,0.988,0.645,0.988,0.645,0.988,0.645,0.988,0.645,0.988,0.645\n
417.97,0.986,0.566,0.986,0.566,0.986,0.566,0.986,0.566,0.986,0.566,0.986,0.566,0.986,0.566,0.986,0.566,0.986,0.566,0.986,0.566,0.986,0.566,0.986,0.566,0.986,0.566,0.986,0.566,0.986,0.566,0.986,0.566\n
421.87,0.983,0.487,0.983,0.487,0.983,0.487,0.983,0.487,0.983,0.487,0.983,0.487,0.983,0.487,0.983,0.487,0.983,0.487,0.983,0.487,0.983,0.487,0.983,0.487,0.983,0.487,0.983,0.487,0.983,0.487,0.983,0.487\n
425.78,0.98,0.406,0.98,0.406,0.98,0.406,0.98,0.406,0.98,0.406,0.98,0.406,0.98,0.406,0.98,0.406,0.98,0.406,0.98,0.406,0.98,0.406,0.98,0.406,0.98,0.406,0.98,0.406,0.98,0.406,0.98,0.406\n
429.69,0.976,0.324,0.976,0.324,0.976,0.324,0.976,0.324,0.976,0.324,0.976,0.324,0.976,0.324,0.976,0.324,0.976,0.324,0.976,0.324,0.976,0.324,0.976,0.324,0.976,0.324,0.976,0.324,0.976,0.324,0.976,0.324\n
433.59,0.972,0.241,0.972,0.241,0.972,0.241,0.972,0.241,0.972,0.241,0.972,0.241,0.972,0.241,0.972,0.241,0.972,0.241,0.972,0.241,0.972,0.241,0.972,0.241,0.972,0.241,0.972,0.241,0.972,0.241,0.972,0.241\n
437.5,0.967,0.157,0.967,0.157,0.967,0.157,0.967,0.157,0.967,0.157,0.967,0.157,0.967,0.157,0.967,0.157,0.967,0.157,0.967,0.157,0.967,0.157,0.967,0.157,0.967,0.157,0.967,0.157,0.967,0.157,0.967,0.157\n
441.41,0.961,0.071,0.961,0.071,0.961,0.071,0.961,0.071,0.961,0.071,0.961,0.071,0.961,0.071,0.961,0.071,0.961,0.071,0.961,0.071,0.961,0.071,0.961,0.071,0.961,0.071,0.961,0.071,0.961,0.071,0.961,0.071\n
445.31,0.954,-0.016,0.954,-0.016,0.954,-0.016,0.954,-0.016,0.954,-0.016,0.954,-0.016,0.954,-0.016,0.954,-0.016,0.954,-0.016,0.954,-0.016,0.954,-0.016,0.954,-0.016,0.954,-0.016,0.954,-0.016,0.954,-0.016,0.954,-0.016\n
449.22,0.946,-0.104,0.946,-0.104,0.946,-0.104,0.946,-0.104,0.946,-0.104,0.946,-0.104,0.946,-0.104,0.946,-0.104,0.946,-0.104,0.946,-0.104,0.946,-0.104,0.946,-0.104,0.946,-0.104,0.946,-0.104,0.946,-0.104,0.946,-0.104\n
453.12,0.936,-0.194,0.936,-0.194,0.936,-0.194,0.936,-0.194,0.936,-0.194,0.936,-0.194,0.936,-0.194,0.936,-0.194,0.936,-0.194,0.936,-0.194,0.936,-0.194,0.936,-0.194,0.936,-0.194,0.936,-0.194,0.936,-0.194,0.936,-0.194\n
457.03,0.926,-0.285,0.926,-0.285,0.926,-0.285,0.926,-0.285,0.926,-0.285,0.926,-0.285,0.926,-0.285,0.926,-0.285,0.926,-0.285,0.926,-0.285,0.926,-0.285,0.926,-0.285,0.926,-0.285,0.926,-0.285,0.926,-0.285,0.926,-0.285\n
460.94,0.914,-0.377,0.914,-0.377,0.914,-0.377,0.914,-0.377,0.914,-0.377,0.914,-0.377,0.914,-0.377,0.914,-0.377,0.914,-0.377,0.914,-0.377,0.914,-0.377,0.914,-0.377,0.914,-0.377,0.914,-0.377,0.914,-0.377,0.914,-0.377\n
464.84,0.9,-0.471,0.9,-0.471,0.9,-0.471,0.9,-0.471,0.9,-0.471,0.9,-0.471,0.9,-0.471,0.9,-0.471,0.9,-0.471,0.9,-0.471,0.9,-0.471,0.9,-0.471,0.9,-0.471,0.9,-0.471,0.9,-0.471,0.9,-0.471\n
468.75,0.885,-0.566,0.885,-0.566,0.885,-0.566,0.885,-0.566,0.885,-0.566,0.885,-0.566,0.885,-0.566,0.885,-0.566,0.885,-0.566,0.885,-0.566,0.885,-0.566,0.885,-0.566,0.885,-0.566,0.885,-0.566,0.885,-0.566,0.885,-0.566\n
472.66,0.868,-0.661,0.868,-0.661,0.868,-0.661,0.868,-0.661,0.868,-0.661,0.868,-0.661,0.868,-0.661,0.868,-0.661,0.868,-0.661,0.868,-0.661,0.868,-0.661,0.868,-0.661,0.868,-0.661,0.868,-0.661,0.868,-0.661,0.868,-0.661\n
476.56,0.85,-0.758,0.85,-0.758,0.85,-0.758,0.85,-0.758,0.85,-0.758,0.85,-0.758,0.85,-0.758,0.85,-0.758,0.85,-0.758,0.85,-0.758,0.85,-0.758,0.85,-0.758,0.85,-0.758,0.85,-0.758,0.85,-0.758,0.85,-0.758\n
480.47,0.83,-0.855,0.83,-0.855,0.83,-0.855,0.83,-0.855,0.83,-0.855,0.83,-0.855,0.83,-0.855,0.83,-0.855,0.83,-0.855,0.83,-0.855,0.83,-0.855,0.83,-0.855,0.83,-0.855,0.83,-0.855,0.83,-0.855,0.83,-0.855\n
484.37,0.808,-0.952,0.808,-0.952,0.808,-0.952,0.808,-0.952,0.808,-0.952,0.808,-0.952,0.808,-0.952,0.808,-0.952,0.808,-0.952,0.808,-0.952,0.808,-0.952,0.808,-0.952,0.808,-0.952,0.808,-0.952,0.808,-0.952,0.808,-0.952\n
488.28,0.785,-1.05,0.785,-1.05,0.785,-1.05,0.785,-1.05,0.785,-1.05,0.785,-1.05,0.785,-1.05,0.785,-1.05,0.785,-1.05,0.785,-1.05,0.785,-1.05,0.785,-1.05,0.785,-1.05,0.785,-1.05,0.785,-1.05,0.785,-1.05\n
492.19,0.76,-1.148,0.76,-1.148,0.76,-1.148,0.76,-1.148,0.76,-1.148,0.76,-1.148,0.76,-1.148,0.76,-1.148,0.76,-1.148,0.76,-1.148,0.76,-1.148,0.76,-1.148,0.76,-1.148,0.76,-1.148,0.76,-1.148,0.76,-1.148\n
496.09,0.734,-1.245,0.734,-1.245,0.734,-1.245,0.734,-1.245,0.734,-1.245,0.734,-1.245,0.734,-1.245,0.734,-1.245,0.734,-1.245,0.734,-1.245,0.734,-1.245,0.734,-1.245,0.734,-1.245,0.734,-1.245,0.734,-1.245,0.734,-1.245\n
500,0.707,-1.343,0.707,-1.343,0.707,-1.343,0.707,-1.343,0.707,-1.343,0.707,-1.343,0.707,-1.343,0.707,-1.343,0.707,-1.343,0.707,-1.343,0.707,-1.343,0.707,-1.343,0.707,-1.343,0.707,-1.343,0.707,-1.343,0.707,-1.343\n
503.91,0.679,-1.439,0.679,-1.439,0.679,-1.439,0.679,-1.439,0.679,-1.439,0.679,-1.439,0.679,-1.439,0.679,-1.439,0.679,-1.439,0.679,-1.439,0.679,-1.439,0.679,-1.439,0.679,-1.439,0.679,-1.439,0.679,-1.439,0.679,-1.439\n
507.81,0.65,-1.534,0.65,-1.534,0.65,-1.534,0.65,-1.534,0.65,-1.534,0.65,-1.534,0.65,-1.534,0.65,-1.534,0.65,-1.534,0.65,-1.534,0.65,-1.534,0.65,-1.534,0.65,-1.534,0.65,-1.534,0.65,-1.534,0.65,-1.534\n
511.72,0.621,-1.628,0.621,-1.628,0.621,-1.628,0.621,-1.628,0.621,-1.628,0.621,-1.628,0.621,-1.628,0.621,-1.628,0.621,-1.628,0.621,-1.628,0.621,-1.628,0.621,-1.628,0.621,-1.628,0.621,-1.628,0.621,-1.628,0.621,-1.628\n
515.62,0.592,-1.721,0.592,-1.721,0.592,-1.721,0.592,-1.721,0.592,-1.721,0.592,-1.721,0.592,-1.721,0.592,-1.721,0.592,-1.721,0.592,-1.721,0.592,-1.721,0.592,-1.721,0.592,-1.721,0.592,-1.721,0.592,-1.721,0.592,-1.721\n
519.53,0.563,-1.812,0.563,-1.812,0.563,-1.812,0.563,-1.812,0.563,-1.812,0.563,-1.812,0.563,-1.812,0.563,-1.812,0.563,-1.812,0.563,-1.812,0.563,-1.812,0.563,-1.812,0.563,-1.812,0.563,-1.812,0.563,-1.812,0.563,-1.812\n
523.44,0.534,-1.901,0.534,-1.901,0.534,-1.901,0.534,-1.901,0.534,-1.901,0.534,-1.901,0.534,-1.901,0.534,-1.901,0.534,-1.901,0.534,-1.901,0.534,-1.901,0.534,-1.901,0.534,-1.901,0.534,-1.901,0.534,-1.901,0.534,-1.901\n
527.34,0.506,-1.988,0.506,-1.988,0.506,-1.988,0.506,-1.988,0.506,-1.988,0.506,-1.988,0.506,-1.988,0.506,-1.988,0.506,-1.988,0.506,-1.988,0.506,-1.988,0.506,-1.988,0.506,-1.988,0.506,-1.988,0.506,-1.988,0.506,-1.988\n
531.25,0.479,-2.074,0.479,-2.074,0.479,-2.074,0.479,-2.074,0.479,-2.074,0.479,-2.074,0.479,-2.074,0.479,-2.074,0.479,-2.074,0.479,-2.074,0.479,-2.074,0.479,-2.074,0.479,-2.074,0.479,-2.074,0.479,-2.074,0.479,-2.074\n
535.16,0.452,-2.157,0.452,-2.157,0.452,-2.157,0.452,-2.157,0.452,-2.157,0.452,-2.157,0.452,-2.157,0.452,-2.157,0.452,-2.157,0.452,-2.157,0.452,-2.157,0.452,-2.157,0.452,-2.157,0.452,-2.157,0.452,-2.157,0.452,-2.157\n
539.06,0.426,-2.239,0.426,-2.239,0.426,-2.239,0.426,-2.239,0.426,-2.239,0.426,-2.239,0.426,-2.239,0.426,-2.239,0.426,-2.239,0.426,-2.239,0.426,-2.239,0.426,-2.239,0.426,-2.239,0.426,-2.239,0.426,-2.239,0.426,-2.239\n
542.97,0.401,-2.318,0.401,-2.318,0.401,-2.318,0.401,-2.318,0.401,-2.318,0.401,-2.318,0.401,-2.318,0.401,-2.318,0.401,-2.318,0.401,-2.318,0.401,-2.318,0.401,-2.318,0.401,-2.318,0.401,-2.318,0.401,-2.318,0.401,-2.318\n
546.87,0.378,-2.395,0.378,-2.395,0.378,-2.395,0.378,-2.395,0.378,-2.395,0.378,-2.395,0.378,-2.395,0.378,-2.395,0.378,-2.395,0.378,-2.395,0.378,-2.395,0.378,-2.395,0.378,-2.395,0.378,-2.395,0.378,-2.395,0.378,-2.395\n
550.78,0.355,-2.471,0.355,-2.471,0.355,-2.471,0.355,-2.471,0.355,-2.471,0.355,-2.471,0.355,-2.471,0.355,-2.471,0.355,-2.471,0.355,-2.471,0.355,-2.471,0.355,-2.471,0.355,-2.471,0.355,-2.471,0.355,-2.471,0.355,-2.471\n
554.69,0.334,-2.544,0.334,-2.544,0.334,-2.544,0.334,-2.544,0.334,-2.544,0.334,-2.544,0.334,-2.544,0.334,-2.544,0.334,-2.544,0.334,-2.544,0.334,-2.544,0.334,-2.544,0.334,-2.544,0.334,-2.544,0.334,-2.544,0.334,-2.544\n
558.59,0.313,-2.616,0.313,-2.616,0.313,-2.616,0.313,-2.616,0.313,-2.616,0.313,-2.616,0.313,-2.616,0.313,-2.616,0.313,-2.616,0.313,-2.616,0.313,-2.616,0.313,-2.616,0.313,-2.616,0.313,-2.616,0.313,-2.616,0.313,-2.616\n
562.5,0.294,-2.685,0.294,-2.685,0.294,-2.685,0.294,-2.685,0.294,-2.685,0.294,-2.685,0.294,-2.685,0.294,-2.685,0.294,-2.685,0.294,-2.685,0.294,-2.685,0.294,-2.685,0.294,-2.685,0.294,-2.685,0.294,-2.685,0.294,-2.685\n
566.41,0.276,-2.753,0.276,-2.753,0.276,-2.753,0.276,-2.753,0.276,-2.753,0.276,-2.753,0.276,-2.753,0.276,-2.753,0.276,-2.753,0.276,-2.753,0.276,-2.753,0.276,-2.753,0.276,-2.753,0.276,-2.753,0.276,-2.753,0.276,-2.753\n
570.31,0.259,-2.819,0.259,-2.819,0.259,-2.819,0.259,-2.819,0.259,-2.819,0.259,-2.819,0.259,-2.819,0.259,-2.819,0.259,-2.819,0.259,-2.819,0.259,-2.819,0.259,-2.819,0.259,-2.819,0.259,-2.819,0.259,-2.819,0.259,-2.819\n
574.22,0.243,-2.883,0.243,-2.883,0.243,-2.883,0.243,-2.883,0.243,-2.883,0.243,-2.883,0.243,-2.883,0.243,-2.883,0.243,-2.883,0.243,-2.883,0.243,-2.883,0.243,-2.883,0.243,-2.883,0.243,-2.883,0.243,-2.883,0.243,-2.883\n
578.12,0.228,-2.946,0.228,-2.946,0.228,-2.946,0.228,-2.946,0.228,-2.946,0.228,-2.946,0.228,-2.946,0.228,-2.946,0.228,-2.946,0.228,-2.946,0.228,-2.946,0.228,-2.946,0.228,-2.946,0.228,-2.946,0.228,-2.946,0.228,-2.946\n
582.03,0.214,-3.007,0.214,-3.007,0.214,-3.007,0.214,-3.007,0.214,-3.007,0.214,-3.007,0.214,-3.007,0.214,-3.007,0.214,-3.007,0.214,-3.007,0.214,-3.007,0.214,-3.007,0.214,-3.007,0.214,-3.007,0.214,-3.007,0.214,-3.007\n
585.94,0.201,-3.067,0.201,-3.067,0.201,-3.067,0.201,-3.067,0.201,-3.067,0.201,-3.067,0.201,-3.067,0.201,-3.067,0.201,-3.067,0.201,-3.067,0.201,-3.067,0.201,-3.067,0.201,-3.067,0.201,-3.067,0.201,-3.067,0.201,-3.067\n
589.84,0.188,-3.125,0.188,-3.125,0.188,-3.125,0.188,-3.125,0.188,-3.125,0.188,-3.125,0.188,-3.125,0.188,-3.125,0.188,-3.125,0.188,-3.125,0.188,-3.125,0.188,-3.125,0.188,-3.125,0.188,-3.125,0.188,-3.125,0.188,-3.125\n
593.75,0.176,3.102,0.176,3.102,0.176,3.102,0.176,3.102,0.176,3.102,0.176,3.102,0.176,3.102,0.176,3.102,0.176,3.102,0.176,3.102,0.176,3.102,0.176,3.102,0.176,3.102,0.176,3.102,0.176,3.102,0.176,3.102\n
597.66,0.166,3.046,0.166,3.046,0.166,3.046,0.166,3.046,0.166,3.046,0.166,3.046,0.166,3.046,0.166,3.046,0.166,3.046,0.166,3.046,0.166,3.046,0.166,3.046,0.166,3.046,0.166,3.046,0.166,3.046,0.166,3.046\n
601.56,0.155,2.992,0.155,2.992,0.155,2.992,0.155,2.992,0.155,2.992,0.155,2.992,0.155,2.992,0.155,2.992,0.155,2.992,0.155,2.992,0.155,2.992,0.155,2.992,0.155,2.992,0.155,2.992,0.155,2.992,0.155,2.992\n
605.47,0.146,2.939,0.146,2.939,0.146,2.939,0.146,2.939,0.146,2.939,0.146,2.939,0.146,2.939,0.146,2.939,0.146,2.939,0.146,2.939,0.146,2.939,0.146,2.939,0.146,2.939,0.146,2.939,0.146,2.939,0.146,2.939\n
609.37,0.137,2.888,0.137,2.888,0.137,2.888,0.137,2.888,0.137,2.888,0.137,2.888,0.137,2.888,0.137,2.888,0.137,2.888,0.137,2.888,0.137,2.888,0.137,2.888,0.137,2.888,0.137,2.888,0.137,2.888,0.137,2.888\n
613.28,0.129,2.837,0.129,2.837,0.129,2.837,0.129,2.837,0.129,2.837,0.129,2.837,0.129,2.837,0.129,2.837,0.129,2.837,0.129,2.837,0.129,2.837,0.129,2.837,0.129,2.837,0.129,2.837,0.129,2.837,0.129,2.837\n
617.19,0.121,2.787,0.121,2.787,0.121,2.787,0.121,2.787,0.121,2.787,0.121,2.787,0.121,2.787,0.121,2.787,0.121,2.787,0.121,2.787,0.121,2.787,0.121,2.787,0.121,2.787,0.121,2.787,0.121,2.787,0.121,2.787\n
621.09,0.114,2.739,0.114,2.739,0.114,2.739,0.114,2.739,0.114,2.739,0.114,2.739,0.114,2.739,0.114,2.739,0.114,2.739,0.114,2.739,0.114,2.739,0.114,2.739,0.114,2.739,0.114,2.739,0.114,2.739,0.114,2.739\n
625,0.107,2.692,0.107,2.692,0.107,2.692,0.107,2.692,0.107,2.692,0.107,2.692,0.107,2.692,0.107,2.692,0.107,2.692,0.107,2.692,0.107,2.692,0.107,2.692,0.107,2.692,0.107,2.692,0.107,2.692,0.107,2.692\n
628.91,0.1,2.645,0.1,2.645,0.1,2.645,0.1,2.645,0.1,2.645,0.1,2.645,0.1,2.645,0.1,2.645,0.1,2.645,0.1,2.645,0.1,2.645,0.1,2.645,0.1,2.645,0.1,2.645,0.1,2.645,0.1,2.645\n
632.81,0.094,2.6,0.094,2.6,0.094,2.6,0.094,2.6,0.094,2.6,0.094,2.6,0.094,2.6,0.094,2.6,0.094,2.6,0.094,2.6,0.094,2.6,0.094,2.6,0.094,2.6,0.094,2.6,0.094,2.6,0.094,2.6\n
636.72,0.089,2.555,0.089,2.555,0.089,2.555,0.089,2.555,0.089,2.555,0.089,2.555,0.089,2.555,0.089,2.555,0.089,2.555,0.089,2.555,0.089,2.555,0.089,2.555,0.089,2.555,0.089,2.555,0.089,2.555,0.089,2.555\n
640.62,0.084,2.511,0.084,2.511,0.084,2.511,0.084,2.511,0.084,2.511,0.084,2.511,0.084,2.511,0.084,2.511,0.084,2.511,0.084,2.511,0.084,2.511,0.084,2.511,0.084,2.511,0.084,2.511,0.084,2.511,0.084,2.511\n
644.53,0.079,2.468,0.079,2.468,0.079,2.468,0.079,2.468,0.079,2.468,0.079,2.468,0.079,2.468,0.079,2.468,0.079,2.468,0.079,2.468,0.079,2.468,0.079,2.468,0.079,2.468,0.079,2.468,0.079,2.468,0.079,2.468\n
648.44,0.074,2.426,0.074,2.426,0.074,2.426,0.074,2.426,0.074,2.426,0.074,2.426,0.074,2.426,0.074,2.426,0.074,2.426,0.074,2.426,0.074,2.426,0.074,2.426,0.074,2.426,0.074,2.426,0.074,2.426,0.074,2.426\n
652.34,0.07,2.384,0.07,2.384,0.07,2.384,0.07,2.384,0.07,2.384,0.07,2.384,0.07,2.384,0.07,2.384,0.07,2.384,0.07,2.384,0.07,2.384,0.07,2.384,0.07,2.384,0.07,2.384,0.07,2.384,0.07,2.384\n
656.25,0.066,2.344,0.066,2.344,0.066,2.344,0.066,2.344,0.066,2.344,0.066,2.344,0.066,2.344,0.066,2.344,0.066,2.344,0.066,2.344,0.066,2.344,0.066,2.344,0.066,2.344,0.066,2.344,0.066,2.344,0.066,2.344\n
660.16,0.062,2.304,0.062,2.304,0.062,2.304,0.062,2.304,0.062,2.304,0.062,2.304,0.062,2.304,0.062,2.304,0.062,2.304,0.062,2.304,0.062,2.304,0.062,2.304,0.062,2.304,0.062,2.304,0.062,2.304,0.062,2.304\n
664.06,0.058,2.264,0.058,2.264,0.058,2.264,0.058,2.264,0.058,2.264,0.058,2.264,0.058,2.264,0.058,2.264,0.058,2.264,0.058,2.264,0.058,2.264,0.058,2.264,0.058,2.264,0.058,2.264,0.058,2.264,0.058,2.264\n
667.97,0.055,2.226,0.055,2.226,0.055,2.226,0.055,2.226,0.055,2.226,0.055,2.226,0.055,2.226,0.055,2.226,0.055,2.226,0.055,2.226,0.055,2.226,0.055,2.226,0.055,2.226,0.055,2.226,0.055,2.226,0.055,2.226\n
671.87,0.052,2.188,0.052,2.188,0.052,2.188,0.052,2.188,0.052,2.188,0.052,2.188,0.052,2.188,0.052,2.188,0.052,2.188,0.052,2.188,0.052,2.188,0.052,2.188,0.052,2.188,0.052,2.188,0.052,2.188,0.052,2.188\n
675.78,0.049,2.151,0.049,2.151,0.049,2.151,0.049,2.151,0.049,2.151,0.049,2.151,0.049,2.151,0.049,2.151,0.049,2.151,0.049,2.151,0.049,2.151,0.049,2.151,0.049,2.151,0.049,2.151,0.049,2.151,0.049,2.151\n
679.69,0.046,2.114,0.046,2.114,0.046,2.114,0.046,2.114,0.046,2.114,0.046,2.114,0.046,2.114,0.046,2.114,0.046,2.114,0.046,2.114,0.046,2.114,0.046,2.114,0.046,2.114,0.046,2.114,0.046,2.114,0.046,2.114\n
683.59,0.044,2.078,0.044,2.078,0.044,2.078,0.044,2.078,0.044,2.078,0.044,2.078,0.044,2.078,0.044,2.078,0.044,2.078,0.044,2.078,0.044,2.078,0.044,2.078,0.044,2.078,0.044,2.078,0.044,2.078,0.044,2.078\n
687.5,0.041,2.042,0.041,2.042,0.041,2.042,0.041,2.042,0.041,2.042,0.041,2.042,0.041,2.042,0.041,2.042,0.041,2.042,0.041,2.042,0.041,2.042,0.041,2.042,0.041,2.042,0.041,2.042,0.041,2.042,0.041,2.042\n
691.41,0.039,2.007,0.039,2.007,0.039,2.007,0.039,2.007,0.039,2.007,0.039,2.007,0.039,2.007,0.039,2.007,0.039,2.007,0.039,2.007,0.039,2.007,0.039,2.007,0.039,2.007,0.039,2.007,0.039,2.007,0.039,2.007\n
695.31,0.037,1.973,0.037,1.973,0.037,1.973,0.037,1.973,0.037,1.973,0.037,1.973,0.037,1.973,0.037,1.973,0.037,1.973,0.037,1.973,0.037,1.973,0.037,1.973,0.037,1.973,0.037,1.973,0.037,1.973,0.037,1.973\n
699.22,0.035,1.939,0.035,1.939,0.035,1.939,0.035,1.939,0.035,1.939,0.035,1.939,0.035,1.939,0.035,1.939,0.035,1.939,0.035,1.939,0.035,1.939,0.035,1.939,0.035,1.939,0.035,1.939,0.035,1.939,0.035,1.939\n
703.12,0.033,1.906,0.033,1.906,0.033,1.906,0.033,1.906,0.033,1.906,0.033,1.906,0.033,1.906,0.033,1.906,0.033,1.906,0.033,1.906,0.033,1.906,0.033,1.906,0.033,1.906,0.033,1.906,0.033,1.906,0.033,1.906\n
707.03,0.031,1.873,0.031,1.873,0.031,1.873,0.031,1.873,0.031,1.873,0.031,1.873,0.031,1.873,0.031,1.873,0.031,1.873,0.031,1.873,0.031,1.873,0.031,1.873,0.031,1.873,0.031,1.873,0.031,1.873,0.031,1.873\n
710.94,0.03,1.84,0.03,1.84,0.03,1.84,0.03,1.84,0.03,1.84,0.03,1.84,0.03,1.84,0.03,1.84,0.03,1.84,0.03,1.84,0.03,1.84,0.03,1.84,0.03,1.84,0.03,1.84,0.03,1.84,0.03,1.84\n
714.84,0.028,1.808,0.028,1.808,0.028,1.808,0.028,1.808,0.028,1.808,0.028,1.808,0.028,1.808,0.028,1.808,0.028,1.808,0.028,1.808,0.028,1.808,0.028,1.808,0.028,1.808,0.028,1.808,0.028,1.808,0.028,1.808\n
718.75,0.027,1.777,0.027,1.777,0.027,1.777,0.027,1.777,0.027,1.777,0.027,1.777,0.027,1.777,0.027,1.777,0.027,1.777,0.027,1.777,0.027,1.777,0.027,1.777,0.027,1.777,0.027,1.777,0.027,1.777,0.027,1.777\n
722.66,0.025,1.746,0.025,1.746,0.025,1.746,0.025,1.746,0.025,1.746,0.025,1.746,0.025,1.746,0.025,1.746,0.025,1.746,0.025,1.746,0.025,1.746,0.025,1.746,0.025,1.746,0.025,1.746,0.025,1.746,0.025,1.746\n
726.56,0.024,1.715,0.024,1.715,0.024,1.715,0.024,1.715,0.024,1.715,0.024,1.715,0.024,1.715,0.024,1.715,0.024,1.715,0.024,1.715,0.024,1.715,0.024,1.715,0.024,1.715,0.024,1.715,0.024,1.715,0.024,1.715\n
730.47,0.023,1.685,0.023,1.685,0.023,1.685,0.023,1.685,0.023,1.685,0.023,1.685,0.023,1.685,0.023,1.685,0.023,1.685,0.023,1.685,0.023,1.685,0.023,1.685,0.023,1.685,0.023,1.685,0.023,1.685,0.023,1.685\n
734.37,0.021,1.655,0.021,1.655,0.021,1.655,0.021,1.655,0.021,1.655,0.021,1.655,0.021,1.655,0.021,1.655,0.021,1.655,0.021,1.655,0.021,1.655,0.021,1.655,0.021,1.655,0.021,1.655,0.021,1.655,0.021,1.655\n
738.28,0.02,1.626,0.02,1.626,0.02,1.626,0.02,1.626,0.02,1.626,0.02,1.626,0.02,1.626,0.02,1.626,0.02,1.626,0.02,1.626,0.02,1.626,0.02,1.626,0.02,1.626,0.02,1.626,0.02,1.626,0.02,1.626\n
742.19,0.019,1.597,0.019,1.597,0.019,1.597,0.019,1.597,0.019,1.597,0.019,1.597,0.019,1.597,0.019,1.597,0.019,1.597,0.019,1.597,0.019,1.597,0.019,1.597,0.019,1.597,0.019,1.597,0.019,1.597,0.019,1.597\n
746.09,0.018,1.569,0.018,1.569,0.018,1.569,0.018,1.569,0.018,1.569,0.018,1.569,0.018,1.569,0.018,1.569,0.018,1.569,0.018,1.569,0.018,1.569,0.018,1.569,0.018,1.569,0.018,1.569,0.018,1.569,0.018,1.569\n
750,0.017,1.541,0.017,1.541,0.017,1.541,0.017,1.541,0.017,1.541,0.017,1.541,0.017,1.541,0.017,1.541,0.017,1.541,0.017,1.541,0.017,1.541,0.017,1.541,0.017,1.541,0.017,1.541,0.017,1.541,0.017,1.541\n
753.91,0.016,1.513,0.016,1.513,0.016,1.513,0.016,1.513,0.016,1.513,0.016,1.513,0.016,1.513,0.016,1.513,0.016,1.513,0.016,1.513,0.016,1.513,0.016,1.513,0.016,1.513,0.016,1.513,0.016,1.513,0.016,1.513\n
757.81,0.016,1.485,0.016,1.485,0.016,1.485,0.016,1.485,0.016,1.485,0.016,1.485,0.016,1.485,0.016,1.485,0.016,1.485,0.016,1.485,0.016,1.485,0.016,1.485,0.016,1.485,0.016,1.485,0.016,1.485,0.016,1.485\n
761.72,0.015,1.458,0.015,1.458,0.015,1.458,0.015,1.458,0.015,1.458,0.015,1.458,0.015,1.458,0.015,1.458,0.015,1.458,0.015,1.458,0.015,1.458,0.015,1.458,0.015,1.458,0.015,1.458,0.015,1.458,0.015,1.458\n
765.62,0.014,1.432,0.014,1.432,0.014,1.432,0.014,1.432,0.014,1.432,0.014,1.432,0.014,1.432,0.014,1.432,0.014,1.432,0.014,1.432,0.014,1.432,0.014,1.432,0.014,1.432,0.014,1.432,0.014,1.432,0.014,1.432\n
769.53,0.013,1.405,0.013,1.405,0.013,1.405,0.013,1.405,0.013,1.405,0.013,1.405,0.013,1.405,0.013,1.405,0.013,1.405,0.013,1.405,0.013,1.405,0.013,1.405,0.013,1.405,0.013,1.405,0.013,1.405,0.013,1.405\n
773.44,0.013,1.379,0.013,1.379,0.013,1.379,0.013,1.379,0.013,1.379,0.013,1.379,0.013,1.379,0.013,1.379,0.013,1.379,0.013,1.379,0.013,1.379,0.013,1.379,0.013,1.379,0.013,1.379,0.013,1.379,0.013,1.379\n
777.34,0.012,1.353,0.012,1.353,0.012,1.353,0.012,1.353,0.012,1.353,0.012,1.353,0.012,1.353,0.012,1.353,0.012,1.353,0.012,1.353,0.012,1.353,0.012,1.353,0.012,1.353,0.012,1.353,0.012,1.353,0.012,1.353\n
781.25,0.012,1.328,0.012,1.328,0.012,1.328,0.012,1.328,0.012,1.328,0.012,1.328,0.012,1.328,0.012,1.328,0.012,1.328,0.012,1.328,0.012,1.328,0.012,1.328,0.012,1.328,0.012,1.328,0.012,1.328,0.012,1.328\n
785.16,0.011,1.303,0.011,1.303,0.011,1.303,0.011,1.303,0.011,1.303,0.011,1.303,0.011,1.303,0.011,1.303,0.011,1.303,0.011,1.303,0.011,1.303,0.011,1.303,0.011,1.303,0.011,1.303,0.011,1.303,0.011,1.303\n
789.06,0.01,1.278,0.01,1.278,0.01,1.278,0.01,1.278,0.01,1.278,0.01,1.278,0.01,1.278,0.01,1.278,0.01,1.278,0.01,1.278,0.01,1.278,0.01,1.278,0.01,1.278,0.01,1.278,0.01,1.278,0.01,1.278\n
792.97,0.01,1.254,0.01,1.254,0.01,1.254,0.01,1.254,0.01,1.254,0.01,1.254,0.01,1.254,0.01,1.254,0.01,1.254,0.01,1.254,0.01,1.254,0.01,1.254,0.01,1.254,0.01,1.254,0.01,1.254,0.01,1.254\n
796.87,0.009,1.229,0.009,1.229,0.009,1.229,0.009,1.229,0.009,1.229,0.009,1.229,0.009,1.229,0.009,1.229,0.009,1.229,0.009,1.229,0.009,1.229,0.009,1.229,0.009,1.229,0.009,1.229,0.009,1.229,0.009,1.229\n
800.78,0.009,1.206,0.009,1.206,0.009,1.206,0.009,1.206,0.009,1.206,0.009,1.206,0.009,1.206,0.009,1.206,0.009,1.206,0.009,1.206,0.009,1.206,0.009,1.206,0.009,1.206,0.009,1.206,0.009,1.206,0.009,1.206\n
804.69,0.009,1.182,0.009,1.182,0.009,1.182,0.009,1.182,0.009,1.182,0.009,1.182,0.009,1.182,0.009,1.182,0.009,1.182,0.009,1.182,0.009,1.182,0.009,1.182,0.009,1.182,0.009,1.182,0.009,1.182,0.009,1.182\n
808.59,0.008,1.159,0.008,1.159,0.008,1.159,0.008,1.159,0.008,1.159,0.008,1.159,0.008,1.159,0.008,1.159,0.008,1.159,0.008,1.159,0.008,1.159,0.008,1.159,0.008,1.159,0.008,1.159,0.008,1.159,0.008,1.159\n
812.5,0.008,1.135,0.008,1.135,0.008,1.135,0.008,1.135,0.008,1.135,0.008,1.135,0.008,1.135,0.008,1.135,0.008,1.135,0.008,1.135,0.008,1.135,0.008,1.135,0.008,1.135,0.008,1.135,0.008,1.135,0.008,1.135\n
816.41,0.007,1.113,0.007,1.113,0.007,1.113,0.007,1.113,0.007,1.113,0.007,1.113,0.007,1.113,0.007,1.113,0.007,1.113,0.007,1.113,0.007,1.113,0.007,1.113,0.007,1.113,0.007,1.113,0.007,1.113,0.007,1.113\n
820.31,0.007,1.09,0.007,1.09,0.007,1.09,0.007,1.09,0.007,1.09,0.007,1.09,0.007,1.09,0.007,1.09,0.007,1.09,0.007,1.09,0.007,1.09,0.007,1.09,0.007,1.09,0.007,1.09,0.007,1.09,0.007,1.09\n
824.22,0.007,1.068,0.007,1.068,0.007,1.068,0.007,1.068,0.007,1.068,0.007,1.068,0.007,1.068,0.007,1.068,0.007,1.068,0.007,1.068,0.007,1.068,0.007,1.068,0.007,1.068,0.007,1.068,0.007,1.068,0.007,1.068\n
828.12,0.006,1.046,0.006,1.046,0.006,1.046,0.006,1.046,0.006,1.046,0.006,1.046,0.006,1.046,0.006,1.046,0.006,1.046,0.006,1.046,0.006,1.046,0.006,1.046,0.006,1.046,0.006,1.046,0.006,1.046,0.006,1.046\n
832.03,0.006,1.024,0.006,1.024,0.006,1.024,0.006,1.024,0.006,1.024,0.006,1.024,0.006,1.024,0.006,1.024,0.006,1.024,0.006,1.024,0.006,1.024,0.006,1.024,0.006,1.024,0.006,1.024,0.006,1.024,0.006,1.024\n
835.94,0.006,1.002,0.006,1.002,0.006,1.002,0.006,1.002,0.006,1.002,0.006,1.002,0.006,1.002,0.006,1.002,0.006,1.002,0.006,1.002,0.006,1.002,0.006,1.002,0.006,1.002,0.006,1.002,0.006,1.002,0.006,1.002\n
839.84,0.006,0.981,0.006,0.981,0.006,0.981,0.006,0.981,0.006,0.981,0.006,0.981,0.006,0.981,0.006,0.981,0.006,0.981,0.006,0.981,0.006,0.981,0.006,0.981,0.006,0.981,0.006,0.981,0.006,0.981,0.006,0.981\n
843.75,0.005,0.96,0.005,0.96,0.005,0.96,0.005,0.96,0.005,0.96,0.005,0.96,0.005,0.96,0.005,0.96,0.005,0.96,0.005,0.96,0.005,0.96,0.005,0.96,0.005,0.96,0.005,0.96,0.005,0.96,0.005,0.96\n
847.66,0.005,0.939,0.005,0.939,0.005,0.939,0.005,0.939,0.005,0.939,0.005,0.939,0.005,0.939,0.005,0.939,0.005,0.939,0.005,0.939,0.005,0.939,0.005,0.939,0.005,0.939,0.005,0.939,0.005,0.939,0.005,0.939\n
851.56,0.005,0.919,0.005,0.919,0.005,0.919,0.005,0.919,0.005,0.919,0.005,0.919,0.005,0.919,0.005,0.919,0.005,0.919,0.005,0.919,0.005,0.919,0.005,0.919,0.005,0.919,0.005,0.919,0.005,0.919,0.005,0.919\n
855.47,0.005,0.898,0.005,0.898,0.005,0.898,0.005,0.898,0.005,0.898,0.005,0.898,0.005,0.898,0.005,0.898,0.005,0.898,0.005,0.898,0.005,0.898,0.005,0.898,0.005,0.898,0.005,0.898,0.005,0.898,0.005,0.898\n
859.37,0.004,0.878,0.004,0.878,0.004,0.878,0.004,0.878,0.004,0.878,0.004,0.878,0.004,0.878,0.004,0.878,0.004,0.878,0.004,0.878,0.004,0.878,0.004,0.878,0.004,0.878,0.004,0.878,0.004,0.878,0.004,0.878\n
863.28,0.004,0.858,0.004,0.858,0.004,0.858,0.004,0.858,0.004,0.858,0.004,0.858,0.004,0.858,0.004,0.858,0.004,0.858,0.004,0.858,0.004,0.858,0.004,0.858,0.004,0.858,0.004,0.858,0.004,0.858,0.004,0.858\n
867.19,0.004,0.838,0.004,0.838,0.004,0.838,0.004,0.838,0.004,0.838,0.004,0.838,0.004,0.838,0.004,0.838,0.004,0.838,0.004,0.838,0.004,0.838,0.004,0.838,0.004,0.838,0.004,0.838,0.004,0.838,0.004,0.838\n
871.09,0.004,0.819,0.004,0.819,0.004,0.819,0.004,0.819,0.004,0.819,0.004,0.819,0.004,0.819,0.004,0.819,0.004,0.819,0.004,0.819,0.004,0.819,0.004,0.819,0.004,0.819,0.004,0.819,0.004,0.819,0.004,0.819\n
875,0.004,0.799,0.004,0.799,0.004,0.799,0.004,0.799,0.004,0.799,0.004,0.799,0.004,0.799,0.004,0.799,0.004,0.799,0.004,0.799,0.004,0.799,0.004,0.799,0.004,0.799,0.004,0.799,0.004,0.799,0.004,0.799\n
878.91,0.004,0.78,0.004,0.78,0.004,0.78,0.004,0.78,0.004,0.78,0.004,0.78,0.004,0.78,0.004,0.78,0.004,0.78,0.004,0.78,0.004,0.78,0.004,0.78,0.004,0.78,0.004,0.78,0.004,0.78,0.004,0.78\n
882.81,0.003,0.761,0.003,0.761,0.003,0.761,0.003,0.761,0.003,0.761,0.003,0.761,0.003,0.761,0.003,0.761,0.003,0.761,0.003,0.761,0.003,0.761,0.003,0.761,0.003,0.761,0.003,0.761,0.003,0.761,0.003,0.761\n
886.72,0.003,0.742,0.003,0.742,0.003,0.742,0.003,0.742,0.003,0.742,0.003,0.742,0.003,0.742,0.003,0.742,0.003,0.742,0.003,0.742,0.003,0.742,0.003,0.742,0.003,0.742,0.003,0.742,0.003,0.742,0.003,0.742\n
890.62,0.003,0.724,0.003,0.724,0.003,0.724,0.003,0.724,0.003,0.724,0.003,0.724,0.003,0.724,0.003,0.724,0.003,0.724,0.003,0.724,0.003,0.724,0.003,0.724,0.003,0.724,0.003,0.724,0.003,0.724,0.003,0.724\n
894.53,0.003,0.706,0.003,0.706,0.003,0.706,0.003,0.706,0.003,0.706,0.003,0.706,0.003,0.706,0.003,0.706,0.003,0.706,0.003,0.706,0.003,0.706,0.003,0.706,0.003,0.706,0.003,0.706,0.003,0.706,0.003,0.706\n
898.44,0.003,0.687,0.003,0.687,0.003,0.687,0.003,0.687,0.003,0.687,0.003,0.687,0.003,0.687,0.003,0.687,0.003,0.687,0.003,0.687,0.003,0.687,0.003,0.687,0.003,0.687,0.003,0.687,0.003,0.687,0.003,0.687\n
902.34,0.003,0.669,0.003,0.669,0.003,0.669,0.003,0.669,0.003,0.669,0.003,0.669,0.003,0.669,0.003,0.669,0.003,0.669,0.003,0.669,0.003,0.669,0.003,0.669,0.003,0.669,0.003,0.669,0.003,0.669,0.003,0.669\n
906.25,0.003,0.651,0.003,0.651,0.003,0.651,0.003,0.651,0.003,0.651,0.003,0.651,0.003,0.651,0.003,0.651,0.003,0.651,0.003,0.651,0.003,0.651,0.003,0.651,0.003,0.651,0.003,0.651,0.003,0.651,0.003,0.651\n
910.16,0.003,0.634,0.003,0.634,0.003,0.634,0.003,0.634,0.003,0.634,0.003,0.634,0.003,0.634,0.003,0.634,0.003,0.634,0.003,0.634,0.003,0.634,0.003,0.634,0.003,0.634,0.003,0.634,0.003,0.634,0.003,0.634\n
914.06,0.002,0.616,0.002,0.616,0.002,0.616,0.002,0.616,0.002,0.616,0.002,0.616,0.002,0.616,0.002,0.616,0.002,0.616,0.002,0.616,0.002,0.616,0.002,0.616,0.002,0.616,0.002,0.616,0.002,0.616,0.002,0.616\n
917.97,0.002,0.599,0.002,0.599,0.002,0.599,0.002,0.599,0.002,0.599,0.002,0.599,0.002,0.599,0.002,0.599,0.002,0.599,0.002,0.599,0.002,0.599,0.002,0.599,0.002,0.599,0.002,0.599,0.002,0.599,0.002,0.599\n
921.87,0.002,0.582,0.002,0.582,0.002,0.582,0.002,0.582,0.002,0.582,0.002,0.582,0.002,0.582,0.002,0.582,0.002,0.582,0.002,0.582,0.002,0.582,0.002,0.582,0.002,0.582,0.002,0.582,0.002,0.582,0.002,0.582\n
925.78,0.002,0.565,0.002,0.565,0.002,0.565,0.002,0.565,0.002,0.565,0.002,0.565,0.002,0.565,0.002,0.565,0.002,0.565,0.002,0.565,0.002,0.565,0.002,0.565,0.002,0.565,0.002,0.565,0.002,0.565,0.002,0.565\n
929.69,0.002,0.548,0.002,0.548,0.002,0.548,0.002,0.548,0.002,0.548,0.002,0.548,0.002,0.548,0.002,0.548,0.002,0.548,0.002,0.548,0.002,0.548,0.002,0.548,0.002,0.548,0.002,0.548,0.002,0.548,0.002,0.548\n
933.59,0.002,0.531,0.002,0.531,0.002,0.531,0.002,0.531,0.002,0.531,0.002,0.531,0.002,0.531,0.002,0.531,0.002,0.531,0.002,0.531,0.002,0.531,0.002,0.531,0.002,0.531,0.002,0.531,0.002,0.531,0.002,0.531\n
937.5,0.002,0.515,0.002,0.515,0.002,0.515,0.002,0.515,0.002,0.515,0.002,0.515,0.002,0.515,0.002,0.515,0.002,0.515,0.002,0.515,0.002,0.515,0.002,0.515,0.002,0.515,0.002,0.515,0.002,0.515,0.002,0.515\n
941.41,0.002,0.498,0.002,0.498,0.002,0.498,0.002,0.498,0.002,0.498,0.002,0.498,0.002,0.498,0.002,0.498,0.002,0.498,0.002,0.498,0.002,0.498,0.002,0.498,0.002,0.498,0.002,0.498,0.002,0.498,0.002,0.498\n
945.31,0.002,0.482,0.002,0.482,0.002,0.482,0.002,0.482,0.002,0.482,0.002,0.482,0.002,0.482,0.002,0.482,0.002,0.482,0.002,0.482,0.002,0.482,0.002,0.482,0.002,0.482,0.002,0.482,0.002,0.482,0.002,0.482\n
949.22,0.002,0.466,0.002,0.466,0.002,0.466,0.002,0.466,0.002,0.466,0.002,0.466,0.002,0.466,0.002,0.466,0.002,0.466,0.002,0.466,0.002,0.466,0.002,0.466,0.002,0.466,0.002,0.466,0.002,0.466,0.002,0.466\n
953.12,0.002,0.45,0.002,0.45,0.002,0.45,0.002,0.45,0.002,0.45,0.002,0.45,0.002,0.45,0.002,0.45,0.002,0.45,0.002,0.45,0.002,0.45,0.002,0.45,0.002,0.45,0.002,0.45,0.002,0.45,0.002,0.45\n
957.03,0.002,0.434,0.002,0.434,0.002,0.434,0.002,0.434,0.002,0.434,0.002,0.434,0.002,0.434,0.002,0.434,0.002,0.434,0.002,0.434,0.002,0.434,0.002,0.434,0.002,0.434,0.002,0.434,0.002,0.434,0.002,0.434\n
960.94,0.001,0.419,0.001,0.419,0.001,0.419,0.001,0.419,0.001,0.419,0.001,0.419,0.001,0.419,0.001,0.419,0.001,0.419,0.001,0.419,0.001,0.419,0.001,0.419,0.001,0.419,0.001,0.419,0.001,0.419,0.001,0.419\n
964.84,0.001,0.403,0.001,0.403,0.001,0.403,0.001,0.403,0.001,0.403,0.001,0.403,0.001,0.403,0.001,0.403,0.001,0.403,0.001,0.403,0.001,0.403,0.001,0.403,0.001,0.403,0.001,0.403,0.001,0.403,0.001,0.403\n
968.75,0.001,0.388,0.001,0.388,0.001,0.388,0.001,0.388,0.001,0.388,0.001,0.388,0.001,0.388,0.001,0.388,0.001,0.388,0.001,0.388,0.001,0.388,0.001,0.388,0.001,0.388,0.001,0.388,0.001,0.388,0.001,0.388\n
972.66,0.001,0.373,0.001,0.373,0.001,0.373,0.001,0.373,0.001,0.373,0.001,0.373,0.001,0.373,0.001,0.373,0.001,0.373,0.001,0.373,0.001,0.373,0.001,0.373,0.001,0.373,0.001,0.373,0.001,0.373,0.001,0.373\n
976.56,0.001,0.358,0.001,0.358,0.001,0.358,0.001,0.358,0.001,0.358,0.001,0.358,0.001,0.358,0.001,0.358,0.001,0.358,0.001,0.358,0.001,0.358,0.001,0.358,0.001,0.358,0.001,0.358,0.001,0.358,0.001,0.358\n
980.47,0.001,0.343,0.001,0.343,0.001,0.343,0.001,0.343,0.001,0.343,0.001,0.343,0.001,0.343,0.001,0.343,0.001,0.343,0.001,0.343,0.001,0.343,0.001,0.343,0.001,0.343,0.001,0.343,0.001,0.343,0.001,0.343\n
984.37,0.001,0.328,0.001,0.328,0.001,0.328,0.001,0.328,0.001,0.328,0.001,0.328,0.001,0.328,0.001,0.328,0.001,0.328,0.001,0.328,0.001,0.328,0.001,0.328,0.001,0.328,0.001,0.328,0.001,0.328,0.001,0.328\n
988.28,0.001,0.313,0.001,0.313,0.001,0.313,0.001,0.313,0.001,0.313,0.001,0.313,0.001,0.313,0.001,0.313,0.001,0.313,0.001,0.313,0.001,0.313,0.001,0.313,0.001,0.313,0.001,0.313,0.001,0.313,0.001,0.313\n
992.19,0.001,0.299,0.001,0.299,0.001,0.299,0.001,0.299,0.001,0.299,0.001,0.299,0.001,0.299,0.001,0.299,0.001,0.299,0.001,0.299,0.001,0.299,0.001,0.299,0.001,0.299,0.001,0.299,0.001,0.299,0.001,0.299\n
996.09,0.001,0.284,0.001,0.284,0.001,0.284,0.001,0.284,0.001,0.284,0.001,0.284,0.001,0.284,0.001,0.284,0.001,0.284,0.001,0.284,0.001,0.284,0.001,0.284,0.001,0.284,0.001,0.284,0.001,0.284,0.001,0.284\n
1000,0.001,0.27,0.001,0.27,0.001,0.27,0.001,0.27,0.001,0.27,0.001,0.27,0.001,0.27,0.001,0.27,0.001,0.27,0.001,0.27,0.001,0.27,0.001,0.27,0.001,0.27,0.001,0.27,0.001,0.27,0.001,0.27\n