Frequency,Gain(Ch.0),Phase(Ch.0),Gain(Ch.1),Phase(Ch.1),Gain(Ch.2),Phase(Ch.2),Gain(Ch.3),Phase(Ch.3),Gain(Ch.4),Phase(Ch.4),Gain(Ch.5),Phase(Ch.5),Gain(Ch.6),Phase(Ch.6),Gain(Ch.7),Phase(Ch.7),Gain(Ch.8),Phase(Ch.8),Gain(Ch.9),Phase(Ch.9),Gain(Ch.10),Phase(Ch.10),Gain(Ch.11),Phase(Ch.11),Gain(Ch.12),Phase(Ch.12),Gain(Ch.13),Phase(Ch.13),Gain(Ch.14),Phase(Ch.14),Gain(Ch.15),Phase(Ch.15)
0.000000,64.777,3.142,64.777,3.142,64.777,3.142,64.777,3.142,64.777,3.142,64.777,3.142,64.777,3.142,64.777,3.142,64.777,3.142,64.777,3.142,64.777,3.142,64.777,3.142,64.777,3.142,64.777,3.142,64.777,3.142,64.777,3.142
2.930000,38.332,1.206,38.332,1.206,38.332,1.206,38.332,1.206,38.332,1.206,38.332,1.206,38.332,1.206,38.332,1.206,38.332,1.206,38.332,1.206,38.332,1.206,38.332,1.206,38.332,1.206,38.332,1.206,38.332,1.206,38.332,1.206
5.859000,11.455,-2.217,11.455,-2.217,11.455,-2.217,11.455,-2.217,11.455,-2.217,11.455,-2.217,11.455,-2.217,11.455,-2.217,11.455,-2.217,11.455,-2.217,11.455,-2.217,11.455,-2.217,11.455,-2.217,11.455,-2.217,11.455,-2.217,11.455,-2.217
8.789000,12.432,0.872,12.432,0.872,12.432,0.872,12.432,0.872,12.432,0.872,12.432,0.872,12.432,0.872,12.432,0.872,12.432,0.872,12.432,0.872,12.432,0.872,12.432,0.872,12.432,0.872,12.432,0.872,12.432,0.872,12.432,0.872
11.719000,11.804,-1.801,11.804,-1.801,11.804,-1.801,11.804,-1.801,11.804,-1.801,11.804,-1.801,11.804,-1.801,11.804,-1.801,11.804,-1.801,11.804,-1.801,11.804,-1.801,11.804,-1.801,11.804,-1.801,11.804,-1.801,11.804,-1.801,11.804,-1.801
14.648000,12.478,-0.708,12.478,-0.708,12.478,-0.708,12.478,-0.708,12.478,-0.708,12.478,-0.708,12.478,-0.708,12.478,-0.708,12.478,-0.708,12.478,-0.708,12.478,-0.708,12.478,-0.708,12.478,-0.708,12.478,-0.708,12.478,-0.708,12.478,-0.708
17.578000,30.849,-2.067,30.849,-2.067,30.849,-2.067,30.849,-2.067,30.849,-2.067,30.849,-2.067,30.849,-2.067,30.849,-2.067,30.849,-2.067,30.849,-2.067,30.849,-2.067,30.849,-2.067,30.849,-2.067,30.849,-2.067,30.849,-2.067,30.849,-2.067
20.508000,15.047,-2.514,15.047,-2.514,15.047,-2.514,15.047,-2.514,15.047,-2.514,15.047,-2.514,15.047,-2.514,15.047,-2.514,15.047,-2.514,15.047,-2.514,15.047,-2.514,15.047,-2.514,15.047,-2.514,15.047,-2.514,15.047,-2.514,15.047,-2.514
23.438000,24.924,-2.431,24.924,-2.431,24.924,-2.431,24.924,-2.431,24.924,-2.431,24.924,-2.431,24.924,-2.431,24.924,-2.431,24.924,-2.431,24.924,-2.431,24.924,-2.431,24.924,-2.431,24.924,-2.431,24.924,-2.431,24.924,-2.431,24.924,-2.431
26.367000,21.454,-2.344,21.454,-2.344,21.454,-2.344,21.454,-2.344,21.454,-2.344,21.454,-2.344,21.454,-2.344,21.454,-2.344,21.454,-2.344,21.454,-2.344,21.454,-2.344,21.454,-2.344,21.454,-2.344,21.454,-2.344,21.454,-2.344,21.454,-2.344
29.297000,40.19,-2.775,40.19,-2.775,40.19,-2.775,40.19,-2.775,40.19,-2.775,40.19,-2.775,40.19,-2.775,40.19,-2.775,40.19,-2.775,40.19,-2.775,40.19,-2.775,40.19,-2.775,40.19,-2.775,40.19,-2.775,40.19,-2.775,40.19,-2.775
32.227000,27.521,3.134,27.521,3.134,27.521,3.134,27.521,3.134,27.521,3.134,27.521,3.134,27.521,3.134,27.521,3.134,27.521,3.134,27.521,3.134,27.521,3.134,27.521,3.134,27.521,3.134,27.521,3.134,27.521,3.134,27.521,3.134
35.156000,40.058,2.89,40.058,2.89,40.058,2.89,40.058,2.89,40.058,2.89,40.058,2.89,40.058,2.89,40.058,2.89,40.058,2.89,40.058,2.89,40.058,2.89,40.058,2.89,40.058,2.89,40.058,2.89,40.058,2.89,40.058,2.89
38.086000,13.899,1.896,13.899,1.896,13.899,1.896,13.899,1.896,13.899,1.896,13.899,1.896,13.899,1.896,13.899,1.896,13.899,1.896,13.899,1.896,13.899,1.896,13.899,1.896,13.899,1.896,13.899,1.896,13.899,1.896,13.899,1.896
41.016000,31.086,-3.034,31.086,-3.034,31.086,-3.034,31.086,-3.034,31.086,-3.034,31.086,-3.034,31.086,-3.034,31.086,-3.034,31.086,-3.034,31.086,-3.034,31.086,-3.034,31.086,-3.034,31.086,-3.034,31.086,-3.034,31.086,-3.034,31.086,-3.034
43.945000,19.768,2.131,19.768,2.131,19.768,2.131,19.768,2.131,19.768,2.131,19.768,2.131,19.768,2.131,19.768,2.131,19.768,2.131,19.768,2.131,19.768,2.131,19.768,2.131,19.768,2.131,19.768,2.131,19.768,2.131,19.768,2.131
46.875000,25.589,3.009,25.589,3.009,25.589,3.009,25.589,3.009,25.589,3.009,25.589,3.009,25.589,3.009,25.589,3.009,25.589,3.009,25.589,3.009,25.589,3.009,25.589,3.009,25.589,3.009,25.589,3.009,25.589,3.009,25.589,3.009
49.805000,18.247,1.483,18.247,1.483,18.247,1.483,18.247,1.483,18.247,1.483,18.247,1.483,18.247,1.483,18.247,1.483,18.247,1.483,18.247,1.483,18.247,1.483,18.247,1.483,18.247,1.483,18.247,1.483,18.247,1.483,18.247,1.483
52.734000,23.364,-2.608,23.364,-2.608,23.364,-2.608,23.364,-2.608,23.364,-2.608,23.364,-2.608,23.364,-2.608,23.364,-2.608,23.364,-2.608,23.364,-2.608,23.364,-2.608,23.364,-2.608,23.364,-2.608,23.364,-2.608,23.364,-2.608,23.364,-2.608
55.664000,18.549,2.175,18.549,2.175,18.549,2.175,18.549,2.175,18.549,2.175,18.549,2.175,18.549,2.175,18.549,2.175,18.549,2.175,18.549,2.175,18.549,2.175,18.549,2.175,18.549,2.175,18.549,2.175,18.549,2.175,18.549,2.175
58.594000,24.485,-2.819,24.485,-2.819,24.485,-2.819,24.485,-2.819,24.485,-2.819,24.485,-2.819,24.485,-2.819,24.485,-2.819,24.485,-2.819,24.485,-2.819,24.485,-2.819,24.485,-2.819,24.485,-2.819,24.485,-2.819,24.485,-2.819,24.485,-2.819
61.523000,29.209,2.094,29.209,2.094,29.209,2.094,29.209,2.094,29.209,2.094,29.209,2.094,29.209,2.094,29.209,2.094,29.209,2.094,29.209,2.094,29.209,2.094,29.209,2.094,29.209,2.094,29.209,2.094,29.209,2.094,29.209,2.094
64.453000,6.339,2.982,6.339,2.982,6.339,2.982,6.339,2.982,6.339,2.982,6.339,2.982,6.339,2.982,6.339,2.982,6.339,2.982,6.339,2.982,6.339,2.982,6.339,2.982,6.339,2.982,6.339,2.982,6.339,2.982,6.339,2.982
67.383000,9.598,2.172,9.598,2.172,9.598,2.172,9.598,2.172,9.598,2.172,9.598,2.172,9.598,2.172,9.598,2.172,9.598,2.172,9.598,2.172,9.598,2.172,9.598,2.172,9.598,2.172,9.598,2.172,9.598,2.172,9.598,2.172
70.312000,19.844,-2.886,19.844,-2.886,19.844,-2.886,19.844,-2.886,19.844,-2.886,19.844,-2.886,19.844,-2.886,19.844,-2.886,19.844,-2.886,19.844,-2.886,19.844,-2.886,19.844,-2.886,19.844,-2.886,19.844,-2.886,19.844,-2.886,19.844,-2.886
73.242000,17.125,1.971,17.125,1.971,17.125,1.971,17.125,1.971,17.125,1.971,17.125,1.971,17.125,1.971,17.125,1.971,17.125,1.971,17.125,1.971,17.125,1.971,17.125,1.971,17.125,1.971,17.125,1.971,17.125,1.971,17.125,1.971
76.172000,16.804,-2.708,16.804,-2.708,16.804,-2.708,16.804,-2.708,16.804,-2.708,16.804,-2.708,16.804,-2.708,16.804,-2.708,16.804,-2.708,16.804,-2.708,16.804,-2.708,16.804,-2.708,16.804,-2.708,16.804,-2.708,16.804,-2.708,16.804,-2.708
79.102000,15.394,2.13,15.394,2.13,15.394,2.13,15.394,2.13,15.394,2.13,15.394,2.13,15.394,2.13,15.394,2.13,15.394,2.13,15.394,2.13,15.394,2.13,15.394,2.13,15.394,2.13,15.394,2.13,15.394,2.13,15.394,2.13
82.031000,21.793,-2.682,21.793,-2.682,21.793,-2.682,21.793,-2.682,21.793,-2.682,21.793,-2.682,21.793,-2.682,21.793,-2.682,21.793,-2.682,21.793,-2.682,21.793,-2.682,21.793,-2.682,21.793,-2.682,21.793,-2.682,21.793,-2.682,21.793,-2.682
84.961000,23.047,2.364,23.047,2.364,23.047,2.364,23.047,2.364,23.047,2.364,23.047,2.364,23.047,2.364,23.047,2.364,23.047,2.364,23.047,2.364,23.047,2.364,23.047,2.364,23.047,2.364,23.047,2.364,23.047,2.364,23.047,2.364
87.891000,25.572,2.999,25.572,2.999,25.572,2.999,25.572,2.999,25.572,2.999,25.572,2.999,25.572,2.999,25.572,2.999,25.572,2.999,25.572,2.999,25.572,2.999,25.572,2.999,25.572,2.999,25.572,2.999,25.572,2.999,25.572,2.999
90.820000,31.034,1.641,31.034,1.641,31.034,1.641,31.034,1.641,31.034,1.641,31.034,1.641,31.034,1.641,31.034,1.641,31.034,1.641,31.034,1.641,31.034,1.641,31.034,1.641,31.034,1.641,31.034,1.641,31.034,1.641,31.034,1.641
93.750000,16.265,-2.884,16.265,-2.884,16.265,-2.884,16.265,-2.884,16.265,-2.884,16.265,-2.884,16.265,-2.884,16.265,-2.884,16.265,-2.884,16.265,-2.884,16.265,-2.884,16.265,-2.884,16.265,-2.884,16.265,-2.884,16.265,-2.884,16.265,-2.884
96.680000,39.723,1.546,39.723,1.546,39.723,1.546,39.723,1.546,39.723,1.546,39.723,1.546,39.723,1.546,39.723,1.546,39.723,1.546,39.723,1.546,39.723,1.546,39.723,1.546,39.723,1.546,39.723,1.546,39.723,1.546,39.723,1.546
99.609000,14.172,-1.285,14.172,-1.285,14.172,-1.285,14.172,-1.285,14.172,-1.285,14.172,-1.285,14.172,-1.285,14.172,-1.285,14.172,-1.285,14.172,-1.285,14.172,-1.285,14.172,-1.285,14.172,-1.285,14.172,-1.285,14.172,-1.285,14.172,-1.285
102.539000,31.2,1.762,31.2,1.762,31.2,1.762,31.2,1.762,31.2,1.762,31.2,1.762,31.2,1.762,31.2,1.762,31.2,1.762,31.2,1.762,31.2,1.762,31.2,1.762,31.2,1.762,31.2,1.762,31.2,1.762,31.2,1.762
105.469000,19.971,-0.571,19.971,-0.571,19.971,-0.571,19.971,-0.571,19.971,-0.571,19.971,-0.571,19.971,-0.571,19.971,-0.571,19.971,-0.571,19.971,-0.571,19.971,-0.571,19.971,-0.571,19.971,-0.571,19.971,-0.571,19.971,-0.571,19.971,-0.571
108.398000,5.179,1.887,5.179,1.887,5.179,1.887,5.179,1.887,5.179,1.887,5.179,1.887,5.179,1.887,5.179,1.887,5.179,1.887,5.179,1.887,5.179,1.887,5.179,1.887,5.179,1.887,5.179,1.887,5.179,1.887,5.179,1.887
111.328000,18.111,-1.809,18.111,-1.809,18.111,-1.809,18.111,-1.809,18.111,-1.809,18.111,-1.809,18.111,-1.809,18.111,-1.809,18.111,-1.809,18.111,-1.809,18.111,-1.809,18.111,-1.809,18.111,-1.809,18.111,-1.809,18.111,-1.809,18.111,-1.809
114.258000,8.904,1.945,8.904,1.945,8.904,1.945,8.904,1.945,8.904,1.945,8.904,1.945,8.904,1.945,8.904,1.945,8.904,1.945,8.904,1.945,8.904,1.945,8.904,1.945,8.904,1.945,8.904,1.945,8.904,1.945,8.904,1.945
117.188000,31.262,-2.143,31.262,-2.143,31.262,-2.143,31.262,-2.143,31.262,-2.143,31.262,-2.143,31.262,-2.143,31.262,-2.143,31.262,-2.143,31.262,-2.143,31.262,-2.143,31.262,-2.143,31.262,-2.143,31.262,-2.143,31.262,-2.143,31.262,-2.143
120.117000,20.037,2.541,20.037,2.541,20.037,2.541,20.037,2.541,20.037,2.541,20.037,2.541,20.037,2.541,20.037,2.541,20.037,2.541,20.037,2.541,20.037,2.541,20.037,2.541,20.037,2.541,20.037,2.541,20.037,2.541,20.037,2.541
123.047000,51.765,-2.822,51.765,-2.822,51.765,-2.822,51.765,-2.822,51.765,-2.822,51.765,-2.822,51.765,-2.822,51.765,-2.822,51.765,-2.822,51.765,-2.822,51.765,-2.822,51.765,-2.822,51.765,-2.822,51.765,-2.822,51.765,-2.822,51.765,-2.822
125.977000,49.545,1.62,49.545,1.62,49.545,1.62,49.545,1.62,49.545,1.62,49.545,1.62,49.545,1.62,49.545,1.62,49.545,1.62,49.545,1.62,49.545,1.62,49.545,1.62,49.545,1.62,49.545,1.62,49.545,1.62,49.545,1.62
128.906000,70.159,-2.462,70.159,-2.462,70.159,-2.462,70.159,-2.462,70.159,-2.462,70.159,-2.462,70.159,-2.462,70.159,-2.462,70.159,-2.462,70.159,-2.462,70.159,-2.462,70.159,-2.462,70.159,-2.462,70.159,-2.462,70.159,-2.462,70.159,-2.462
131.836000,60.426,-0.455,60.426,-0.455,60.426,-0.455,60.426,-0.455,60.426,-0.455,60.426,-0.455,60.426,-0.455,60.426,-0.455,60.426,-0.455,60.426,-0.455,60.426,-0.455,60.426,-0.455,60.426,-0.455,60.426,-0.455,60.426,-0.455,60.426,-0.455
134.766000,832.154,-2.355,832.154,-2.355,832.154,-2.355,832.154,-2.355,832.154,-2.355,832.154,-2.355,832.154,-2.355,832.154,-2.355,832.154,-2.355,832.154,-2.355,832.154,-2.355,832.154,-2.355,832.154,-2.355,832.154,-2.355,832.154,-2.355,832.154,-2.355
137.695000,2039.18,2.552,2039.18,2.552,2039.18,2.552,2039.18,2.552,2039.18,2.552,2039.18,2.552,2039.18,2.552,2039.18,2.552,2039.18,2.552,2039.18,2.552,2039.18,2.552,2039.18,2.552,2039.18,2.552,2039.18,2.552,2039.18,2.552,2039.18,2.552
140.625000,2843.19,1.42,2843.19,1.42,2843.19,1.42,2843.19,1.42,2843.19,1.42,2843.19,1.42,2843.19,1.42,2843.19,1.42,2843.19,1.42,2843.19,1.42,2843.19,1.42,2843.19,1.42,2843.19,1.42,2843.19,1.42,2843.19,1.42,2843.19,1.42
143.555000,3146.11,0.629,3146.11,0.629,3146.11,0.629,3146.11,0.629,3146.11,0.629,3146.11,0.629,3146.11,0.629,3146.11,0.629,3146.11,0.629,3146.11,0.629,3146.11,0.629,3146.11,0.629,3146.11,0.629,3146.11,0.629,3146.11,0.629,3146.11,0.629
146.484000,3686.78,-0.003,3686.78,-0.003,3686.78,-0.003,3686.78,-0.003,3686.78,-0.003,3686.78,-0.003,3686.78,-0.003,3686.78,-0.003,3686.78,-0.003,3686.78,-0.003,3686.78,-0.003,3686.78,-0.003,3686.78,-0.003,3686.78,-0.003,3686.78,-0.003,3686.78,-0.003
149.414000,3984.02,-0.634,3984.02,-0.634,3984.02,-0.634,3984.02,-0.634,3984.02,-0.634,3984.02,-0.634,3984.02,-0.634,3984.02,-0.634,3984.02,-0.634,3984.02,-0.634,3984.02,-0.634,3984.02,-0.634,3984.02,-0.634,3984.02,-0.634,3984.02,-0.634,3984.02,-0.634
152.344000,4036.84,-1.128,4036.84,-1.128,4036.84,-1.128,4036.84,-1.128,4036.84,-1.128,4036.84,-1.128,4036.84,-1.128,4036.84,-1.128,4036.84,-1.128,4036.84,-1.128,4036.84,-1.128,4036.84,-1.128,4036.84,-1.128,4036.84,-1.128,4036.84,-1.128,4036.84,-1.128
155.273000,4219.41,-1.582,4219.41,-1.582,4219.41,-1.582,4219.41,-1.582,4219.41,-1.582,4219.41,-1.582,4219.41,-1.582,4219.41,-1.582,4219.41,-1.582,4219.41,-1.582,4219.41,-1.582,4219.41,-1.582,4219.41,-1.582,4219.41,-1.582,4219.41,-1.582,4219.41,-1.582
158.203000,4185.76,-1.99,4185.76,-1.99,4185.76,-1.99,4185.76,-1.99,4185.76,-1.99,4185.76,-1.99,4185.76,-1.99,4185.76,-1.99,4185.76,-1.99,4185.76,-1.99,4185.76,-1.99,4185.76,-1.99,4185.76,-1.99,4185.76,-1.99,4185.76,-1.99,4185.76,-1.99
161.133000,4289.71,-2.329,4289.71,-2.329,4289.71,-2.329,4289.71,-2.329,4289.71,-2.329,4289.71,-2.329,4289.71,-2.329,4289.71,-2.329,4289.71,-2.329,4289.71,-2.329,4289.71,-2.329,4289.71,-2.329,4289.71,-2.329,4289.71,-2.329,4289.71,-2.329,4289.71,-2.329
164.062000,4443.26,-2.684,4443.26,-2.684,4443.26,-2.684,4443.26,-2.684,4443.26,-2.684,4443.26,-2.684,4443.26,-2.684,4443.26,-2.684,4443.26,-2.684,4443.26,-2.684,4443.26,-2.684,4443.26,-2.684,4443.26,-2.684,4443.26,-2.684,4443.26,-2.684,4443.26,-2.684
166.992000,4426.88,-3.028,4426.88,-3.028,4426.88,-3.028,4426.88,-3.028,4426.88,-3.028,4426.88,-3.028,4426.88,-3.028,4426.88,-3.028,4426.88,-3.028,4426.88,-3.028,4426.88,-3.028,4426.88,-3.028,4426.88,-3.028,4426.88,-3.028,4426.88,-3.028,4426.88,-3.028
169.922000,4314.68,2.978,4314.68,2.978,4314.68,2.978,4314.68,2.978,4314.68,2.978,4314.68,2.978,4314.68,2.978,4314.68,2.978,4314.68,2.978,4314.68,2.978,4314.68,2.978,4314.68,2.978,4314.68,2.978,4314.68,2.978,4314.68,2.978,4314.68,2.978
172.852000,4477.73,2.717,4477.73,2.717,4477.73,2.717,4477.73,2.717,4477.73,2.717,4477.73,2.717,4477.73,2.717,4477.73,2.717,4477.73,2.717,4477.73,2.717,4477.73,2.717,4477.73,2.717,4477.73,2.717,4477.73,2.717,4477.73,2.717,4477.73,2.717
175.781000,4430.32,2.433,4430.32,2.433,4430.32,2.433,4430.32,2.433,4430.32,2.433,4430.32,2.433,4430.32,2.433,4430.32,2.433,4430.32,2.433,4430.32,2.433,4430.32,2.433,4430.32,2.433,4430.32,2.433,4430.32,2.433,4430.32,2.433,4430.32,2.433
178.711000,4595.18,2.235,4595.18,2.235,4595.18,2.235,4595.18,2.235,4595.18,2.235,4595.18,2.235,4595.18,2.235,4595.18,2.235,4595.18,2.235,4595.18,2.235,4595.18,2.235,4595.18,2.235,4595.18,2.235,4595.18,2.235,4595.18,2.235,4595.18,2.235
181.641000,4917.37,1.913,4917.37,1.913,4917.37,1.913,4917.37,1.913,4917.37,1.913,4917.37,1.913,4917.37,1.913,4917.37,1.913,4917.37,1.913,4917.37,1.913,4917.37,1.913,4917.37,1.913,4917.37,1.913,4917.37,1.913,4917.37,1.913,4917.37,1.913
184.570000,4501.88,1.646,4501.88,1.646,4501.88,1.646,4501.88,1.646,4501.88,1.646,4501.88,1.646,4501.88,1.646,4501.88,1.646,4501.88,1.646,4501.88,1.646,4501.88,1.646,4501.88,1.646,4501.88,1.646,4501.88,1.646,4501.88,1.646,4501.88,1.646
187.500000,4588.19,1.502,4588.19,1.502,4588.19,1.502,4588.19,1.502,4588.19,1.502,4588.19,1.502,4588.19,1.502,4588.19,1.502,4588.19,1.502,4588.19,1.502,4588.19,1.502,4588.19,1.502,4588.19,1.502,4588.19,1.502,4588.19,1.502,4588.19,1.502
190.430000,4868.11,1.275,4868.11,1.275,4868.11,1.275,4868.11,1.275,4868.11,1.275,4868.11,1.275,4868.11,1.275,4868.11,1.275,4868.11,1.275,4868.11,1.275,4868.11,1.275,4868.11,1.275,4868.11,1.275,4868.11,1.275,4868.11,1.275,4868.11,1.275
193.359000,5140.66,1.035,5140.66,1.035,5140.66,1.035,5140.66,1.035,5140.66,1.035,5140.66,1.035,5140.66,1.035,5140.66,1.035,5140.66,1.035,5140.66,1.035,5140.66,1.035,5140.66,1.035,5140.66,1.035,5140.66,1.035,5140.66,1.035,5140.66,1.035
196.289000,5175.27,0.747,5175.27,0.747,5175.27,0.747,5175.27,0.747,5175.27,0.747,5175.27,0.747,5175.27,0.747,5175.27,0.747,5175.27,0.747,5175.27,0.747,5175.27,0.747,5175.27,0.747,5175.27,0.747,5175.27,0.747,5175.27,0.747,5175.27,0.747
199.219000,4900.34,0.534,4900.34,0.534,4900.34,0.534,4900.34,0.534,4900.34,0.534,4900.34,0.534,4900.34,0.534,4900.34,0.534,4900.34,0.534,4900.34,0.534,4900.34,0.534,4900.34,0.534,4900.34,0.534,4900.34,0.534,4900.34,0.534,4900.34,0.534
202.148000,4953.11,0.365,4953.11,0.365,4953.11,0.365,4953.11,0.365,4953.11,0.365,4953.11,0.365,4953.11,0.365,4953.11,0.365,4953.11,0.365,4953.11,0.365,4953.11,0.365,4953.11,0.365,4953.11,0.365,4953.11,0.365,4953.11,0.365,4953.11,0.365
205.078000,5104.91,0.162,5104.91,0.162,5104.91,0.162,5104.91,0.162,5104.91,0.162,5104.91,0.162,5104.91,0.162,5104.91,0.162,5104.91,0.162,5104.91,0.162,5104.91,0.162,5104.91,0.162,5104.91,0.162,5104.91,0.162,5104.91,0.162,5104.91,0.162
208.008000,5166.69,-0.045,5166.69,-0.045,5166.69,-0.045,5166.69,-0.045,5166.69,-0.045,5166.69,-0.045,5166.69,-0.045,5166.69,-0.045,5166.69,-0.045,5166.69,-0.045,5166.69,-0.045,5166.69,-0.045,5166.69,-0.045,5166.69,-0.045,5166.69,-0.045,5166.69,-0.045
210.938000,5298.16,-0.235,5298.16,-0.235,5298.16,-0.235,5298.16,-0.235,5298.16,-0.235,5298.16,-0.235,5298.16,-0.235,5298.16,-0.235,5298.16,-0.235,5298.16,-0.235,5298.16,-0.235,5298.16,-0.235,5298.16,-0.235,5298.16,-0.235,5298.16,-0.235,5298.16,-0.235
213.867000,5462.09,-0.457,5462.09,-0.457,5462.09,-0.457,5462.09,-0.457,5462.09,-0.457,5462.09,-0.457,5462.09,-0.457,5462.09,-0.457,5462.09,-0.457,5462.09,-0.457,5462.09,-0.457,5462.09,-0.457,5462.09,-0.457,5462.09,-0.457,5462.09,-0.457,5462.09,-0.457
216.797000,5487.89,-0.666,5487.89,-0.666,5487.89,-0.666,5487.89,-0.666,5487.89,-0.666,5487.89,-0.666,5487.89,-0.666,5487.89,-0.666,5487.89,-0.666,5487.89,-0.666,5487.89,-0.666,5487.89,-0.666,5487.89,-0.666,5487.89,-0.666,5487.89,-0.666,5487.89,-0.666
219.727000,5553.74,-0.884,5553.74,-0.884,5553.74,-0.884,5553.74,-0.884,5553.74,-0.884,5553.74,-0.884,5553.74,-0.884,5553.74,-0.884,5553.74,-0.884,5553.74,-0.884,5553.74,-0.884,5553.74,-0.884,5553.74,-0.884,5553.74,-0.884,5553.74,-0.884,5553.74,-0.884
222.656000,5425.59,-1.076,5425.59,-1.076,5425.59,-1.076,5425.59,-1.076,5425.59,-1.076,5425.59,-1.076,5425.59,-1.076,5425.59,-1.076,5425.59,-1.076,5425.59,-1.076,5425.59,-1.076,5425.59,-1.076,5425.59,-1.076,5425.59,-1.076,5425.59,-1.076,5425.59,-1.076
225.586000,5629.93,-1.258,5629.93,-1.258,5629.93,-1.258,5629.93,-1.258,5629.93,-1.258,5629.93,-1.258,5629.93,-1.258,5629.93,-1.258,5629.93,-1.258,5629.93,-1.258,5629.93,-1.258,5629.93,-1.258,5629.93,-1.258,5629.93,-1.258,5629.93,-1.258,5629.93,-1.258
228.516000,5558.56,-1.492,5558.56,-1.492,5558.56,-1.492,5558.56,-1.492,5558.56,-1.492,5558.56,-1.492,5558.56,-1.492,5558.56,-1.492,5558.56,-1.492,5558.56,-1.492,5558.56,-1.492,5558.56,-1.492,5558.56,-1.492,5558.56,-1.492,5558.56,-1.492,5558.56,-1.492
231.445000,5478.78,-1.646,5478.78,-1.646,5478.78,-1.646,5478.78,-1.646,5478.78,-1.646,5478.78,-1.646,5478.78,-1.646,5478.78,-1.646,5478.78,-1.646,5478.78,-1.646,5478.78,-1.646,5478.78,-1.646,5478.78,-1.646,5478.78,-1.646,5478.78,-1.646,5478.78,-1.646
234.375000,5653.26,-1.86,5653.26,-1.86,5653.26,-1.86,5653.26,-1.86,5653.26,-1.86,5653.26,-1.86,5653.26,-1.86,5653.26,-1.86,5653.26,-1.86,5653.26,-1.86,5653.26,-1.86,5653.26,-1.86,5653.26,-1.86,5653.26,-1.86,5653.26,-1.86,5653.26,-1.86
237.305000,5350.59,-2.057,5350.59,-2.057,5350.59,-2.057,5350.59,-2.057,5350.59,-2.057,5350.59,-2.057,5350.59,-2.057,5350.59,-2.057,5350.59,-2.057,5350.59,-2.057,5350.59,-2.057,5350.59,-2.057,5350.59,-2.057,5350.59,-2.057,5350.59,-2.057,5350.59,-2.057
240.234000,5386.17,-2.176,5386.17,-2.176,5386.17,-2.176,5386.17,-2.176,5386.17,-2.176,5386.17,-2.176,5386.17,-2.176,5386.17,-2.176,5386.17,-2.176,5386.17,-2.176,5386.17,-2.176,5386.17,-2.176,5386.17,-2.176,5386.17,-2.176,5386.17,-2.176,5386.17,-2.176
243.164000,5696.39,-2.374,5696.39,-2.374,5696.39,-2.374,5696.39,-2.374,5696.39,-2.374,5696.39,-2.374,5696.39,-2.374,5696.39,-2.374,5696.39,-2.374,5696.39,-2.374,5696.39,-2.374,5696.39,-2.374,5696.39,-2.374,5696.39,-2.374,5696.39,-2.374,5696.39,-2.374
246.094000,5540.26,-2.603,5540.26,-2.603,5540.26,-2.603,5540.26,-2.603,5540.26,-2.603,5540.26,-2.603,5540.26,-2.603,5540.26,-2.603,5540.26,-2.603,5540.26,-2.603,5540.26,-2.603,5540.26,-2.603,5540.26,-2.603,5540.26,-2.603,5540.26,-2.603,5540.26,-2.603
249.023000,5317.41,-2.734,5317.41,-2.734,5317.41,-2.734,5317.41,-2.734,5317.41,-2.734,5317.41,-2.734,5317.41,-2.734,5317.41,-2.734,5317.41,-2.734,5317.41,-2.734,5317.41,-2.734,5317.41,-2.734,5317.41,-2.734,5317.41,-2.734,5317.41,-2.734,5317.41,-2.734
251.953000,5612.28,-2.898,5612.28,-2.898,5612.28,-2.898,5612.28,-2.898,5612.28,-2.898,5612.28,-2.898,5612.28,-2.898,5612.28,-2.898,5612.28,-2.898,5612.28,-2.898,5612.28,-2.898,5612.28,-2.898,5612.28,-2.898,5612.28,-2.898,5612.28,-2.898,5612.28,-2.898
254.883000,5497.5,-3.113,5497.5,-3.113,5497.5,-3.113,5497.5,-3.113,5497.5,-3.113,5497.5,-3.113,5497.5,-3.113,5497.5,-3.113,5497.5,-3.113,5497.5,-3.113,5497.5,-3.113,5497.5,-3.113,5497.5,-3.113,5497.5,-3.113,5497.5,-3.113,5497.5,-3.113
257.812000,5411.51,3.033,5411.51,3.033,5411.51,3.033,5411.51,3.033,5411.51,3.033,5411.51,3.033,5411.51,3.033,5411.51,3.033,5411.51,3.033,5411.51,3.033,5411.51,3.033,5411.51,3.033,5411.51,3.033,5411.51,3.033,5411.51,3.033,5411.51,3.033
260.742000,5515.2,2.853,5515.2,2.853,5515.2,2.853,5515.2,2.853,5515.2,2.853,5515.2,2.853,5515.2,2.853,5515.2,2.853,5515.2,2.853,5515.2,2.853,5515.2,2.853,5515.2,2.853,5515.2,2.853,5515.2,2.853,5515.2,2.853,5515.2,2.853
263.672000,5417.91,2.691,5417.91,2.691,5417.91,2.691,5417.91,2.691,5417.91,2.691,5417.91,2.691,5417.91,2.691,5417.91,2.691,5417.91,2.691,5417.91,2.691,5417.91,2.691,5417.91,2.691,5417.91,2.691,5417.91,2.691,5417.91,2.691,5417.91,2.691
266.602000,5528.91,2.527,5528.91,2.527,5528.91,2.527,5528.91,2.527,5528.91,2.527,5528.91,2.527,5528.91,2.527,5528.91,2.527,5528.91,2.527,5528.91,2.527,5528.91,2.527,5528.91,2.527,5528.91,2.527,5528.91,2.527,5528.91,2.527,5528.91,2.527
269.531000,5444.06,2.345,5444.06,2.345,5444.06,2.345,5444.06,2.345,5444.06,2.345,5444.06,2.345,5444.06,2.345,5444.06,2.345,5444.06,2.345,5444.06,2.345,5444.06,2.345,5444.06,2.345,5444.06,2.345,5444.06,2.345,5444.06,2.345,5444.06,2.345
272.461000,5438.47,2.205,5438.47,2.205,5438.47,2.205,5438.47,2.205,5438.47,2.205,5438.47,2.205,5438.47,2.205,5438.47,2.205,5438.47,2.205,5438.47,2.205,5438.47,2.205,5438.47,2.205,5438.47,2.205,5438.47,2.205,5438.47,2.205,5438.47,2.205
275.391000,5575.24,2.03,5575.24,2.03,5575.24,2.03,5575.24,2.03,5575.24,2.03,5575.24,2.03,5575.24,2.03,5575.24,2.03,5575.24,2.03,5575.24,2.03,5575.24,2.03,5575.24,2.03,5575.24,2.03,5575.24,2.03,5575.24,2.03,5575.24,2.03
278.320000,5523.96,1.843,5523.96,1.843,5523.96,1.843,5523.96,1.843,5523.96,1.843,5523.96,1.843,5523.96,1.843,5523.96,1.843,5523.96,1.843,5523.96,1.843,5523.96,1.843,5523.96,1.843,5523.96,1.843,5523.96,1.843,5523.96,1.843,5523.96,1.843
281.250000,5426.26,1.679,5426.26,1.679,5426.26,1.679,5426.26,1.679,5426.26,1.679,5426.26,1.679,5426.26,1.679,5426.26,1.679,5426.26,1.679,5426.26,1.679,5426.26,1.679,5426.26,1.679,5426.26,1.679,5426.26,1.679,5426.26,1.679,5426.26,1.679
284.180000,5397.46,1.523,5397.46,1.523,5397.46,1.523,5397.46,1.523,5397.46,1.523,5397.46,1.523,5397.46,1.523,5397.46,1.523,5397.46,1.523,5397.46,1.523,5397.46,1.523,5397.46,1.523,5397.46,1.523,5397.46,1.523,5397.46,1.523,5397.46,1.523
287.109000,5394.19,1.361,5394.19,1.361,5394.19,1.361,5394.19,1.361,5394.19,1.361,5394.19,1.361,5394.19,1.361,5394.19,1.361,5394.19,1.361,5394.19,1.361,5394.19,1.361,5394.19,1.361,5394.19,1.361,5394.19,1.361,5394.19,1.361,5394.19,1.361
290.039000,5434.02,1.189,5434.02,1.189,5434.02,1.189,5434.02,1.189,5434.02,1.189,5434.02,1.189,5434.02,1.189,5434.02,1.189,5434.02,1.189,5434.02,1.189,5434.02,1.189,5434.02,1.189,5434.02,1.189,5434.02,1.189,5434.02,1.189,5434.02,1.189
292.969000,5304.07,0.982,5304.07,0.982,5304.07,0.982,5304.07,0.982,5304.07,0.982,5304.07,0.982,5304.07,0.982,5304.07,0.982,5304.07,0.982,5304.07,0.982,5304.07,0.982,5304.07,0.982,5304.07,0.982,5304.07,0.982,5304.07,0.982,5304.07,0.982
295.898000,4870.23,0.835,4870.23,0.835,4870.23,0.835,4870.23,0.835,4870.23,0.835,4870.23,0.835,4870.23,0.835,4870.23,0.835,4870.23,0.835,4870.23,0.835,4870.23,0.835,4870.23,0.835,4870.23,0.835,4870.23,0.835,4870.23,0.835,4870.23,0.835
298.828000,4827.34,0.741,4827.34,0.741,4827.34,0.741,4827.34,0.741,4827.34,0.741,4827.34,0.741,4827.34,0.741,4827.34,0.741,4827.34,0.741,4827.34,0.741,4827.34,0.741,4827.34,0.741,4827.34,0.741,4827.34,0.741,4827.34,0.741,4827.34,0.741
301.758000,4798.06,0.601,4798.06,0.601,4798.06,0.601,4798.06,0.601,4798.06,0.601,4798.06,0.601,4798.06,0.601,4798.06,0.601,4798.06,0.601,4798.06,0.601,4798.06,0.601,4798.06,0.601,4798.06,0.601,4798.06,0.601,4798.06,0.601,4798.06,0.601
304.688000,4851.28,0.495,4851.28,0.495,4851.28,0.495,4851.28,0.495,4851.28,0.495,4851.28,0.495,4851.28,0.495,4851.28,0.495,4851.28,0.495,4851.28,0.495,4851.28,0.495,4851.28,0.495,4851.28,0.495,4851.28,0.495,4851.28,0.495,4851.28,0.495
307.617000,5044.02,0.33,5044.02,0.33,5044.02,0.33,5044.02,0.33,5044.02,0.33,5044.02,0.33,5044.02,0.33,5044.02,0.33,5044.02,0.33,5044.02,0.33,5044.02,0.33,5044.02,0.33,5044.02,0.33,5044.02,0.33,5044.02,0.33,5044.02,0.33
310.547000,5002.77,0.163,5002.77,0.163,5002.77,0.163,5002.77,0.163,5002.77,0.163,5002.77,0.163,5002.77,0.163,5002.77,0.163,5002.77,0.163,5002.77,0.163,5002.77,0.163,5002.77,0.163,5002.77,0.163,5002.77,0.163,5002.77,0.163,5002.77,0.163
313.477000,4978.1,0.003,4978.1,0.003,4978.1,0.003,4978.1,0.003,4978.1,0.003,4978.1,0.003,4978.1,0.003,4978.1,0.003,4978.1,0.003,4978.1,0.003,4978.1,0.003,4978.1,0.003,4978.1,0.003,4978.1,0.003,4978.1,0.003,4978.1,0.003
316.406000,4907.34,-0.141,4907.34,-0.141,4907.34,-0.141,4907.34,-0.141,4907.34,-0.141,4907.34,-0.141,4907.34,-0.141,4907.34,-0.141,4907.34,-0.141,4907.34,-0.141,4907.34,-0.141,4907.34,-0.141,4907.34,-0.141,4907.34,-0.141,4907.34,-0.141,4907.34,-0.141
319.336000,4958.31,-0.303,4958.31,-0.303,4958.31,-0.303,4958.31,-0.303,4958.31,-0.303,4958.31,-0.303,4958.31,-0.303,4958.31,-0.303,4958.31,-0.303,4958.31,-0.303,4958.31,-0.303,4958.31,-0.303,4958.31,-0.303,4958.31,-0.303,4958.31,-0.303,4958.31,-0.303
322.266000,4731.4,-0.464,4731.4,-0.464,4731.4,-0.464,4731.4,-0.464,4731.4,-0.464,4731.4,-0.464,4731.4,-0.464,4731.4,-0.464,4731.4,-0.464,4731.4,-0.464,4731.4,-0.464,4731.4,-0.464,4731.4,-0.464,4731.4,-0.464,4731.4,-0.464,4731.4,-0.464
325.195000,4709.23,-0.568,4709.23,-0.568,4709.23,-0.568,4709.23,-0.568,4709.23,-0.568,4709.23,-0.568,4709.23,-0.568,4709.23,-0.568,4709.23,-0.568,4709.23,-0.568,4709.23,-0.568,4709.23,-0.568,4709.23,-0.568,4709.23,-0.568,4709.23,-0.568,4709.23,-0.568
328.125000,4746.5,-0.717,4746.5,-0.717,4746.5,-0.717,4746.5,-0.717,4746.5,-0.717,4746.5,-0.717,4746.5,-0.717,4746.5,-0.717,4746.5,-0.717,4746.5,-0.717,4746.5,-0.717,4746.5,-0.717,4746.5,-0.717,4746.5,-0.717,4746.5,-0.717,4746.5,-0.717
331.055000,4775.16,-0.846,4775.16,-0.846,4775.16,-0.846,4775.16,-0.846,4775.16,-0.846,4775.16,-0.846,4775.16,-0.846,4775.16,-0.846,4775.16,-0.846,4775.16,-0.846,4775.16,-0.846,4775.16,-0.846,4775.16,-0.846,4775.16,-0.846,4775.16,-0.846,4775.16,-0.846
333.984000,4841.19,-1.008,4841.19,-1.008,4841.19,-1.008,4841.19,-1.008,4841.19,-1.008,4841.19,-1.008,4841.19,-1.008,4841.19,-1.008,4841.19,-1.008,4841.19,-1.008,4841.19,-1.008,4841.19,-1.008,4841.19,-1.008,4841.19,-1.008,4841.19,-1.008,4841.19,-1.008
336.914000,4822.82,-1.155,4822.82,-1.155,4822.82,-1.155,4822.82,-1.155,4822.82,-1.155,4822.82,-1.155,4822.82,-1.155,4822.82,-1.155,4822.82,-1.155,4822.82,-1.155,4822.82,-1.155,4822.82,-1.155,4822.82,-1.155,4822.82,-1.155,4822.82,-1.155,4822.82,-1.155
339.844000,4837.45,-1.325,4837.45,-1.325,4837.45,-1.325,4837.45,-1.325,4837.45,-1.325,4837.45,-1.325,4837.45,-1.325,4837.45,-1.325,4837.45,-1.325,4837.45,-1.325,4837.45,-1.325,4837.45,-1.325,4837.45,-1.325,4837.45,-1.325,4837.45,-1.325,4837.45,-1.325
342.773000,4696.41,-1.469,4696.41,-1.469,4696.41,-1.469,4696.41,-1.469,4696.41,-1.469,4696.41,-1.469,4696.41,-1.469,4696.41,-1.469,4696.41,-1.469,4696.41,-1.469,4696.41,-1.469,4696.41,-1.469,4696.41,-1.469,4696.41,-1.469,4696.41,-1.469,4696.41,-1.469
345.703000,4688.27,-1.621,4688.27,-1.621,4688.27,-1.621,4688.27,-1.621,4688.27,-1.621,4688.27,-1.621,4688.27,-1.621,4688.27,-1.621,4688.27,-1.621,4688.27,-1.621,4688.27,-1.621,4688.27,-1.621,4688.27,-1.621,4688.27,-1.621,4688.27,-1.621,4688.27,-1.621
348.633000,4444.16,-1.743,4444.16,-1.743,4444.16,-1.743,4444.16,-1.743,4444.16,-1.743,4444.16,-1.743,4444.16,-1.743,4444.16,-1.743,4444.16,-1.743,4444.16,-1.743,4444.16,-1.743,4444.16,-1.743,4444.16,-1.743,4444.16,-1.743,4444.16,-1.743,4444.16,-1.743
351.562000,4704.49,-1.827,4704.49,-1.827,4704.49,-1.827,4704.49,-1.827,4704.49,-1.827,4704.49,-1.827,4704.49,-1.827,4704.49,-1.827,4704.49,-1.827,4704.49,-1.827,4704.49,-1.827,4704.49,-1.827,4704.49,-1.827,4704.49,-1.827,4704.49,-1.827,4704.49,-1.827
354.492000,4828.07,-2.037,4828.07,-2.037,4828.07,-2.037,4828.07,-2.037,4828.07,-2.037,4828.07,-2.037,4828.07,-2.037,4828.07,-2.037,4828.07,-2.037,4828.07,-2.037,4828.07,-2.037,4828.07,-2.037,4828.07,-2.037,4828.07,-2.037,4828.07,-2.037,4828.07,-2.037
357.422000,4608.85,-2.169,4608.85,-2.169,4608.85,-2.169,4608.85,-2.169,4608.85,-2.169,4608.85,-2.169,4608.85,-2.169,4608.85,-2.169,4608.85,-2.169,4608.85,-2.169,4608.85,-2.169,4608.85,-2.169,4608.85,-2.169,4608.85,-2.169,4608.85,-2.169,4608.85,-2.169
360.352000,4760.64,-2.299,4760.64,-2.299,4760.64,-2.299,4760.64,-2.299,4760.64,-2.299,4760.64,-2.299,4760.64,-2.299,4760.64,-2.299,4760.64,-2.299,4760.64,-2.299,4760.64,-2.299,4760.64,-2.299,4760.64,-2.299,4760.64,-2.299,4760.64,-2.299,4760.64,-2.299
363.281000,4723.31,-2.467,4723.31,-2.467,4723.31,-2.467,4723.31,-2.467,4723.31,-2.467,4723.31,-2.467,4723.31,-2.467,4723.31,-2.467,4723.31,-2.467,4723.31,-2.467,4723.31,-2.467,4723.31,-2.467,4723.31,-2.467,4723.31,-2.467,4723.31,-2.467,4723.31,-2.467
366.211000,4677.42,-2.593,4677.42,-2.593,4677.42,-2.593,4677.42,-2.593,4677.42,-2.593,4677.42,-2.593,4677.42,-2.593,4677.42,-2.593,4677.42,-2.593,4677.42,-2.593,4677.42,-2.593,4677.42,-2.593,4677.42,-2.593,4677.42,-2.593,4677.42,-2.593,4677.42,-2.593
369.141000,4785.71,-2.725,4785.71,-2.725,4785.71,-2.725,4785.71,-2.725,4785.71,-2.725,4785.71,-2.725,4785.71,-2.725,4785.71,-2.725,4785.71,-2.725,4785.71,-2.725,4785.71,-2.725,4785.71,-2.725,4785.71,-2.725,4785.71,-2.725,4785.71,-2.725,4785.71,-2.725
372.070000,4891.28,-2.883,4891.28,-2.883,4891.28,-2.883,4891.28,-2.883,4891.28,-2.883,4891.28,-2.883,4891.28,-2.883,4891.28,-2.883,4891.28,-2.883,4891.28,-2.883,4891.28,-2.883,4891.28,-2.883,4891.28,-2.883,4891.28,-2.883,4891.28,-2.883,4891.28,-2.883
375.000000,4917.53,-3.036,4917.53,-3.036,4917.53,-3.036,4917.53,-3.036,4917.53,-3.036,4917.53,-3.036,4917.53,-3.036,4917.53,-3.036,4917.53,-3.036,4917.53,-3.036,4917.53,-3.036,4917.53,-3.036,4917.53,-3.036,4917.53,-3.036,4917.53,-3.036,4917.53,-3.036
377.930000,5035.49,3.093,5035.49,3.093,5035.49,3.093,5035.49,3.093,5035.49,3.093,5035.49,3.093,5035.49,3.093,5035.49,3.093,5035.49,3.093,5035.49,3.093,5035.49,3.093,5035.49,3.093,5035.49,3.093,5035.49,3.093,5035.49,3.093,5035.49,3.093
380.859000,5077.41,2.921,5077.41,2.921,5077.41,2.921,5077.41,2.921,5077.41,2.921,5077.41,2.921,5077.41,2.921,5077.41,2.921,5077.41,2.921,5077.41,2.921,5077.41,2.921,5077.41,2.921,5077.41,2.921,5077.41,2.921,5077.41,2.921,5077.41,2.921
383.789000,5138.72,2.764,5138.72,2.764,5138.72,2.764,5138.72,2.764,5138.72,2.764,5138.72,2.764,5138.72,2.764,5138.72,2.764,5138.72,2.764,5138.72,2.764,5138.72,2.764,5138.72,2.764,5138.72,2.764,5138.72,2.764,5138.72,2.764,5138.72,2.764
386.719000,5202.82,2.58,5202.82,2.58,5202.82,2.58,5202.82,2.58,5202.82,2.58,5202.82,2.58,5202.82,2.58,5202.82,2.58,5202.82,2.58,5202.82,2.58,5202.82,2.58,5202.82,2.58,5202.82,2.58,5202.82,2.58,5202.82,2.58,5202.82,2.58
389.648000,5145.92,2.409,5145.92,2.409,5145.92,2.409,5145.92,2.409,5145.92,2.409,5145.92,2.409,5145.92,2.409,5145.92,2.409,5145.92,2.409,5145.92,2.409,5145.92,2.409,5145.92,2.409,5145.92,2.409,5145.92,2.409,5145.92,2.409,5145.92,2.409
392.578000,5157.97,2.237,5157.97,2.237,5157.97,2.237,5157.97,2.237,5157.97,2.237,5157.97,2.237,5157.97,2.237,5157.97,2.237,5157.97,2.237,5157.97,2.237,5157.97,2.237,5157.97,2.237,5157.97,2.237,5157.97,2.237,5157.97,2.237,5157.97,2.237
395.508000,5083.84,2.07,5083.84,2.07,5083.84,2.07,5083.84,2.07,5083.84,2.07,5083.84,2.07,5083.84,2.07,5083.84,2.07,5083.84,2.07,5083.84,2.07,5083.84,2.07,5083.84,2.07,5083.84,2.07,5083.84,2.07,5083.84,2.07,5083.84,2.07
398.438000,5167.05,1.906,5167.05,1.906,5167.05,1.906,5167.05,1.906,5167.05,1.906,5167.05,1.906,5167.05,1.906,5167.05,1.906,5167.05,1.906,5167.05,1.906,5167.05,1.906,5167.05,1.906,5167.05,1.906,5167.05,1.906,5167.05,1.906,5167.05,1.906
401.367000,5136.73,1.707,5136.73,1.707,5136.73,1.707,5136.73,1.707,5136.73,1.707,5136.73,1.707,5136.73,1.707,5136.73,1.707,5136.73,1.707,5136.73,1.707,5136.73,1.707,5136.73,1.707,5136.73,1.707,5136.73,1.707,5136.73,1.707,5136.73,1.707
404.297000,5056.3,1.537,5056.3,1.537,5056.3,1.537,5056.3,1.537,5056.3,1.537,5056.3,1.537,5056.3,1.537,5056.3,1.537,5056.3,1.537,5056.3,1.537,5056.3,1.537,5056.3,1.537,5056.3,1.537,5056.3,1.537,5056.3,1.537,5056.3,1.537
407.227000,5051.12,1.346,5051.12,1.346,5051.12,1.346,5051.12,1.346,5051.12,1.346,5051.12,1.346,5051.12,1.346,5051.12,1.346,5051.12,1.346,5051.12,1.346,5051.12,1.346,5051.12,1.346,5051.12,1.346,5051.12,1.346,5051.12,1.346,5051.12,1.346
410.156000,4970.43,1.162,4970.43,1.162,4970.43,1.162,4970.43,1.162,4970.43,1.162,4970.43,1.162,4970.43,1.162,4970.43,1.162,4970.43,1.162,4970.43,1.162,4970.43,1.162,4970.43,1.162,4970.43,1.162,4970.43,1.162,4970.43,1.162,4970.43,1.162
413.086000,4932.35,0.95,4932.35,0.95,4932.35,0.95,4932.35,0.95,4932.35,0.95,4932.35,0.95,4932.35,0.95,4932.35,0.95,4932.35,0.95,4932.35,0.95,4932.35,0.95,4932.35,0.95,4932.35,0.95,4932.35,0.95,4932.35,0.95,4932.35,0.95
416.016000,4637.1,0.756,4637.1,0.756,4637.1,0.756,4637.1,0.756,4637.1,0.756,4637.1,0.756,4637.1,0.756,4637.1,0.756,4637.1,0.756,4637.1,0.756,4637.1,0.756,4637.1,0.756,4637.1,0.756,4637.1,0.756,4637.1,0.756,4637.1,0.756
418.945000,4608.73,0.588,4608.73,0.588,4608.73,0.588,4608.73,0.588,4608.73,0.588,4608.73,0.588,4608.73,0.588,4608.73,0.588,4608.73,0.588,4608.73,0.588,4608.73,0.588,4608.73,0.588,4608.73,0.588,4608.73,0.588,4608.73,0.588,4608.73,0.588
421.875000,4499.49,0.37,4499.49,0.37,4499.49,0.37,4499.49,0.37,4499.49,0.37,4499.49,0.37,4499.49,0.37,4499.49,0.37,4499.49,0.37,4499.49,0.37,4499.49,0.37,4499.49,0.37,4499.49,0.37,4499.49,0.37,4499.49,0.37,4499.49,0.37
424.805000,4450.79,0.159,4450.79,0.159,4450.79,0.159,4450.79,0.159,4450.79,0.159,4450.79,0.159,4450.79,0.159,4450.79,0.159,4450.79,0.159,4450.79,0.159,4450.79,0.159,4450.79,0.159,4450.79,0.159,4450.79,0.159,4450.79,0.159,4450.79,0.159
427.734000,4178.5,-0.114,4178.5,-0.114,4178.5,-0.114,4178.5,-0.114,4178.5,-0.114,4178.5,-0.114,4178.5,-0.114,4178.5,-0.114,4178.5,-0.114,4178.5,-0.114,4178.5,-0.114,4178.5,-0.114,4178.5,-0.114,4178.5,-0.114,4178.5,-0.114,4178.5,-0.114
430.664000,3938.56,-0.277,3938.56,-0.277,3938.56,-0.277,3938.56,-0.277,3938.56,-0.277,3938.56,-0.277,3938.56,-0.277,3938.56,-0.277,3938.56,-0.277,3938.56,-0.277,3938.56,-0.277,3938.56,-0.277,3938.56,-0.277,3938.56,-0.277,3938.56,-0.277,3938.56,-0.277
433.594000,4170.31,-0.596,4170.31,-0.596,4170.31,-0.596,4170.31,-0.596,4170.31,-0.596,4170.31,-0.596,4170.31,-0.596,4170.31,-0.596,4170.31,-0.596,4170.31,-0.596,4170.31,-0.596,4170.31,-0.596,4170.31,-0.596,4170.31,-0.596,4170.31,-0.596,4170.31,-0.596
436.523000,3758.21,-0.99,3758.21,-0.99,3758.21,-0.99,3758.21,-0.99,3758.21,-0.99,3758.21,-0.99,3758.21,-0.99,3758.21,-0.99,3758.21,-0.99,3758.21,-0.99,3758.21,-0.99,3758.21,-0.99,3758.21,-0.99,3758.21,-0.99,3758.21,-0.99,3758.21,-0.99
439.453000,3651.59,-1.447,3651.59,-1.447,3651.59,-1.447,3651.59,-1.447,3651.59,-1.447,3651.59,-1.447,3651.59,-1.447,3651.59,-1.447,3651.59,-1.447,3651.59,-1.447,3651.59,-1.447,3651.59,-1.447,3651.59,-1.447,3651.59,-1.447,3651.59,-1.447,3651.59,-1.447
442.383000,2892.36,-2.333,2892.36,-2.333,2892.36,-2.333,2892.36,-2.333,2892.36,-2.333,2892.36,-2.333,2892.36,-2.333,2892.36,-2.333,2892.36,-2.333,2892.36,-2.333,2892.36,-2.333,2892.36,-2.333,2892.36,-2.333,2892.36,-2.333,2892.36,-2.333,2892.36,-2.333
445.312000,1154.03,2.657,1154.03,2.657,1154.03,2.657,1154.03,2.657,1154.03,2.657,1154.03,2.657,1154.03,2.657,1154.03,2.657,1154.03,2.657,1154.03,2.657,1154.03,2.657,1154.03,2.657,1154.03,2.657,1154.03,2.657,1154.03,2.657,1154.03,2.657
448.242000,233.09,0.193,233.09,0.193,233.09,0.193,233.09,0.193,233.09,0.193,233.09,0.193,233.09,0.193,233.09,0.193,233.09,0.193,233.09,0.193,233.09,0.193,233.09,0.193,233.09,0.193,233.09,0.193,233.09,0.193,233.09,0.193
451.172000,75.419,2.044,75.419,2.044,75.419,2.044,75.419,2.044,75.419,2.044,75.419,2.044,75.419,2.044,75.419,2.044,75.419,2.044,75.419,2.044,75.419,2.044,75.419,2.044,75.419,2.044,75.419,2.044,75.419,2.044,75.419,2.044
454.102000,268.848,1.323,268.848,1.323,268.848,1.323,268.848,1.323,268.848,1.323,268.848,1.323,268.848,1.323,268.848,1.323,268.848,1.323,268.848,1.323,268.848,1.323,268.848,1.323,268.848,1.323,268.848,1.323,268.848,1.323,268.848,1.323
457.031000,828.097,1.442,828.097,1.442,828.097,1.442,828.097,1.442,828.097,1.442,828.097,1.442,828.097,1.442,828.097,1.442,828.097,1.442,828.097,1.442,828.097,1.442,828.097,1.442,828.097,1.442,828.097,1.442,828.097,1.442,828.097,1.442
459.961000,1492.31,0.937,1492.31,0.937,1492.31,0.937,1492.31,0.937,1492.31,0.937,1492.31,0.937,1492.31,0.937,1492.31,0.937,1492.31,0.937,1492.31,0.937,1492.31,0.937,1492.31,0.937,1492.31,0.937,1492.31,0.937,1492.31,0.937,1492.31,0.937
462.891000,2023.23,0.606,2023.23,0.606,2023.23,0.606,2023.23,0.606,2023.23,0.606,2023.23,0.606,2023.23,0.606,2023.23,0.606,2023.23,0.606,2023.23,0.606,2023.23,0.606,2023.23,0.606,2023.23,0.606,2023.23,0.606,2023.23,0.606,2023.23,0.606
465.820000,2641.74,0.242,2641.74,0.242,2641.74,0.242,2641.74,0.242,2641.74,0.242,2641.74,0.242,2641.74,0.242,2641.74,0.242,2641.74,0.242,2641.74,0.242,2641.74,0.242,2641.74,0.242,2641.74,0.242,2641.74,0.242,2641.74,0.242,2641.74,0.242
468.750000,3000.24,-0.114,3000.24,-0.114,3000.24,-0.114,3000.24,-0.114,3000.24,-0.114,3000.24,-0.114,3000.24,-0.114,3000.24,-0.114,3000.24,-0.114,3000.24,-0.114,3000.24,-0.114,3000.24,-0.114,3000.24,-0.114,3000.24,-0.114,3000.24,-0.114,3000.24,-0.114
471.680000,3236.79,-0.433,3236.79,-0.433,3236.79,-0.433,3236.79,-0.433,3236.79,-0.433,3236.79,-0.433,3236.79,-0.433,3236.79,-0.433,3236.79,-0.433,3236.79,-0.433,3236.79,-0.433,3236.79,-0.433,3236.79,-0.433,3236.79,-0.433,3236.79,-0.433,3236.79,-0.433
474.609000,3274.05,-0.722,3274.05,-0.722,3274.05,-0.722,3274.05,-0.722,3274.05,-0.722,3274.05,-0.722,3274.05,-0.722,3274.05,-0.722,3274.05,-0.722,3274.05,-0.722,3274.05,-0.722,3274.05,-0.722,3274.05,-0.722,3274.05,-0.722,3274.05,-0.722,3274.05,-0.722
477.539000,3258.39,-0.961,3258.39,-0.961,3258.39,-0.961,3258.39,-0.961,3258.39,-0.961,3258.39,-0.961,3258.39,-0.961,3258.39,-0.961,3258.39,-0.961,3258.39,-0.961,3258.39,-0.961,3258.39,-0.961,3258.39,-0.961,3258.39,-0.961,3258.39,-0.961,3258.39,-0.961
480.469000,3207.78,-1.17,3207.78,-1.17,3207.78,-1.17,3207.78,-1.17,3207.78,-1.17,3207.78,-1.17,3207.78,-1.17,3207.78,-1.17,3207.78,-1.17,3207.78,-1.17,3207.78,-1.17,3207.78,-1.17,3207.78,-1.17,3207.78,-1.17,3207.78,-1.17,3207.78,-1.17
483.398000,3223.82,-1.363,3223.82,-1.363,3223.82,-1.363,3223.82,-1.363,3223.82,-1.363,3223.82,-1.363,3223.82,-1.363,3223.82,-1.363,3223.82,-1.363,3223.82,-1.363,3223.82,-1.363,3223.82,-1.363,3223.82,-1.363,3223.82,-1.363,3223.82,-1.363,3223.82,-1.363
486.328000,3157.34,-1.563,3157.34,-1.563,3157.34,-1.563,3157.34,-1.563,3157.34,-1.563,3157.34,-1.563,3157.34,-1.563,3157.34,-1.563,3157.34,-1.563,3157.34,-1.563,3157.34,-1.563,3157.34,-1.563,3157.34,-1.563,3157.34,-1.563,3157.34,-1.563,3157.34,-1.563
489.258000,3105.79,-1.736,3105.79,-1.736,3105.79,-1.736,3105.79,-1.736,3105.79,-1.736,3105.79,-1.736,3105.79,-1.736,3105.79,-1.736,3105.79,-1.736,3105.79,-1.736,3105.79,-1.736,3105.79,-1.736,3105.79,-1.736,3105.79,-1.736,3105.79,-1.736,3105.79,-1.736
492.188000,2960.36,-1.891,2960.36,-1.891,2960.36,-1.891,2960.36,-1.891,2960.36,-1.891,2960.36,-1.891,2960.36,-1.891,2960.36,-1.891,2960.36,-1.891,2960.36,-1.891,2960.36,-1.891,2960.36,-1.891,2960.36,-1.891,2960.36,-1.891,2960.36,-1.891,2960.36,-1.891
495.117000,3100.42,-1.99,3100.42,-1.99,3100.42,-1.99,3100.42,-1.99,3100.42,-1.99,3100.42,-1.99,3100.42,-1.99,3100.42,-1.99,3100.42,-1.99,3100.42,-1.99,3100.42,-1.99,3100.42,-1.99,3100.42,-1.99,3100.42,-1.99,3100.42,-1.99,3100.42,-1.99
498.047000,3160.94,-2.239,3160.94,-2.239,3160.94,-2.239,3160.94,-2.239,3160.94,-2.239,3160.94,-2.239,3160.94,-2.239,3160.94,-2.239,3160.94,-2.239,3160.94,-2.239,3160.94,-2.239,3160.94,-2.239,3160.94,-2.239,3160.94,-2.239,3160.94,-2.239,3160.94,-2.239
500.977000,2889.21,-2.345,2889.21,-2.345,2889.21,-2.345,2889.21,-2.345,2889.21,-2.345,2889.21,-2.345,2889.21,-2.345,2889.21,-2.345,2889.21,-2.345,2889.21,-2.345,2889.21,-2.345,2889.21,-2.345,2889.21,-2.345,2889.21,-2.345,2889.21,-2.345,2889.21,-2.345
503.906000,3146.57,-2.476,3146.57,-2.476,3146.57,-2.476,3146.57,-2.476,3146.57,-2.476,3146.57,-2.476,3146.57,-2.476,3146.57,-2.476,3146.57,-2.476,3146.57,-2.476,3146.57,-2.476,3146.57,-2.476,3146.57,-2.476,3146.57,-2.476,3146.57,-2.476,3146.57,-2.476
506.836000,3047.55,-2.669,3047.55,-2.669,3047.55,-2.669,3047.55,-2.669,3047.55,-2.669,3047.55,-2.669,3047.55,-2.669,3047.55,-2.669,3047.55,-2.669,3047.55,-2.669,3047.55,-2.669,3047.55,-2.669,3047.55,-2.669,3047.55,-2.669,3047.55,-2.669,3047.55,-2.669
509.766000,3136.76,-2.79,3136.76,-2.79,3136.76,-2.79,3136.76,-2.79,3136.76,-2.79,3136.76,-2.79,3136.76,-2.79,3136.76,-2.79,3136.76,-2.79,3136.76,-2.79,3136.76,-2.79,3136.76,-2.79,3136.76,-2.79,3136.76,-2.79,3136.76,-2.79,3136.76,-2.79
512.695000,3093.82,-2.974,3093.82,-2.974,3093.82,-2.974,3093.82,-2.974,3093.82,-2.974,3093.82,-2.974,3093.82,-2.974,3093.82,-2.974,3093.82,-2.974,3093.82,-2.974,3093.82,-2.974,3093.82,-2.974,3093.82,-2.974,3093.82,-2.974,3093.82,-2.974,3093.82,-2.974
515.625000,3218.29,-3.073,3218.29,-3.073,3218.29,-3.073,3218.29,-3.073,3218.29,-3.073,3218.29,-3.073,3218.29,-3.073,3218.29,-3.073,3218.29,-3.073,3218.29,-3.073,3218.29,-3.073,3218.29,-3.073,3218.29,-3.073,3218.29,-3.073,3218.29,-3.073,3218.29,-3.073
518.555000,3377.33,2.977,3377.33,2.977,3377.33,2.977,3377.33,2.977,3377.33,2.977,3377.33,2.977,3377.33,2.977,3377.33,2.977,3377.33,2.977,3377.33,2.977,3377.33,2.977,3377.33,2.977,3377.33,2.977,3377.33,2.977,3377.33,2.977,3377.33,2.977
521.484000,3251.18,2.819,3251.18,2.819,3251.18,2.819,3251.18,2.819,3251.18,2.819,3251.18,2.819,3251.18,2.819,3251.18,2.819,3251.18,2.819,3251.18,2.819,3251.18,2.819,3251.18,2.819,3251.18,2.819,3251.18,2.819,3251.18,2.819,3251.18,2.819
524.414000,3385.6,2.635,3385.6,2.635,3385.6,2.635,3385.6,2.635,3385.6,2.635,3385.6,2.635,3385.6,2.635,3385.6,2.635,3385.6,2.635,3385.6,2.635,3385.6,2.635,3385.6,2.635,3385.6,2.635,3385.6,2.635,3385.6,2.635,3385.6,2.635
527.344000,3266.77,2.44,3266.77,2.44,3266.77,2.44,3266.77,2.44,3266.77,2.44,3266.77,2.44,3266.77,2.44,3266.77,2.44,3266.77,2.44,3266.77,2.44,3266.77,2.44,3266.77,2.44,3266.77,2.44,3266.77,2.44,3266.77,2.44,3266.77,2.44
530.273000,3258.7,2.269,3258.7,2.269,3258.7,2.269,3258.7,2.269,3258.7,2.269,3258.7,2.269,3258.7,2.269,3258.7,2.269,3258.7,2.269,3258.7,2.269,3258.7,2.269,3258.7,2.269,3258.7,2.269,3258.7,2.269,3258.7,2.269,3258.7,2.269
533.203000,3103.88,2.094,3103.88,2.094,3103.88,2.094,3103.88,2.094,3103.88,2.094,3103.88,2.094,3103.88,2.094,3103.88,2.094,3103.88,2.094,3103.88,2.094,3103.88,2.094,3103.88,2.094,3103.88,2.094,3103.88,2.094,3103.88,2.094,3103.88,2.094
536.133000,3120.19,1.955,3120.19,1.955,3120.19,1.955,3120.19,1.955,3120.19,1.955,3120.19,1.955,3120.19,1.955,3120.19,1.955,3120.19,1.955,3120.19,1.955,3120.19,1.955,3120.19,1.955,3120.19,1.955,3120.19,1.955,3120.19,1.955,3120.19,1.955
539.062000,3019.34,1.772,3019.34,1.772,3019.34,1.772,3019.34,1.772,3019.34,1.772,3019.34,1.772,3019.34,1.772,3019.34,1.772,3019.34,1.772,3019.34,1.772,3019.34,1.772,3019.34,1.772,3019.34,1.772,3019.34,1.772,3019.34,1.772,3019.34,1.772
541.992000,3045.01,1.649,3045.01,1.649,3045.01,1.649,3045.01,1.649,3045.01,1.649,3045.01,1.649,3045.01,1.649,3045.01,1.649,3045.01,1.649,3045.01,1.649,3045.01,1.649,3045.01,1.649,3045.01,1.649,3045.01,1.649,3045.01,1.649,3045.01,1.649
544.922000,3016.69,1.433,3016.69,1.433,3016.69,1.433,3016.69,1.433,3016.69,1.433,3016.69,1.433,3016.69,1.433,3016.69,1.433,3016.69,1.433,3016.69,1.433,3016.69,1.433,3016.69,1.433,3016.69,1.433,3016.69,1.433,3016.69,1.433,3016.69,1.433
547.852000,2905.87,1.316,2905.87,1.316,2905.87,1.316,2905.87,1.316,2905.87,1.316,2905.87,1.316,2905.87,1.316,2905.87,1.316,2905.87,1.316,2905.87,1.316,2905.87,1.316,2905.87,1.316,2905.87,1.316,2905.87,1.316,2905.87,1.316,2905.87,1.316
550.781000,3014.67,1.096,3014.67,1.096,3014.67,1.096,3014.67,1.096,3014.67,1.096,3014.67,1.096,3014.67,1.096,3014.67,1.096,3014.67,1.096,3014.67,1.096,3014.67,1.096,3014.67,1.096,3014.67,1.096,3014.67,1.096,3014.67,1.096,3014.67,1.096
553.711000,2639.84,0.925,2639.84,0.925,2639.84,0.925,2639.84,0.925,2639.84,0.925,2639.84,0.925,2639.84,0.925,2639.84,0.925,2639.84,0.925,2639.84,0.925,2639.84,0.925,2639.84,0.925,2639.84,0.925,2639.84,0.925,2639.84,0.925,2639.84,0.925
556.641000,2732.36,0.855,2732.36,0.855,2732.36,0.855,2732.36,0.855,2732.36,0.855,2732.36,0.855,2732.36,0.855,2732.36,0.855,2732.36,0.855,2732.36,0.855,2732.36,0.855,2732.36,0.855,2732.36,0.855,2732.36,0.855,2732.36,0.855,2732.36,0.855
559.570000,2702.78,0.638,2702.78,0.638,2702.78,0.638,2702.78,0.638,2702.78,0.638,2702.78,0.638,2702.78,0.638,2702.78,0.638,2702.78,0.638,2702.78,0.638,2702.78,0.638,2702.78,0.638,2702.78,0.638,2702.78,0.638,2702.78,0.638,2702.78,0.638
562.500000,2616.67,0.524,2616.67,0.524,2616.67,0.524,2616.67,0.524,2616.67,0.524,2616.67,0.524,2616.67,0.524,2616.67,0.524,2616.67,0.524,2616.67,0.524,2616.67,0.524,2616.67,0.524,2616.67,0.524,2616.67,0.524,2616.67,0.524,2616.67,0.524
565.430000,2662.58,0.332,2662.58,0.332,2662.58,0.332,2662.58,0.332,2662.58,0.332,2662.58,0.332,2662.58,0.332,2662.58,0.332,2662.58,0.332,2662.58,0.332,2662.58,0.332,2662.58,0.332,2662.58,0.332,2662.58,0.332,2662.58,0.332,2662.58,0.332
568.359000,2501.88,0.171,2501.88,0.171,2501.88,0.171,2501.88,0.171,2501.88,0.171,2501.88,0.171,2501.88,0.171,2501.88,0.171,2501.88,0.171,2501.88,0.171,2501.88,0.171,2501.88,0.171,2501.88,0.171,2501.88,0.171,2501.88,0.171,2501.88,0.171
571.289000,2481.88,0.028,2481.88,0.028,2481.88,0.028,2481.88,0.028,2481.88,0.028,2481.88,0.028,2481.88,0.028,2481.88,0.028,2481.88,0.028,2481.88,0.028,2481.88,0.028,2481.88,0.028,2481.88,0.028,2481.88,0.028,2481.88,0.028,2481.88,0.028
574.219000,2390.27,-0.13,2390.27,-0.13,2390.27,-0.13,2390.27,-0.13,2390.27,-0.13,2390.27,-0.13,2390.27,-0.13,2390.27,-0.13,2390.27,-0.13,2390.27,-0.13,2390.27,-0.13,2390.27,-0.13,2390.27,-0.13,2390.27,-0.13,2390.27,-0.13,2390.27,-0.13
577.148000,2372.01,-0.258,2372.01,-0.258,2372.01,-0.258,2372.01,-0.258,2372.01,-0.258,2372.01,-0.258,2372.01,-0.258,2372.01,-0.258,2372.01,-0.258,2372.01,-0.258,2372.01,-0.258,2372.01,-0.258,2372.01,-0.258,2372.01,-0.258,2372.01,-0.258,2372.01,-0.258
580.078000,2379.41,-0.434,2379.41,-0.434,2379.41,-0.434,2379.41,-0.434,2379.41,-0.434,2379.41,-0.434,2379.41,-0.434,2379.41,-0.434,2379.41,-0.434,2379.41,-0.434,2379.41,-0.434,2379.41,-0.434,2379.41,-0.434,2379.41,-0.434,2379.41,-0.434,2379.41,-0.434
583.008000,2255.75,-0.611,2255.75,-0.611,2255.75,-0.611,2255.75,-0.611,2255.75,-0.611,2255.75,-0.611,2255.75,-0.611,2255.75,-0.611,2255.75,-0.611,2255.75,-0.611,2255.75,-0.611,2255.75,-0.611,2255.75,-0.611,2255.75,-0.611,2255.75,-0.611,2255.75,-0.611
585.938000,2159.66,-0.71,2159.66,-0.71,2159.66,-0.71,2159.66,-0.71,2159.66,-0.71,2159.66,-0.71,2159.66,-0.71,2159.66,-0.71,2159.66,-0.71,2159.66,-0.71,2159.66,-0.71,2159.66,-0.71,2159.66,-0.71,2159.66,-0.71,2159.66,-0.71,2159.66,-0.71
588.867000,2264.01,-0.851,2264.01,-0.851,2264.01,-0.851,2264.01,-0.851,2264.01,-0.851,2264.01,-0.851,2264.01,-0.851,2264.01,-0.851,2264.01,-0.851,2264.01,-0.851,2264.01,-0.851,2264.01,-0.851,2264.01,-0.851,2264.01,-0.851,2264.01,-0.851,2264.01,-0.851
591.797000,2204.8,-1.052,2204.8,-1.052,2204.8,-1.052,2204.8,-1.052,2204.8,-1.052,2204.8,-1.052,2204.8,-1.052,2204.8,-1.052,2204.8,-1.052,2204.8,-1.052,2204.8,-1.052,2204.8,-1.052,2204.8,-1.052,2204.8,-1.052,2204.8,-1.052,2204.8,-1.052
594.727000,2155.05,-1.172,2155.05,-1.172,2155.05,-1.172,2155.05,-1.172,2155.05,-1.172,2155.05,-1.172,2155.05,-1.172,2155.05,-1.172,2155.05,-1.172,2155.05,-1.172,2155.05,-1.172,2155.05,-1.172,2155.05,-1.172,2155.05,-1.172,2155.05,-1.172,2155.05,-1.172
597.656000,2237.05,-1.361,2237.05,-1.361,2237.05,-1.361,2237.05,-1.361,2237.05,-1.361,2237.05,-1.361,2237.05,-1.361,2237.05,-1.361,2237.05,-1.361,2237.05,-1.361,2237.05,-1.361,2237.05,-1.361,2237.05,-1.361,2237.05,-1.361,2237.05,-1.361,2237.05,-1.361
600.586000,2102.25,-1.576,2102.25,-1.576,2102.25,-1.576,2102.25,-1.576,2102.25,-1.576,2102.25,-1.576,2102.25,-1.576,2102.25,-1.576,2102.25,-1.576,2102.25,-1.576,2102.25,-1.576,2102.25,-1.576,2102.25,-1.576,2102.25,-1.576,2102.25,-1.576,2102.25,-1.576
603.516000,1977.28,-1.685,1977.28,-1.685,1977.28,-1.685,1977.28,-1.685,1977.28,-1.685,1977.28,-1.685,1977.28,-1.685,1977.28,-1.685,1977.28,-1.685,1977.28,-1.685,1977.28,-1.685,1977.28,-1.685,1977.28,-1.685,1977.28,-1.685,1977.28,-1.685,1977.28,-1.685
606.445000,2049.61,-1.819,2049.61,-1.819,2049.61,-1.819,2049.61,-1.819,2049.61,-1.819,2049.61,-1.819,2049.61,-1.819,2049.61,-1.819,2049.61,-1.819,2049.61,-1.819,2049.61,-1.819,2049.61,-1.819,2049.61,-1.819,2049.61,-1.819,2049.61,-1.819,2049.61,-1.819
609.375000,2081.51,-2.031,2081.51,-2.031,2081.51,-2.031,2081.51,-2.031,2081.51,-2.031,2081.51,-2.031,2081.51,-2.031,2081.51,-2.031,2081.51,-2.031,2081.51,-2.031,2081.51,-2.031,2081.51,-2.031,2081.51,-2.031,2081.51,-2.031,2081.51,-2.031,2081.51,-2.031
612.305000,1958.26,-2.247,1958.26,-2.247,1958.26,-2.247,1958.26,-2.247,1958.26,-2.247,1958.26,-2.247,1958.26,-2.247,1958.26,-2.247,1958.26,-2.247,1958.26,-2.247,1958.26,-2.247,1958.26,-2.247,1958.26,-2.247,1958.26,-2.247,1958.26,-2.247,1958.26,-2.247
615.234000,1827.63,-2.362,1827.63,-2.362,1827.63,-2.362,1827.63,-2.362,1827.63,-2.362,1827.63,-2.362,1827.63,-2.362,1827.63,-2.362,1827.63,-2.362,1827.63,-2.362,1827.63,-2.362,1827.63,-2.362,1827.63,-2.362,1827.63,-2.362,1827.63,-2.362,1827.63,-2.362
618.164000,1924.69,-2.526,1924.69,-2.526,1924.69,-2.526,1924.69,-2.526,1924.69,-2.526,1924.69,-2.526,1924.69,-2.526,1924.69,-2.526,1924.69,-2.526,1924.69,-2.526,1924.69,-2.526,1924.69,-2.526,1924.69,-2.526,1924.69,-2.526,1924.69,-2.526,1924.69,-2.526
621.094000,1767.26,-2.771,1767.26,-2.771,1767.26,-2.771,1767.26,-2.771,1767.26,-2.771,1767.26,-2.771,1767.26,-2.771,1767.26,-2.771,1767.26,-2.771,1767.26,-2.771,1767.26,-2.771,1767.26,-2.771,1767.26,-2.771,1767.26,-2.771,1767.26,-2.771,1767.26,-2.771
624.023000,1677.72,-2.815,1677.72,-2.815,1677.72,-2.815,1677.72,-2.815,1677.72,-2.815,1677.72,-2.815,1677.72,-2.815,1677.72,-2.815,1677.72,-2.815,1677.72,-2.815,1677.72,-2.815,1677.72,-2.815,1677.72,-2.815,1677.72,-2.815,1677.72,-2.815,1677.72,-2.815
626.953000,1844.39,-3.036,1844.39,-3.036,1844.39,-3.036,1844.39,-3.036,1844.39,-3.036,1844.39,-3.036,1844.39,-3.036,1844.39,-3.036,1844.39,-3.036,1844.39,-3.036,1844.39,-3.036,1844.39,-3.036,1844.39,-3.036,1844.39,-3.036,1844.39,-3.036,1844.39,-3.036
629.883000,1654.95,3.019,1654.95,3.019,1654.95,3.019,1654.95,3.019,1654.95,3.019,1654.95,3.019,1654.95,3.019,1654.95,3.019,1654.95,3.019,1654.95,3.019,1654.95,3.019,1654.95,3.019,1654.95,3.019,1654.95,3.019,1654.95,3.019,1654.95,3.019
632.812000,1654.31,2.904,1654.31,2.904,1654.31,2.904,1654.31,2.904,1654.31,2.904,1654.31,2.904,1654.31,2.904,1654.31,2.904,1654.31,2.904,1654.31,2.904,1654.31,2.904,1654.31,2.904,1654.31,2.904,1654.31,2.904,1654.31,2.904,1654.31,2.904
635.742000,1595.77,2.668,1595.77,2.668,1595.77,2.668,1595.77,2.668,1595.77,2.668,1595.77,2.668,1595.77,2.668,1595.77,2.668,1595.77,2.668,1595.77,2.668,1595.77,2.668,1595.77,2.668,1595.77,2.668,1595.77,2.668,1595.77,2.668,1595.77,2.668
638.672000,1496.17,2.544,1496.17,2.544,1496.17,2.544,1496.17,2.544,1496.17,2.544,1496.17,2.544,1496.17,2.544,1496.17,2.544,1496.17,2.544,1496.17,2.544,1496.17,2.544,1496.17,2.544,1496.17,2.544,1496.17,2.544,1496.17,2.544,1496.17,2.544
641.602000,1481.59,2.364,1481.59,2.364,1481.59,2.364,1481.59,2.364,1481.59,2.364,1481.59,2.364,1481.59,2.364,1481.59,2.364,1481.59,2.364,1481.59,2.364,1481.59,2.364,1481.59,2.364,1481.59,2.364,1481.59,2.364,1481.59,2.364,1481.59,2.364
644.531000,1420.13,2.249,1420.13,2.249,1420.13,2.249,1420.13,2.249,1420.13,2.249,1420.13,2.249,1420.13,2.249,1420.13,2.249,1420.13,2.249,1420.13,2.249,1420.13,2.249,1420.13,2.249,1420.13,2.249,1420.13,2.249,1420.13,2.249,1420.13,2.249
647.461000,1517.08,2.067,1517.08,2.067,1517.08,2.067,1517.08,2.067,1517.08,2.067,1517.08,2.067,1517.08,2.067,1517.08,2.067,1517.08,2.067,1517.08,2.067,1517.08,2.067,1517.08,2.067,1517.08,2.067,1517.08,2.067,1517.08,2.067,1517.08,2.067
650.391000,1448.36,1.847,1448.36,1.847,1448.36,1.847,1448.36,1.847,1448.36,1.847,1448.36,1.847,1448.36,1.847,1448.36,1.847,1448.36,1.847,1448.36,1.847,1448.36,1.847,1448.36,1.847,1448.36,1.847,1448.36,1.847,1448.36,1.847,1448.36,1.847
653.320000,1450.29,1.688,1450.29,1.688,1450.29,1.688,1450.29,1.688,1450.29,1.688,1450.29,1.688,1450.29,1.688,1450.29,1.688,1450.29,1.688,1450.29,1.688,1450.29,1.688,1450.29,1.688,1450.29,1.688,1450.29,1.688,1450.29,1.688,1450.29,1.688
656.250000,1403.62,1.471,1403.62,1.471,1403.62,1.471,1403.62,1.471,1403.62,1.471,1403.62,1.471,1403.62,1.471,1403.62,1.471,1403.62,1.471,1403.62,1.471,1403.62,1.471,1403.62,1.471,1403.62,1.471,1403.62,1.471,1403.62,1.471,1403.62,1.471
659.180000,1389.04,1.342,1389.04,1.342,1389.04,1.342,1389.04,1.342,1389.04,1.342,1389.04,1.342,1389.04,1.342,1389.04,1.342,1389.04,1.342,1389.04,1.342,1389.04,1.342,1389.04,1.342,1389.04,1.342,1389.04,1.342,1389.04,1.342,1389.04,1.342
662.109000,1448.77,1.105,1448.77,1.105,1448.77,1.105,1448.77,1.105,1448.77,1.105,1448.77,1.105,1448.77,1.105,1448.77,1.105,1448.77,1.105,1448.77,1.105,1448.77,1.105,1448.77,1.105,1448.77,1.105,1448.77,1.105,1448.77,1.105,1448.77,1.105
665.039000,1340.06,0.893,1340.06,0.893,1340.06,0.893,1340.06,0.893,1340.06,0.893,1340.06,0.893,1340.06,0.893,1340.06,0.893,1340.06,0.893,1340.06,0.893,1340.06,0.893,1340.06,0.893,1340.06,0.893,1340.06,0.893,1340.06,0.893,1340.06,0.893
667.969000,1347.36,0.756,1347.36,0.756,1347.36,0.756,1347.36,0.756,1347.36,0.756,1347.36,0.756,1347.36,0.756,1347.36,0.756,1347.36,0.756,1347.36,0.756,1347.36,0.756,1347.36,0.756,1347.36,0.756,1347.36,0.756,1347.36,0.756,1347.36,0.756
670.898000,1375.31,0.546,1375.31,0.546,1375.31,0.546,1375.31,0.546,1375.31,0.546,1375.31,0.546,1375.31,0.546,1375.31,0.546,1375.31,0.546,1375.31,0.546,1375.31,0.546,1375.31,0.546,1375.31,0.546,1375.31,0.546,1375.31,0.546,1375.31,0.546
673.828000,1398.03,0.345,1398.03,0.345,1398.03,0.345,1398.03,0.345,1398.03,0.345,1398.03,0.345,1398.03,0.345,1398.03,0.345,1398.03,0.345,1398.03,0.345,1398.03,0.345,1398.03,0.345,1398.03,0.345,1398.03,0.345,1398.03,0.345,1398.03,0.345
676.758000,1426.91,0.079,1426.91,0.079,1426.91,0.079,1426.91,0.079,1426.91,0.079,1426.91,0.079,1426.91,0.079,1426.91,0.079,1426.91,0.079,1426.91,0.079,1426.91,0.079,1426.91,0.079,1426.91,0.079,1426.91,0.079,1426.91,0.079,1426.91,0.079
679.688000,1320.35,-0.173,1320.35,-0.173,1320.35,-0.173,1320.35,-0.173,1320.35,-0.173,1320.35,-0.173,1320.35,-0.173,1320.35,-0.173,1320.35,-0.173,1320.35,-0.173,1320.35,-0.173,1320.35,-0.173,1320.35,-0.173,1320.35,-0.173,1320.35,-0.173,1320.35,-0.173
682.617000,1288.09,-0.325,1288.09,-0.325,1288.09,-0.325,1288.09,-0.325,1288.09,-0.325,1288.09,-0.325,1288.09,-0.325,1288.09,-0.325,1288.09,-0.325,1288.09,-0.325,1288.09,-0.325,1288.09,-0.325,1288.09,-0.325,1288.09,-0.325,1288.09,-0.325,1288.09,-0.325
685.547000,1351.54,-0.585,1351.54,-0.585,1351.54,-0.585,1351.54,-0.585,1351.54,-0.585,1351.54,-0.585,1351.54,-0.585,1351.54,-0.585,1351.54,-0.585,1351.54,-0.585,1351.54,-0.585,1351.54,-0.585,1351.54,-0.585,1351.54,-0.585,1351.54,-0.585,1351.54,-0.585
688.477000,1251.11,-0.88,1251.11,-0.88,1251.11,-0.88,1251.11,-0.88,1251.11,-0.88,1251.11,-0.88,1251.11,-0.88,1251.11,-0.88,1251.11,-0.88,1251.11,-0.88,1251.11,-0.88,1251.11,-0.88,1251.11,-0.88,1251.11,-0.88,1251.11,-0.88,1251.11,-0.88
691.406000,1177.91,-1.082,1177.91,-1.082,1177.91,-1.082,1177.91,-1.082,1177.91,-1.082,1177.91,-1.082,1177.91,-1.082,1177.91,-1.082,1177.91,-1.082,1177.91,-1.082,1177.91,-1.082,1177.91,-1.082,1177.91,-1.082,1177.91,-1.082,1177.91,-1.082,1177.91,-1.082
694.336000,1115.96,-1.373,1115.96,-1.373,1115.96,-1.373,1115.96,-1.373,1115.96,-1.373,1115.96,-1.373,1115.96,-1.373,1115.96,-1.373,1115.96,-1.373,1115.96,-1.373,1115.96,-1.373,1115.96,-1.373,1115.96,-1.373,1115.96,-1.373,1115.96,-1.373,1115.96,-1.373
697.266000,931.99,-1.57,931.99,-1.57,931.99,-1.57,931.99,-1.57,931.99,-1.57,931.99,-1.57,931.99,-1.57,931.99,-1.57,931.99,-1.57,931.99,-1.57,931.99,-1.57,931.99,-1.57,931.99,-1.57,931.99,-1.57,931.99,-1.57,931.99,-1.57
700.195000,924.448,-1.698,924.448,-1.698,924.448,-1.698,924.448,-1.698,924.448,-1.698,924.448,-1.698,924.448,-1.698,924.448,-1.698,924.448,-1.698,924.448,-1.698,924.448,-1.698,924.448,-1.698,924.448,-1.698,924.448,-1.698,924.448,-1.698,924.448,-1.698
703.125000,866.529,-1.98,866.529,-1.98,866.529,-1.98,866.529,-1.98,866.529,-1.98,866.529,-1.98,866.529,-1.98,866.529,-1.98,866.529,-1.98,866.529,-1.98,866.529,-1.98,866.529,-1.98,866.529,-1.98,866.529,-1.98,866.529,-1.98,866.529,-1.98
706.055000,768.141,-2.148,768.141,-2.148,768.141,-2.148,768.141,-2.148,768.141,-2.148,768.141,-2.148,768.141,-2.148,768.141,-2.148,768.141,-2.148,768.141,-2.148,768.141,-2.148,768.141,-2.148,768.141,-2.148,768.141,-2.148,768.141,-2.148,768.141,-2.148
708.984000,726.513,-2.382,726.513,-2.382,726.513,-2.382,726.513,-2.382,726.513,-2.382,726.513,-2.382,726.513,-2.382,726.513,-2.382,726.513,-2.382,726.513,-2.382,726.513,-2.382,726.513,-2.382,726.513,-2.382,726.513,-2.382,726.513,-2.382,726.513,-2.382
711.914000,607.994,-2.574,607.994,-2.574,607.994,-2.574,607.994,-2.574,607.994,-2.574,607.994,-2.574,607.994,-2.574,607.994,-2.574,607.994,-2.574,607.994,-2.574,607.994,-2.574,607.994,-2.574,607.994,-2.574,607.994,-2.574,607.994,-2.574,607.994,-2.574
714.844000,563.106,-2.7,563.106,-2.7,563.106,-2.7,563.106,-2.7,563.106,-2.7,563.106,-2.7,563.106,-2.7,563.106,-2.7,563.106,-2.7,563.106,-2.7,563.106,-2.7,563.106,-2.7,563.106,-2.7,563.106,-2.7,563.106,-2.7,563.106,-2.7
717.773000,503.942,-2.864,503.942,-2.864,503.942,-2.864,503.942,-2.864,503.942,-2.864,503.942,-2.864,503.942,-2.864,503.942,-2.864,503.942,-2.864,503.942,-2.864,503.942,-2.864,503.942,-2.864,503.942,-2.864,503.942,-2.864,503.942,-2.864,503.942,-2.864
720.703000,494.276,-3.006,494.276,-3.006,494.276,-3.006,494.276,-3.006,494.276,-3.006,494.276,-3.006,494.276,-3.006,494.276,-3.006,494.276,-3.006,494.276,-3.006,494.276,-3.006,494.276,-3.006,494.276,-3.006,494.276,-3.006,494.276,-3.006,494.276,-3.006
723.633000,444.096,2.987,444.096,2.987,444.096,2.987,444.096,2.987,444.096,2.987,444.096,2.987,444.096,2.987,444.096,2.987,444.096,2.987,444.096,2.987,444.096,2.987,444.096,2.987,444.096,2.987,444.096,2.987,444.096,2.987,444.096,2.987
726.562000,361.749,2.853,361.749,2.853,361.749,2.853,361.749,2.853,361.749,2.853,361.749,2.853,361.749,2.853,361.749,2.853,361.749,2.853,361.749,2.853,361.749,2.853,361.749,2.853,361.749,2.853,361.749,2.853,361.749,2.853,361.749,2.853
729.492000,329.028,2.717,329.028,2.717,329.028,2.717,329.028,2.717,329.028,2.717,329.028,2.717,329.028,2.717,329.028,2.717,329.028,2.717,329.028,2.717,329.028,2.717,329.028,2.717,329.028,2.717,329.028,2.717,329.028,2.717,329.028,2.717
732.422000,302.858,2.59,302.858,2.59,302.858,2.59,302.858,2.59,302.858,2.59,302.858,2.59,302.858,2.59,302.858,2.59,302.858,2.59,302.858,2.59,302.858,2.59,302.858,2.59,302.858,2.59,302.858,2.59,302.858,2.59,302.858,2.59
735.352000,289.321,2.302,289.321,2.302,289.321,2.302,289.321,2.302,289.321,2.302,289.321,2.302,289.321,2.302,289.321,2.302,289.321,2.302,289.321,2.302,289.321,2.302,289.321,2.302,289.321,2.302,289.321,2.302,289.321,2.302,289.321,2.302
738.281000,220.137,2.047,220.137,2.047,220.137,2.047,220.137,2.047,220.137,2.047,220.137,2.047,220.137,2.047,220.137,2.047,220.137,2.047,220.137,2.047,220.137,2.047,220.137,2.047,220.137,2.047,220.137,2.047,220.137,2.047,220.137,2.047
741.211000,195.344,1.896,195.344,1.896,195.344,1.896,195.344,1.896,195.344,1.896,195.344,1.896,195.344,1.896,195.344,1.896,195.344,1.896,195.344,1.896,195.344,1.896,195.344,1.896,195.344,1.896,195.344,1.896,195.344,1.896,195.344,1.896
744.141000,176.577,1.613,176.577,1.613,176.577,1.613,176.577,1.613,176.577,1.613,176.577,1.613,176.577,1.613,176.577,1.613,176.577,1.613,176.577,1.613,176.577,1.613,176.577,1.613,176.577,1.613,176.577,1.613,176.577,1.613,176.577,1.613
747.070000,209.462,1.089,209.462,1.089,209.462,1.089,209.462,1.089,209.462,1.089,209.462,1.089,209.462,1.089,209.462,1.089,209.462,1.089,209.462,1.089,209.462,1.089,209.462,1.089,209.462,1.089,209.462,1.089,209.462,1.089,209.462,1.089
750.000000,235.74,0,235.74,0,235.74,0,235.74,0,235.74,0,235.74,0,235.74,0,235.74,0,235.74,0,235.74,0,235.74,0,235.74,0,235.74,0,235.74,0,235.74,0,235.74,0
752.930000,0,0,0,0,0,0,0,0,0,0,0,0,0,0,0,0,0,0,0,0,0,0,0,0,0,0,0,0,0,0,0,0
755.859000,0,0,0,0,0,0,0,0,0,0,0,0,0,0,0,0,0,0,0,0,0,0,0,0,0,0,0,0,0,0,0,0
758.789000,0,0,0,0,0,0,0,0,0,0,0,0,0,0,0,0,0,0,0,0,0,0,0,0,0,0,0,0,0,0,0,0
761.719000,0,0,0,0,0,0,0,0,0,0,0,0,0,0,0,0,0,0,0,0,0,0,0,0,0,0,0,0,0,0,0,0
764.648000,0,0,0,0,0,0,0,0,0,0,0,0,0,0,0,0,0,0,0,0,0,0,0,0,0,0,0,0,0,0,0,0
767.578000,0,0,0,0,0,0,0,0,0,0,0,0,0,0,0,0,0,0,0,0,0,0,0,0,0,0,0,0,0,0,0,0
770.508000,0,0,0,0,0,0,0,0,0,0,0,0,0,0,0,0,0,0,0,0,0,0,0,0,0,0,0,0,0,0,0,0
773.438000,0,0,0,0,0,0,0,0,0,0,0,0,0,0,0,0,0,0,0,0,0,0,0,0,0,0,0,0,0,0,0,0
776.367000,0,0,0,0,0,0,0,0,0,0,0,0,0,0,0,0,0,0,0,0,0,0,0,0,0,0,0,0,0,0,0,0
779.297000,0,0,0,0,0,0,0,0,0,0,0,0,0,0,0,0,0,0,0,0,0,0,0,0,0,0,0,0,0,0,0,0
782.227000,0,0,0,0,0,0,0,0,0,0,0,0,0,0,0,0,0,0,0,0,0,0,0,0,0,0,0,0,0,0,0,0
785.156000,0,0,0,0,0,0,0,0,0,0,0,0,0,0,0,0,0,0,0,0,0,0,0,0,0,0,0,0,0,0,0,0
788.086000,0,0,0,0,0,0,0,0,0,0,0,0,0,0,0,0,0,0,0,0,0,0,0,0,0,0,0,0,0,0,0,0
791.016000,0,0,0,0,0,0,0,0,0,0,0,0,0,0,0,0,0,0,0,0,0,0,0,0,0,0,0,0,0,0,0,0
793.945000,0,0,0,0,0,0,0,0,0,0,0,0,0,0,0,0,0,0,0,0,0,0,0,0,0,0,0,0,0,0,0,0
796.875000,0,0,0,0,0,0,0,0,0,0,0,0,0,0,0,0,0,0,0,0,0,0,0,0,0,0,0,0,0,0,0,0
799.805000,0,0,0,0,0,0,0,0,0,0,0,0,0,0,0,0,0,0,0,0,0,0,0,0,0,0,0,0,0,0,0,0
802.734000,0,0,0,0,0,0,0,0,0,0,0,0,0,0,0,0,0,0,0,0,0,0,0,0,0,0,0,0,0,0,0,0
805.664000,0,0,0,0,0,0,0,0,0,0,0,0,0,0,0,0,0,0,0,0,0,0,0,0,0,0,0,0,0,0,0,0
808.594000,0,0,0,0,0,0,0,0,0,0,0,0,0,0,0,0,0,0,0,0,0,0,0,0,0,0,0,0,0,0,0,0
811.523000,0,0,0,0,0,0,0,0,0,0,0,0,0,0,0,0,0,0,0,0,0,0,0,0,0,0,0,0,0,0,0,0
814.453000,0,0,0,0,0,0,0,0,0,0,0,0,0,0,0,0,0,0,0,0,0,0,0,0,0,0,0,0,0,0,0,0
817.383000,0,0,0,0,0,0,0,0,0,0,0,0,0,0,0,0,0,0,0,0,0,0,0,0,0,0,0,0,0,0,0,0
820.312000,0,0,0,0,0,0,0,0,0,0,0,0,0,0,0,0,0,0,0,0,0,0,0,0,0,0,0,0,0,0,0,0
823.242000,0,0,0,0,0,0,0,0,0,0,0,0,0,0,0,0,0,0,0,0,0,0,0,0,0,0,0,0,0,0,0,0
826.172000,0,0,0,0,0,0,0,0,0,0,0,0,0,0,0,0,0,0,0,0,0,0,0,0,0,0,0,0,0,0,0,0
829.102000,0,0,0,0,0,0,0,0,0,0,0,0,0,0,0,0,0,0,0,0,0,0,0,0,0,0,0,0,0,0,0,0
832.031000,0,0,0,0,0,0,0,0,0,0,0,0,0,0,0,0,0,0,0,0,0,0,0,0,0,0,0,0,0,0,0,0
834.961000,0,0,0,0,0,0,0,0,0,0,0,0,0,0,0,0,0,0,0,0,0,0,0,0,0,0,0,0,0,0,0,0
837.891000,0,0,0,0,0,0,0,0,0,0,0,0,0,0,0,0,0,0,0,0,0,0,0,0,0,0,0,0,0,0,0,0
840.820000,0,0,0,0,0,0,0,0,0,0,0,0,0,0,0,0,0,0,0,0,0,0,0,0,0,0,0,0,0,0,0,0
843.750000,0,0,0,0,0,0,0,0,0,0,0,0,0,0,0,0,0,0,0,0,0,0,0,0,0,0,0,0,0,0,0,0
846.680000,0,0,0,0,0,0,0,0,0,0,0,0,0,0,0,0,0,0,0,0,0,0,0,0,0,0,0,0,0,0,0,0
849.609000,0,0,0,0,0,0,0,0,0,0,0,0,0,0,0,0,0,0,0,0,0,0,0,0,0,0,0,0,0,0,0,0
852.539000,0,0,0,0,0,0,0,0,0,0,0,0,0,0,0,0,0,0,0,0,0,0,0,0,0,0,0,0,0,0,0,0
855.469000,0,0,0,0,0,0,0,0,0,0,0,0,0,0,0,0,0,0,0,0,0,0,0,0,0,0,0,0,0,0,0,0
858.398000,0,0,0,0,0,0,0,0,0,0,0,0,0,0,0,0,0,0,0,0,0,0,0,0,0,0,0,0,0,0,0,0
861.328000,0,0,0,0,0,0,0,0,0,0,0,0,0,0,0,0,0,0,0,0,0,0,0,0,0,0,0,0,0,0,0,0
864.258000,0,0,0,0,0,0,0,0,0,0,0,0,0,0,0,0,0,0,0,0,0,0,0,0,0,0,0,0,0,0,0,0
867.188000,0,0,0,0,0,0,0,0,0,0,0,0,0,0,0,0,0,0,0,0,0,0,0,0,0,0,0,0,0,0,0,0
870.117000,0,0,0,0,0,0,0,0,0,0,0,0,0,0,0,0,0,0,0,0,0,0,0,0,0,0,0,0,0,0,0,0
873.047000,0,0,0,0,0,0,0,0,0,0,0,0,0,0,0,0,0,0,0,0,0,0,0,0,0,0,0,0,0,0,0,0
875.977000,0,0,0,0,0,0,0,0,0,0,0,0,0,0,0,0,0,0,0,0,0,0,0,0,0,0,0,0,0,0,0,0
878.906000,0,0,0,0,0,0,0,0,0,0,0,0,0,0,0,0,0,0,0,0,0,0,0,0,0,0,0,0,0,0,0,0
881.836000,0,0,0,0,0,0,0,0,0,0,0,0,0,0,0,0,0,0,0,0,0,0,0,0,0,0,0,0,0,0,0,0
884.766000,0,0,0,0,0,0,0,0,0,0,0,0,0,0,0,0,0,0,0,0,0,0,0,0,0,0,0,0,0,0,0,0
887.695000,0,0,0,0,0,0,0,0,0,0,0,0,0,0,0,0,0,0,0,0,0,0,0,0,0,0,0,0,0,0,0,0
890.625000,0,0,0,0,0,0,0,0,0,0,0,0,0,0,0,0,0,0,0,0,0,0,0,0,0,0,0,0,0,0,0,0
893.555000,0,0,0,0,0,0,0,0,0,0,0,0,0,0,0,0,0,0,0,0,0,0,0,0,0,0,0,0,0,0,0,0
896.484000,0,0,0,0,0,0,0,0,0,0,0,0,0,0,0,0,0,0,0,0,0,0,0,0,0,0,0,0,0,0,0,0
899.414000,0,0,0,0,0,0,0,0,0,0,0,0,0,0,0,0,0,0,0,0,0,0,0,0,0,0,0,0,0,0,0,0
902.344000,0,0,0,0,0,0,0,0,0,0,0,0,0,0,0,0,0,0,0,0,0,0,0,0,0,0,0,0,0,0,0,0
905.273000,0,0,0,0,0,0,0,0,0,0,0,0,0,0,0,0,0,0,0,0,0,0,0,0,0,0,0,0,0,0,0,0
908.203000,0,0,0,0,0,0,0,0,0,0,0,0,0,0,0,0,0,0,0,0,0,0,0,0,0,0,0,0,0,0,0,0
911.133000,0,0,0,0,0,0,0,0,0,0,0,0,0,0,0,0,0,0,0,0,0,0,0,0,0,0,0,0,0,0,0,0
914.062000,0,0,0,0,0,0,0,0,0,0,0,0,0,0,0,0,0,0,0,0,0,0,0,0,0,0,0,0,0,0,0,0
916.992000,0,0,0,0,0,0,0,0,0,0,0,0,0,0,0,0,0,0,0,0,0,0,0,0,0,0,0,0,0,0,0,0
919.922000,0,0,0,0,0,0,0,0,0,0,0,0,0,0,0,0,0,0,0,0,0,0,0,0,0,0,0,0,0,0,0,0
922.852000,0,0,0,0,0,0,0,0,0,0,0,0,0,0,0,0,0,0,0,0,0,0,0,0,0,0,0,0,0,0,0,0
925.781000,0,0,0,0,0,0,0,0,0,0,0,0,0,0,0,0,0,0,0,0,0,0,0,0,0,0,0,0,0,0,0,0
928.711000,0,0,0,0,0,0,0,0,0,0,0,0,0,0,0,0,0,0,0,0,0,0,0,0,0,0,0,0,0,0,0,0
931.641000,0,0,0,0,0,0,0,0,0,0,0,0,0,0,0,0,0,0,0,0,0,0,0,0,0,0,0,0,0,0,0,0
934.570000,0,0,0,0,0,0,0,0,0,0,0,0,0,0,0,0,0,0,0,0,0,0,0,0,0,0,0,0,0,0,0,0
937.500000,0,0,0,0,0,0,0,0,0,0,0,0,0,0,0,0,0,0,0,0,0,0,0,0,0,0,0,0,0,0,0,0
940.430000,0,0,0,0,0,0,0,0,0,0,0,0,0,0,0,0,0,0,0,0,0,0,0,0,0,0,0,0,0,0,0,0
943.359000,0,0,0,0,0,0,0,0,0,0,0,0,0,0,0,0,0,0,0,0,0,0,0,0,0,0,0,0,0,0,0,0
946.289000,0,0,0,0,0,0,0,0,0,0,0,0,0,0,0,0,0,0,0,0,0,0,0,0,0,0,0,0,0,0,0,0
949.219000,0,0,0,0,0,0,0,0,0,0,0,0,0,0,0,0,0,0,0,0,0,0,0,0,0,0,0,0,0,0,0,0
952.148000,0,0,0,0,0,0,0,0,0,0,0,0,0,0,0,0,0,0,0,0,0,0,0,0,0,0,0,0,0,0,0,0
955.078000,0,0,0,0,0,0,0,0,0,0,0,0,0,0,0,0,0,0,0,0,0,0,0,0,0,0,0,0,0,0,0,0
958.008000,0,0,0,0,0,0,0,0,0,0,0,0,0,0,0,0,0,0,0,0,0,0,0,0,0,0,0,0,0,0,0,0
960.938000,0,0,0,0,0,0,0,0,0,0,0,0,0,0,0,0,0,0,0,0,0,0,0,0,0,0,0,0,0,0,0,0
963.867000,0,0,0,0,0,0,0,0,0,0,0,0,0,0,0,0,0,0,0,0,0,0,0,0,0,0,0,0,0,0,0,0
966.797000,0,0,0,0,0,0,0,0,0,0,0,0,0,0,0,0,0,0,0,0,0,0,0,0,0,0,0,0,0,0,0,0
969.727000,0,0,0,0,0,0,0,0,0,0,0,0,0,0,0,0,0,0,0,0,0,0,0,0,0,0,0,0,0,0,0,0
972.656000,0,0,0,0,0,0,0,0,0,0,0,0,0,0,0,0,0,0,0,0,0,0,0,0,0,0,0,0,0,0,0,0
975.586000,0,0,0,0,0,0,0,0,0,0,0,0,0,0,0,0,0,0,0,0,0,0,0,0,0,0,0,0,0,0,0,0
978.516000,0,0,0,0,0,0,0,0,0,0,0,0,0,0,0,0,0,0,0,0,0,0,0,0,0,0,0,0,0,0,0,0
981.445000,0,0,0,0,0,0,0,0,0,0,0,0,0,0,0,0,0,0,0,0,0,0,0,0,0,0,0,0,0,0,0,0
984.375000,0,0,0,0,0,0,0,0,0,0,0,0,0,0,0,0,0,0,0,0,0,0,0,0,0,0,0,0,0,0,0,0
987.305000,0,0,0,0,0,0,0,0,0,0,0,0,0,0,0,0,0,0,0,0,0,0,0,0,0,0,0,0,0,0,0,0
990.234000,0,0,0,0,0,0,0,0,0,0,0,0,0,0,0,0,0,0,0,0,0,0,0,0,0,0,0,0,0,0,0,0
993.164000,0,0,0,0,0,0,0,0,0,0,0,0,0,0,0,0,0,0,0,0,0,0,0,0,0,0,0,0,0,0,0,0
996.094000,0,0,0,0,0,0,0,0,0,0,0,0,0,0,0,0,0,0,0,0,0,0,0,0,0,0,0,0,0,0,0,0
999.023000,0,0,0,0,0,0,0,0,0,0,0,0,0,0,0,0,0,0,0,0,0,0,0,0,0,0,0,0,0,0,0,0
