# Frequency[MHz],ampNF Ch0 [lin],ampNF Ch1 [lin],ampNF Ch2 [lin],ampNF Ch3 [lin],ampNF Ch4 [lin],ampNF Ch5 [lin],ampNF Ch6 [lin],ampNF Ch7 [lin],ampNF Ch8 [lin],ampNF Ch9 [lin],ampNF Ch10 [lin],ampNF Ch11 [lin],ampNF Ch12 [lin],ampNF Ch13 [lin],ampNF Ch14 [lin],ampNF Ch15 [lin]
0,629.55,629.55,629.55,1148.36,219.68,219.68,219.68,5968.34,442.022,442.022,442.022,185.405,7106.37,7106.37,7106.37,210.369
2.00401,620.579,620.579,620.579,1131.78,216.57,216.57,216.57,5867.74,435.736,435.736,435.736,182.786,7001.43,7001.43,7001.43,207.398
4.00802,611.609,611.609,611.609,1115.2,213.461,213.461,213.461,5767.14,429.45,429.45,429.45,180.167,6896.49,6896.49,6896.49,204.427
6.01202,602.638,602.638,602.638,1098.62,210.351,210.351,210.351,5666.53,423.164,423.164,423.164,177.549,6791.55,6791.55,6791.55,201.456
8.01603,593.668,593.668,593.668,1082.05,207.242,207.242,207.242,5565.93,416.879,416.879,416.879,174.93,6686.61,6686.61,6686.61,198.486
10.02,584.697,584.697,584.697,1065.47,204.133,204.133,204.133,5465.33,410.593,410.593,410.593,172.312,6581.67,6581.67,6581.67,195.515
12.024,575.727,575.727,575.727,1048.89,201.023,201.023,201.023,5364.73,404.307,404.307,404.307,169.693,6476.73,6476.73,6476.73,192.544
14.0281,566.756,566.756,566.756,1032.31,197.914,197.914,197.914,5264.13,398.021,398.021,398.021,167.074,6371.79,6371.79,6371.79,189.573
16.0321,557.786,557.786,557.786,1015.73,194.805,194.805,194.805,5163.53,391.735,391.735,391.735,164.456,6266.85,6266.85,6266.85,186.603
18.0361,548.815,548.815,548.815,999.15,191.695,191.695,191.695,5062.93,385.449,385.449,385.449,161.837,6161.91,6161.91,6161.91,183.632
20.0401,539.845,539.845,539.845,982.571,188.586,188.586,188.586,4962.33,379.163,379.163,379.163,159.219,6056.97,6056.97,6056.97,180.661
22.0441,530.874,530.874,530.874,965.992,185.477,185.477,185.477,4861.73,372.877,372.877,372.877,156.6,5952.03,5952.03,5952.03,177.69
24.0481,521.904,521.904,521.904,949.413,182.367,182.367,182.367,4761.13,366.591,366.591,366.591,153.981,5847.09,5847.09,5847.09,174.719
26.0521,512.933,512.933,512.933,932.834,179.258,179.258,179.258,4660.53,360.305,360.305,360.305,151.363,5742.15,5742.15,5742.15,171.749
28.0561,503.963,503.963,503.963,916.255,176.148,176.148,176.148,4559.93,354.02,354.02,354.02,148.744,5637.21,5637.21,5637.21,168.778
30.0601,494.992,494.992,494.992,899.675,173.039,173.039,173.039,4459.33,347.734,347.734,347.734,146.126,5532.27,5532.27,5532.27,165.807
32.0641,486.022,486.022,486.022,883.096,169.93,169.93,169.93,4358.73,341.448,341.448,341.448,143.507,5427.33,5427.33,5427.33,162.836
34.0681,477.051,477.051,477.051,866.517,166.82,166.82,166.82,4258.13,335.162,335.162,335.162,140.888,5322.39,5322.39,5322.39,159.866
36.0721,468.081,468.081,468.081,849.938,163.711,163.711,163.711,4157.53,328.876,328.876,328.876,138.27,5217.45,5217.45,5217.45,156.895
38.0762,459.11,459.11,459.11,833.359,160.602,160.602,160.602,4056.93,322.59,322.59,322.59,135.651,5112.51,5112.51,5112.51,153.924
40.0802,450.14,450.14,450.14,816.78,157.492,157.492,157.492,3956.32,316.304,316.304,316.304,133.032,5007.57,5007.57,5007.57,150.953
42.0842,441.17,441.17,441.17,800.201,154.383,154.383,154.383,3855.72,310.018,310.018,310.018,130.414,4902.63,4902.63,4902.63,147.982
44.0882,432.199,432.199,432.199,783.622,151.273,151.273,151.273,3755.12,303.732,303.732,303.732,127.795,4797.69,4797.69,4797.69,145.012
46.0922,423.229,423.229,423.229,767.043,148.164,148.164,148.164,3654.52,297.446,297.446,297.446,125.177,4692.75,4692.75,4692.75,142.041
48.0962,414.258,414.258,414.258,750.464,145.055,145.055,145.055,3553.92,291.161,291.161,291.161,122.558,4587.81,4587.81,4587.81,139.07
50.1002,405.288,405.288,405.288,733.885,141.945,141.945,141.945,3453.32,284.875,284.875,284.875,119.939,4482.87,4482.87,4482.87,136.099
52.1042,396.317,396.317,396.317,717.306,138.836,138.836,138.836,3352.72,278.589,278.589,278.589,117.321,4377.93,4377.93,4377.93,133.129
54.1082,387.347,387.347,387.347,700.727,135.727,135.727,135.727,3252.12,272.303,272.303,272.303,114.702,4272.99,4272.99,4272.99,130.158
56.1122,378.376,378.376,378.376,684.148,132.617,132.617,132.617,3151.52,266.017,266.017,266.017,112.084,4168.05,4168.05,4168.05,127.187
58.1162,369.406,369.406,369.406,667.569,129.508,129.508,129.508,3050.92,259.731,259.731,259.731,109.465,4063.11,4063.11,4063.11,124.216
60.1202,360.435,360.435,360.435,650.99,126.399,126.399,126.399,2950.32,253.445,253.445,253.445,106.846,3958.17,3958.17,3958.17,121.245
62.1242,351.465,351.465,351.465,634.41,123.289,123.289,123.289,2849.72,247.159,247.159,247.159,104.228,3853.23,3853.23,3853.23,118.275
64.1283,342.494,342.494,342.494,617.831,120.18,120.18,120.18,2749.12,240.873,240.873,240.873,101.609,3748.28,3748.28,3748.28,115.304
66.1323,333.524,333.524,333.524,601.252,117.07,117.07,117.07,2648.52,234.587,234.587,234.587,98.9906,3643.34,3643.34,3643.34,112.333
68.1363,324.553,324.553,324.553,584.673,113.961,113.961,113.961,2547.92,228.302,228.302,228.302,96.372,3538.4,3538.4,3538.4,109.362
70.1403,315.583,315.583,315.583,568.094,110.852,110.852,110.852,2447.32,222.016,222.016,222.016,93.7534,3433.46,3433.46,3433.46,106.392
72.1443,306.612,306.612,306.612,551.515,107.742,107.742,107.742,2346.72,215.73,215.73,215.73,91.1348,3328.52,3328.52,3328.52,103.421
74.1483,297.642,297.642,297.642,534.936,104.633,104.633,104.633,2246.12,209.444,209.444,209.444,88.5162,3223.58,3223.58,3223.58,100.45
76.1523,288.671,288.671,288.671,518.357,101.524,101.524,101.524,2145.51,203.158,203.158,203.158,85.8976,3118.64,3118.64,3118.64,97.4793
78.1563,279.701,279.701,279.701,501.778,98.4142,98.4142,98.4142,2044.91,196.872,196.872,196.872,83.279,3013.7,3013.7,3013.7,94.5085
80.1603,270.73,270.73,270.73,485.199,95.3049,95.3049,95.3049,1944.31,190.586,190.586,190.586,80.6604,2908.76,2908.76,2908.76,91.5377
82.1643,261.76,261.76,261.76,468.62,92.1955,92.1955,92.1955,1843.71,184.3,184.3,184.3,78.0418,2803.82,2803.82,2803.82,88.5669
84.1683,252.789,252.789,252.789,452.041,89.0861,89.0861,89.0861,1743.11,178.014,178.014,178.014,75.4232,2698.88,2698.88,2698.88,85.5962
86.1723,243.819,243.819,243.819,435.462,85.9768,85.9768,85.9768,1642.51,171.728,171.728,171.728,72.8046,2593.94,2593.94,2593.94,82.6254
88.1764,234.848,234.848,234.848,418.883,82.8674,82.8674,82.8674,1541.91,165.442,165.442,165.442,70.186,2489,2489,2489,79.6546
90.1804,225.878,225.878,225.878,402.304,79.758,79.758,79.758,1441.31,159.157,159.157,159.157,67.5674,2384.06,2384.06,2384.06,76.6838
92.1844,216.907,216.907,216.907,385.724,76.6487,76.6487,76.6487,1340.71,152.871,152.871,152.871,64.9487,2279.12,2279.12,2279.12,73.7131
94.1884,207.937,207.937,207.937,369.145,73.5393,73.5393,73.5393,1240.11,146.585,146.585,146.585,62.3301,2174.18,2174.18,2174.18,70.7423
96.1924,198.967,198.967,198.967,352.566,70.4299,70.4299,70.4299,1139.51,140.299,140.299,140.299,59.7115,2069.24,2069.24,2069.24,67.7715
98.1964,189.996,189.996,189.996,335.987,67.3205,67.3205,67.3205,1038.91,134.013,134.013,134.013,57.0929,1964.3,1964.3,1964.3,64.8007
100.2,181.026,181.026,181.026,319.408,64.2112,64.2112,64.2112,938.308,127.727,127.727,127.727,54.4743,1859.36,1859.36,1859.36,61.83
102.204,172.055,172.055,172.055,302.829,61.1018,61.1018,61.1018,837.707,121.441,121.441,121.441,51.8557,1754.42,1754.42,1754.42,58.8592
104.208,163.085,163.085,163.085,286.25,57.9924,57.9924,57.9924,737.107,115.155,115.155,115.155,49.2371,1649.48,1649.48,1649.48,55.8884
106.212,154.114,154.114,154.114,269.671,54.8831,54.8831,54.8831,636.506,108.869,108.869,108.869,46.6185,1544.54,1544.54,1544.54,52.9176
108.216,145.144,145.144,145.144,253.092,51.7737,51.7737,51.7737,535.906,102.583,102.583,102.583,43.9999,1439.6,1439.6,1439.6,49.9469
110.22,136.173,136.173,136.173,236.513,48.6643,48.6643,48.6643,435.305,96.2976,96.2976,96.2976,41.3813,1334.66,1334.66,1334.66,46.9761
112.224,127.203,127.203,127.203,219.934,45.555,45.555,45.555,334.704,90.0117,90.0117,90.0117,38.7627,1229.72,1229.72,1229.72,44.0053
114.228,118.232,118.232,118.232,203.355,42.4456,42.4456,42.4456,238.787,83.7258,83.7258,83.7258,36.1441,1124.78,1124.78,1124.78,41.0345
116.232,109.262,109.262,109.262,186.776,39.3362,39.3362,39.3362,184.028,77.4399,77.4399,77.4399,33.5255,1019.84,1019.84,1019.84,38.0638
118.236,100.291,100.291,100.291,170.197,36.2269,36.2269,36.2269,165.581,71.154,71.154,71.154,30.9069,914.901,914.901,914.901,35.093
120.24,91.3208,91.3208,91.3208,153.618,33.1175,33.1175,33.1175,147.134,64.8681,64.8681,64.8681,28.2883,809.961,809.961,809.961,32.1222
122.244,82.3503,82.3503,82.3503,137.039,30.0081,30.0081,30.0081,128.687,58.5822,58.5822,58.5822,25.6697,705.021,705.021,705.021,29.1514
124.248,73.3798,73.3798,73.3798,120.459,26.8988,26.8988,26.8988,110.24,52.2963,52.2963,52.2963,23.0511,600.081,600.081,600.081,26.1807
126.253,64.4093,64.4093,64.4093,103.88,23.7894,23.7894,23.7894,91.7926,46.0104,46.0104,46.0104,20.4325,495.141,495.141,495.141,23.2099
128.257,55.4388,55.4388,55.4388,87.3013,20.68,20.68,20.68,73.3455,39.7245,39.7245,39.7245,17.8139,390.201,390.201,390.201,20.2391
130.261,46.4684,46.4684,46.4684,70.7223,17.5707,17.5707,17.5707,54.8985,33.4386,33.4386,33.4386,15.1953,285.261,285.261,285.261,17.2683
132.265,37.4979,37.4979,37.4979,54.1432,14.4613,14.4613,14.4613,36.4515,27.1527,27.1527,27.1527,12.5766,180.321,180.321,180.321,14.2976
134.269,28.5274,28.5274,28.5274,37.9005,11.3519,11.3519,11.3519,18.9995,20.8667,20.8667,20.8667,9.95804,81.4984,81.4984,81.4984,11.3268
136.273,19.5569,19.5569,19.5569,24.1726,8.24255,8.24255,8.24255,8.98738,14.5808,14.5808,14.5808,7.33944,28.4244,28.4244,28.4244,8.35601
138.277,10.5864,10.5864,10.5864,12.6132,5.13319,5.13319,5.13319,5.39063,8.29495,8.29495,8.29495,4.72083,14.7978,14.7978,14.7978,5.38524
140.281,2.82434,2.82434,2.82434,2.63874,2.43218,2.43218,2.43218,2.27276,2.84518,2.84518,2.84518,2.44509,3.02026,3.02026,3.02026,2.78993
142.285,2.48508,2.48508,2.48508,2.4006,2.23969,2.23969,2.23969,2.09665,2.53166,2.53166,2.53166,2.27555,2.60086,2.60086,2.60086,2.5011
144.289,2.16249,2.16249,2.16249,2.17563,2.05629,2.05629,2.05629,1.9296,2.23295,2.23295,2.23295,2.11406,2.20237,2.20237,2.20237,2.22412
146.293,1.95597,1.95597,1.95597,2.04221,1.93622,1.93622,1.93622,1.82561,2.03735,2.03735,2.03735,2.00859,1.94937,1.94937,1.94937,2.02965
148.297,1.84835,1.84835,1.84835,1.98683,1.87011,1.87011,1.87011,1.77537,1.92962,1.92962,1.92962,1.95086,1.82036,1.82036,1.82036,1.90551
150.301,1.75323,1.75323,1.75323,1.92901,1.81054,1.81054,1.81054,1.73052,1.83408,1.83408,1.83408,1.89817,1.70738,1.70738,1.70738,1.79484
152.305,1.72892,1.72892,1.72892,1.85733,1.78801,1.78801,1.78801,1.71614,1.80762,1.80762,1.80762,1.87401,1.68517,1.68517,1.68517,1.76052
154.309,1.70475,1.70475,1.70475,1.79071,1.76658,1.76658,1.76658,1.70193,1.78228,1.78228,1.78228,1.85026,1.66356,1.66356,1.66356,1.72999
156.313,1.68154,1.68154,1.68154,1.757,1.7523,1.7523,1.7523,1.68871,1.76417,1.76417,1.76417,1.82922,1.64577,1.64577,1.64577,1.72414
158.317,1.65914,1.65914,1.65914,1.751,1.74404,1.74404,1.74404,1.67634,1.75216,1.75216,1.75216,1.81046,1.63121,1.63121,1.63121,1.73908
160.321,1.63705,1.63705,1.63705,1.74888,1.73676,1.73676,1.73676,1.6641,1.74138,1.74138,1.74138,1.79213,1.61776,1.61776,1.61776,1.7569
162.325,1.61662,1.61662,1.61662,1.76708,1.73464,1.73464,1.73464,1.65256,1.7371,1.7371,1.7371,1.77603,1.61013,1.61013,1.61013,1.78983
164.329,1.59706,1.59706,1.59706,1.78073,1.73235,1.73235,1.73235,1.64086,1.73435,1.73435,1.73435,1.7601,1.60641,1.60641,1.60641,1.81679
166.333,1.58277,1.58277,1.58277,1.76661,1.729,1.729,1.729,1.62824,1.74088,1.74088,1.74088,1.74513,1.62648,1.62648,1.62648,1.80736
168.337,1.57289,1.57289,1.57289,1.72937,1.72478,1.72478,1.72478,1.61483,1.75514,1.75514,1.75514,1.73098,1.66635,1.66635,1.66635,1.76764
170.341,1.56495,1.56495,1.56495,1.69567,1.72816,1.72816,1.72816,1.60233,1.76707,1.76707,1.76707,1.71854,1.70336,1.70336,1.70336,1.73013
172.345,1.56657,1.56657,1.56657,1.67927,1.76869,1.76869,1.76869,1.59427,1.76762,1.76762,1.76762,1.71441,1.72634,1.72634,1.72634,1.70349
174.349,1.56939,1.56939,1.56939,1.66489,1.81472,1.81472,1.81472,1.58675,1.76673,1.76673,1.76673,1.7113,1.74736,1.74736,1.74736,1.67805
176.353,1.5792,1.5792,1.5792,1.66216,1.89245,1.89245,1.89245,1.58231,1.7576,1.7576,1.7576,1.71412,1.75709,1.75709,1.75709,1.65957
178.357,1.59475,1.59475,1.59475,1.669,1.99627,1.99627,1.99627,1.58042,1.74168,1.74168,1.74168,1.72182,1.75752,1.75752,1.75752,1.6468
180.361,1.60697,1.60697,1.60697,1.67448,2.07417,2.07417,2.07417,1.57751,1.72694,1.72694,1.72694,1.72655,1.75228,1.75228,1.75228,1.63055
182.365,1.60404,1.60404,1.60404,1.67373,2.03403,2.03403,2.03403,1.56996,1.71761,1.71761,1.71761,1.71782,1.72116,1.72116,1.72116,1.59848
184.369,1.60083,1.60083,1.60083,1.67254,1.99216,1.99216,1.99216,1.56247,1.70836,1.70836,1.70836,1.70905,1.69032,1.69032,1.69032,1.56777
186.373,1.59601,1.59601,1.59601,1.66897,1.94092,1.94092,1.94092,1.55536,1.69961,1.69961,1.69961,1.70012,1.66103,1.66103,1.66103,1.54449
188.377,1.58991,1.58991,1.58991,1.66347,1.88206,1.88206,1.88206,1.54856,1.69125,1.69125,1.69125,1.69106,1.63299,1.63299,1.63299,1.52723
190.381,1.58405,1.58405,1.58405,1.65583,1.82743,1.82743,1.82743,1.54291,1.68269,1.68269,1.68269,1.68379,1.60998,1.60998,1.60998,1.52161
192.385,1.57926,1.57926,1.57926,1.63911,1.79086,1.79086,1.79086,1.54221,1.67327,1.67327,1.67327,1.68414,1.60844,1.60844,1.60844,1.56561
194.389,1.57432,1.57432,1.57432,1.62432,1.75593,1.75593,1.75593,1.54174,1.66405,1.66405,1.66405,1.68427,1.60637,1.60637,1.60637,1.60693
196.393,1.56862,1.56862,1.56862,1.61952,1.72953,1.72953,1.72953,1.54253,1.65591,1.65591,1.65591,1.68327,1.60154,1.60154,1.60154,1.63444
198.397,1.56231,1.56231,1.56231,1.62275,1.70995,1.70995,1.70995,1.54433,1.64864,1.64864,1.64864,1.68137,1.59451,1.59451,1.59451,1.65086
200.401,1.55582,1.55582,1.55582,1.6286,1.69245,1.69245,1.69245,1.54645,1.64164,1.64164,1.64164,1.67918,1.58679,1.58679,1.58679,1.66342
202.405,1.54858,1.54858,1.54858,1.64493,1.6832,1.6832,1.6832,1.54988,1.63575,1.63575,1.63575,1.67584,1.57632,1.57632,1.57632,1.6605
204.409,1.54222,1.54222,1.54222,1.65808,1.67498,1.67498,1.67498,1.5536,1.63056,1.63056,1.63056,1.67316,1.56652,1.56652,1.56652,1.65492
206.413,1.54014,1.54014,1.54014,1.65561,1.67186,1.67186,1.67186,1.55871,1.62875,1.62875,1.62875,1.67374,1.55996,1.55996,1.55996,1.63625
208.417,1.54145,1.54145,1.54145,1.64076,1.67277,1.67277,1.67277,1.56493,1.62964,1.62964,1.62964,1.6769,1.55599,1.55599,1.55599,1.6072
210.421,1.5432,1.5432,1.5432,1.62819,1.67409,1.67409,1.67409,1.57351,1.63039,1.63039,1.63039,1.68268,1.55214,1.55214,1.55214,1.58601
212.425,1.54659,1.54659,1.54659,1.62415,1.67694,1.67694,1.67694,1.59096,1.63063,1.63063,1.63063,1.69831,1.54877,1.54877,1.54877,1.59438
214.429,1.55035,1.55035,1.55035,1.62207,1.68012,1.68012,1.68012,1.61056,1.63075,1.63075,1.63075,1.71631,1.54549,1.54549,1.54549,1.60991
216.433,1.5558,1.5558,1.5558,1.62922,1.68486,1.68486,1.68486,1.64024,1.63027,1.63027,1.63027,1.74539,1.54265,1.54265,1.54265,1.65897
218.437,1.56257,1.56257,1.56257,1.64357,1.69081,1.69081,1.69081,1.67781,1.62933,1.62933,1.62933,1.78315,1.54015,1.54015,1.54015,1.73426
220.441,1.56699,1.56699,1.56699,1.65364,1.69591,1.69591,1.69591,1.70333,1.62908,1.62908,1.62908,1.80853,1.53987,1.53987,1.53987,1.78984
222.445,1.56302,1.56302,1.56302,1.64857,1.698,1.698,1.698,1.68611,1.63131,1.63131,1.63131,1.79004,1.54743,1.54743,1.54743,1.77553
224.449,1.55887,1.55887,1.55887,1.64294,1.69977,1.69977,1.69977,1.66812,1.63359,1.63359,1.63359,1.77078,1.55517,1.55517,1.55517,1.75853
226.453,1.5539,1.5539,1.5539,1.63489,1.70011,1.70011,1.70011,1.64668,1.6361,1.6361,1.6361,1.7481,1.56368,1.56368,1.56368,1.72951
228.457,1.5483,1.5483,1.5483,1.62495,1.69935,1.69935,1.69935,1.62258,1.63878,1.63878,1.63878,1.72279,1.57279,1.57279,1.57279,1.69121
230.461,1.54515,1.54515,1.54515,1.61678,1.69638,1.69638,1.69638,1.61218,1.64067,1.64067,1.64067,1.71184,1.57936,1.57936,1.57936,1.65881
232.465,1.55019,1.55019,1.55019,1.61452,1.68601,1.68601,1.68601,1.64766,1.63989,1.63989,1.63989,1.74895,1.57741,1.57741,1.57741,1.64619
234.469,1.55525,1.55525,1.55525,1.6124,1.67658,1.67658,1.67658,1.67878,1.63853,1.63853,1.63853,1.78112,1.57502,1.57502,1.57502,1.63344
236.473,1.5604,1.5604,1.5604,1.61088,1.67116,1.67116,1.67116,1.69121,1.63468,1.63468,1.63468,1.79206,1.57079,1.57079,1.57079,1.62012
238.477,1.56562,1.56562,1.56562,1.60982,1.66882,1.66882,1.66882,1.68939,1.62894,1.62894,1.62894,1.78682,1.56514,1.56514,1.56514,1.60636
240.481,1.57087,1.57087,1.57087,1.60903,1.66819,1.66819,1.66819,1.67951,1.62215,1.62215,1.62215,1.77256,1.55872,1.55872,1.55872,1.59237
242.485,1.57625,1.57625,1.57625,1.60905,1.67302,1.67302,1.67302,1.64416,1.61205,1.61205,1.61205,1.72977,1.54983,1.54983,1.54983,1.57769
244.489,1.5806,1.5806,1.5806,1.61025,1.67721,1.67721,1.67721,1.61331,1.60367,1.60367,1.60367,1.69178,1.54259,1.54259,1.54259,1.57038
246.493,1.58072,1.58072,1.58072,1.61626,1.67879,1.67879,1.67879,1.60099,1.6024,1.6024,1.6024,1.67353,1.54209,1.54209,1.54209,1.59337
248.497,1.57767,1.57767,1.57767,1.62589,1.6784,1.6784,1.6784,1.60261,1.60648,1.60648,1.60648,1.67013,1.54667,1.54667,1.54667,1.63917
250.501,1.5752,1.5752,1.5752,1.63513,1.67851,1.67851,1.67851,1.60413,1.61073,1.61073,1.61073,1.66736,1.55146,1.55146,1.55146,1.68221
252.505,1.57445,1.57445,1.57445,1.64321,1.68015,1.68015,1.68015,1.6054,1.6155,1.6155,1.6155,1.6665,1.55688,1.55688,1.55688,1.71697
254.509,1.57468,1.57468,1.57468,1.65048,1.68258,1.68258,1.68258,1.60544,1.62004,1.62004,1.62004,1.66526,1.56214,1.56214,1.56214,1.74546
256.513,1.57872,1.57872,1.57872,1.65455,1.68813,1.68813,1.68813,1.60071,1.62367,1.62367,1.62367,1.66252,1.56675,1.56675,1.56675,1.74923
258.517,1.5856,1.5856,1.5856,1.65624,1.69599,1.69599,1.69599,1.59242,1.62663,1.62663,1.62663,1.65866,1.57087,1.57087,1.57087,1.73463
260.521,1.59152,1.59152,1.59152,1.65509,1.70156,1.70156,1.70156,1.58515,1.62855,1.62855,1.62855,1.65512,1.57441,1.57441,1.57441,1.71934
262.525,1.59473,1.59473,1.59473,1.64587,1.70061,1.70061,1.70061,1.58077,1.62752,1.62752,1.62752,1.65253,1.57628,1.57628,1.57628,1.70207
264.529,1.59773,1.59773,1.59773,1.6362,1.69921,1.69921,1.69921,1.57667,1.62628,1.62628,1.62628,1.65,1.57803,1.57803,1.57803,1.68482
266.533,1.59991,1.59991,1.59991,1.62482,1.69611,1.69611,1.69611,1.57361,1.62426,1.62426,1.62426,1.64771,1.57928,1.57928,1.57928,1.66764
268.537,1.60148,1.60148,1.60148,1.61219,1.69178,1.69178,1.69178,1.57132,1.62166,1.62166,1.62166,1.6456,1.58018,1.58018,1.58018,1.65052
270.541,1.60365,1.60365,1.60365,1.60609,1.69096,1.69096,1.69096,1.57009,1.62046,1.62046,1.62046,1.64298,1.58153,1.58153,1.58153,1.63802
272.545,1.6074,1.6074,1.6074,1.61763,1.69962,1.69962,1.69962,1.57171,1.62301,1.62301,1.62301,1.63898,1.58409,1.58409,1.58409,1.63802
274.549,1.61061,1.61061,1.61061,1.6277,1.70754,1.70754,1.70754,1.57357,1.62558,1.62558,1.62558,1.63525,1.5861,1.5861,1.5861,1.63752
276.553,1.61182,1.61182,1.61182,1.63242,1.71273,1.71273,1.71273,1.57633,1.62819,1.62819,1.62819,1.63254,1.58603,1.58603,1.58603,1.63518
278.557,1.61159,1.61159,1.61159,1.63326,1.71596,1.71596,1.71596,1.57975,1.63084,1.63084,1.63084,1.63055,1.58447,1.58447,1.58447,1.6315
280.561,1.60996,1.60996,1.60996,1.63036,1.71725,1.71725,1.71725,1.58381,1.63352,1.63352,1.63352,1.62927,1.58148,1.58148,1.58148,1.62655
282.565,1.60476,1.60476,1.60476,1.61782,1.71359,1.71359,1.71359,1.58951,1.63628,1.63628,1.63628,1.62978,1.5748,1.5748,1.5748,1.61834
284.569,1.59998,1.59998,1.59998,1.60735,1.71083,1.71083,1.71083,1.59336,1.6379,1.6379,1.6379,1.63054,1.56914,1.56914,1.56914,1.61202
286.573,1.59669,1.59669,1.59669,1.60419,1.71126,1.71126,1.71126,1.59066,1.63551,1.63551,1.63551,1.6322,1.56707,1.56707,1.56707,1.61239
288.577,1.59446,1.59446,1.59446,1.60623,1.71395,1.71395,1.71395,1.58329,1.63026,1.63026,1.63026,1.63448,1.56754,1.56754,1.56754,1.61751
290.581,1.59223,1.59223,1.59223,1.60933,1.71575,1.71575,1.71575,1.57648,1.62469,1.62469,1.62469,1.63631,1.56837,1.56837,1.56837,1.6229
292.585,1.59003,1.59003,1.59003,1.61506,1.71538,1.71538,1.71538,1.57103,1.61832,1.61832,1.61832,1.63703,1.57005,1.57005,1.57005,1.62893
294.589,1.5875,1.5875,1.5875,1.62116,1.71264,1.71264,1.71264,1.56805,1.61222,1.61222,1.61222,1.63668,1.57159,1.57159,1.57159,1.6339
296.593,1.58389,1.58389,1.58389,1.62853,1.70184,1.70184,1.70184,1.57352,1.60703,1.60703,1.60703,1.63273,1.57261,1.57261,1.57261,1.63529
298.597,1.57952,1.57952,1.57952,1.63679,1.68537,1.68537,1.68537,1.58492,1.60247,1.60247,1.60247,1.62624,1.57327,1.57327,1.57327,1.63415
300.601,1.57622,1.57622,1.57622,1.64244,1.67218,1.67218,1.67218,1.59398,1.59921,1.59921,1.59921,1.62106,1.57516,1.57516,1.57516,1.63392
302.605,1.57541,1.57541,1.57541,1.64202,1.66667,1.66667,1.66667,1.59761,1.59898,1.59898,1.59898,1.61897,1.57992,1.57992,1.57992,1.63581
304.609,1.57497,1.57497,1.57497,1.64071,1.66226,1.66226,1.66226,1.60042,1.59919,1.59919,1.59919,1.61732,1.58511,1.58511,1.58511,1.63801
306.613,1.57573,1.57573,1.57573,1.63645,1.66148,1.66148,1.66148,1.60054,1.60086,1.60086,1.60086,1.61715,1.59173,1.59173,1.59173,1.64126
308.617,1.57733,1.57733,1.57733,1.63015,1.66322,1.66322,1.66322,1.5988,1.60355,1.60355,1.60355,1.618,1.59934,1.59934,1.59934,1.64522
310.621,1.57856,1.57856,1.57856,1.62695,1.66633,1.66633,1.66633,1.59853,1.60556,1.60556,1.60556,1.62028,1.6033,1.6033,1.6033,1.65557
312.625,1.579,1.579,1.579,1.63062,1.67249,1.67249,1.67249,1.60154,1.60607,1.60607,1.60607,1.62574,1.59913,1.59913,1.59913,1.68011
314.629,1.57947,1.57947,1.57947,1.63407,1.67829,1.67829,1.67829,1.60446,1.60691,1.60691,1.60691,1.63102,1.59511,1.59511,1.59511,1.70169
316.633,1.58008,1.58008,1.58008,1.63679,1.68291,1.68291,1.68291,1.60709,1.60879,1.60879,1.60879,1.63575,1.59158,1.59158,1.59158,1.71382
318.637,1.58077,1.58077,1.58077,1.639,1.68674,1.68674,1.68674,1.60951,1.61139,1.61139,1.61139,1.64009,1.5884,1.5884,1.5884,1.71948
320.641,1.58163,1.58163,1.58163,1.64027,1.68917,1.68917,1.68917,1.61155,1.61518,1.61518,1.61518,1.64374,1.58589,1.58589,1.58589,1.71418
322.645,1.58283,1.58283,1.58283,1.63952,1.68866,1.68866,1.68866,1.61275,1.62154,1.62154,1.62154,1.64591,1.58481,1.58481,1.58481,1.68556
324.649,1.58379,1.58379,1.58379,1.64046,1.68831,1.68831,1.68831,1.61388,1.62669,1.62669,1.62669,1.64823,1.58354,1.58354,1.58354,1.66129
326.653,1.58402,1.58402,1.58402,1.64657,1.68851,1.68851,1.68851,1.61479,1.62811,1.62811,1.62811,1.65102,1.58169,1.58169,1.58169,1.65047
328.657,1.58374,1.58374,1.58374,1.65616,1.68906,1.68906,1.68906,1.61555,1.62703,1.62703,1.62703,1.65413,1.57945,1.57945,1.57945,1.64869
330.661,1.58368,1.58368,1.58368,1.66631,1.69,1.69,1.69,1.61658,1.62544,1.62544,1.62544,1.65721,1.57734,1.57734,1.57734,1.65015
332.665,1.58406,1.58406,1.58406,1.67758,1.69174,1.69174,1.69174,1.61819,1.62279,1.62279,1.62279,1.66027,1.57553,1.57553,1.57553,1.65817
334.669,1.58572,1.58572,1.58572,1.68662,1.69437,1.69437,1.69437,1.62092,1.6212,1.6212,1.6212,1.6629,1.57461,1.57461,1.57461,1.66726
336.673,1.59121,1.59121,1.59121,1.68895,1.69973,1.69973,1.69973,1.627,1.62273,1.62273,1.62273,1.66429,1.57641,1.57641,1.57641,1.67952
338.677,1.59925,1.59925,1.59925,1.68684,1.70689,1.70689,1.70689,1.63531,1.62635,1.62635,1.62635,1.66485,1.58001,1.58001,1.58001,1.69389
340.681,1.60656,1.60656,1.60656,1.68812,1.71476,1.71476,1.71476,1.6448,1.63086,1.63086,1.63086,1.66682,1.58442,1.58442,1.58442,1.70723
342.685,1.61245,1.61245,1.61245,1.69598,1.72402,1.72402,1.72402,1.65656,1.63711,1.63711,1.63711,1.6715,1.59043,1.59043,1.59043,1.71861
344.689,1.61798,1.61798,1.61798,1.70552,1.73364,1.73364,1.73364,1.66891,1.6438,1.6438,1.6438,1.67688,1.59684,1.59684,1.59684,1.72947
346.693,1.62248,1.62248,1.62248,1.71993,1.74429,1.74429,1.74429,1.68299,1.65176,1.65176,1.65176,1.68424,1.60442,1.60442,1.60442,1.73886
348.697,1.6263,1.6263,1.6263,1.73752,1.75561,1.75561,1.75561,1.69818,1.66055,1.66055,1.66055,1.6929,1.61277,1.61277,1.61277,1.74728
350.701,1.63181,1.63181,1.63181,1.74869,1.76606,1.76606,1.76606,1.70708,1.66648,1.66648,1.66648,1.69699,1.62041,1.62041,1.62041,1.75023
352.705,1.64043,1.64043,1.64043,1.74793,1.77488,1.77488,1.77488,1.70429,1.66708,1.66708,1.66708,1.69262,1.62676,1.62676,1.62676,1.74304
354.709,1.6486,1.6486,1.6486,1.74691,1.78387,1.78387,1.78387,1.7015,1.66803,1.66803,1.66803,1.68872,1.633,1.633,1.633,1.73617
356.713,1.65549,1.65549,1.65549,1.74516,1.79334,1.79334,1.79334,1.69875,1.66998,1.66998,1.66998,1.68615,1.63892,1.63892,1.63892,1.73018
358.717,1.66157,1.66157,1.66157,1.74294,1.80312,1.80312,1.80312,1.69601,1.67257,1.67257,1.67257,1.68444,1.64463,1.64463,1.64463,1.72477
360.721,1.66474,1.66474,1.66474,1.74127,1.81403,1.81403,1.81403,1.69516,1.67785,1.67785,1.67785,1.68648,1.64994,1.64994,1.64994,1.7225
362.725,1.66274,1.66274,1.66274,1.7406,1.82693,1.82693,1.82693,1.69767,1.68792,1.68792,1.68792,1.69521,1.65453,1.65453,1.65453,1.72583
364.729,1.66109,1.66109,1.66109,1.73978,1.83742,1.83742,1.83742,1.70064,1.6968,1.6968,1.6968,1.70367,1.65874,1.65874,1.65874,1.72998
366.733,1.66039,1.66039,1.66039,1.73856,1.84129,1.84129,1.84129,1.70485,1.7024,1.7024,1.7024,1.71143,1.66193,1.66193,1.66193,1.7364
368.737,1.66029,1.66029,1.66029,1.7371,1.84097,1.84097,1.84097,1.70984,1.70592,1.70592,1.70592,1.71873,1.66446,1.66446,1.66446,1.74426
370.741,1.66066,1.66066,1.66066,1.73559,1.83846,1.83846,1.83846,1.71553,1.70826,1.70826,1.70826,1.72573,1.66659,1.66659,1.66659,1.75279
372.745,1.66185,1.66185,1.66185,1.73401,1.83222,1.83222,1.83222,1.72239,1.70859,1.70859,1.70859,1.73221,1.66804,1.66804,1.66804,1.76244
374.749,1.66423,1.66423,1.66423,1.7334,1.82854,1.82854,1.82854,1.73134,1.70942,1.70942,1.70942,1.73827,1.66931,1.66931,1.66931,1.77002
376.754,1.66982,1.66982,1.66982,1.73538,1.83168,1.83168,1.83168,1.74587,1.71158,1.71158,1.71158,1.74321,1.67013,1.67013,1.67013,1.77204
378.758,1.6774,1.6774,1.6774,1.73898,1.83908,1.83908,1.83908,1.76388,1.71457,1.71457,1.71457,1.74744,1.67066,1.67066,1.67066,1.77059
380.762,1.68662,1.68662,1.68662,1.74664,1.84778,1.84778,1.84778,1.78053,1.71926,1.71926,1.71926,1.75357,1.67336,1.67336,1.67336,1.76795
382.766,1.69853,1.69853,1.69853,1.76093,1.8586,1.8586,1.8586,1.79496,1.72673,1.72673,1.72673,1.7628,1.6796,1.6796,1.6796,1.76336
384.77,1.71157,1.71157,1.71157,1.77804,1.8703,1.8703,1.8703,1.80842,1.73535,1.73535,1.73535,1.77331,1.68732,1.68732,1.68732,1.758
386.774,1.72755,1.72755,1.72755,1.80254,1.8843,1.8843,1.8843,1.81936,1.74699,1.74699,1.74699,1.78719,1.69887,1.69887,1.69887,1.75063
388.778,1.74533,1.74533,1.74533,1.83156,1.89972,1.89972,1.89972,1.82875,1.76047,1.76047,1.76047,1.80313,1.71277,1.71277,1.71277,1.74203
390.782,1.75761,1.75761,1.75761,1.84436,1.91082,1.91082,1.91082,1.83284,1.77108,1.77108,1.77108,1.80914,1.72322,1.72322,1.72322,1.74466
392.786,1.76128,1.76128,1.76128,1.8318,1.91519,1.91519,1.91519,1.82863,1.77719,1.77719,1.77719,1.7996,1.72827,1.72827,1.72827,1.76488
394.79,1.76446,1.76446,1.76446,1.81844,1.91916,1.91916,1.91916,1.82403,1.78287,1.78287,1.78287,1.78978,1.73327,1.73327,1.73327,1.785
396.794,1.76641,1.76641,1.76641,1.80305,1.9221,1.9221,1.9221,1.81844,1.78747,1.78747,1.78747,1.77923,1.73813,1.73813,1.73813,1.80489
398.798,1.76761,1.76761,1.76761,1.78644,1.92442,1.92442,1.92442,1.81226,1.79141,1.79141,1.79141,1.76825,1.7429,1.7429,1.7429,1.82464
400.802,1.76998,1.76998,1.76998,1.77747,1.92745,1.92745,1.92745,1.80767,1.79454,1.79454,1.79454,1.76362,1.75041,1.75041,1.75041,1.83229
402.806,1.7741,1.7741,1.7741,1.77994,1.93155,1.93155,1.93155,1.80546,1.79644,1.79644,1.79644,1.7685,1.76204,1.76204,1.76204,1.82179
404.81,1.77779,1.77779,1.77779,1.78055,1.93583,1.93583,1.93583,1.80481,1.79841,1.79841,1.79841,1.77219,1.77254,1.77254,1.77254,1.81242
406.814,1.78046,1.78046,1.78046,1.77653,1.94057,1.94057,1.94057,1.80805,1.80054,1.80054,1.80054,1.77289,1.78022,1.78022,1.78022,1.80584
408.818,1.78252,1.78252,1.78252,1.76976,1.94558,1.94558,1.94558,1.8136,1.80278,1.80278,1.80278,1.77183,1.78624,1.78624,1.78624,1.80092
410.822,1.78397,1.78397,1.78397,1.7604,1.95086,1.95086,1.95086,1.82144,1.80511,1.80511,1.80511,1.76906,1.79059,1.79059,1.79059,1.79759
412.826,1.78456,1.78456,1.78456,1.74729,1.95654,1.95654,1.95654,1.8326,1.80759,1.80759,1.80759,1.76381,1.79255,1.79255,1.79255,1.79655
414.83,1.78541,1.78541,1.78541,1.73898,1.96119,1.96119,1.96119,1.83767,1.8102,1.8102,1.8102,1.76328,1.79372,1.79372,1.79372,1.79827
416.834,1.78687,1.78687,1.78687,1.74226,1.96333,1.96333,1.96333,1.82798,1.81315,1.81315,1.81315,1.77416,1.793,1.793,1.793,1.8067
418.838,1.78869,1.78869,1.78869,1.75231,1.96402,1.96402,1.96402,1.8097,1.8163,1.8163,1.8163,1.7917,1.79119,1.79119,1.79119,1.81904
420.842,1.79041,1.79041,1.79041,1.7628,1.96289,1.96289,1.96289,1.79478,1.81815,1.81815,1.81815,1.80713,1.78958,1.78958,1.78958,1.8269
422.846,1.79199,1.79199,1.79199,1.77391,1.95924,1.95924,1.95924,1.7845,1.81821,1.81821,1.81821,1.81963,1.78826,1.78826,1.78826,1.82855
424.85,1.79346,1.79346,1.79346,1.78514,1.954,1.954,1.954,1.77752,1.81707,1.81707,1.81707,1.82976,1.78717,1.78717,1.78717,1.8259
426.854,1.79466,1.79466,1.79466,1.79663,1.945,1.945,1.945,1.77836,1.8131,1.8131,1.8131,1.83427,1.78665,1.78665,1.78665,1.81308
428.858,1.79571,1.79571,1.79571,1.80827,1.93383,1.93383,1.93383,1.78367,1.8075,1.8075,1.8075,1.83557,1.78645,1.78645,1.78645,1.79443
430.862,1.80597,1.80597,1.80597,1.84306,1.93268,1.93268,1.93268,1.79914,1.81235,1.81235,1.81235,1.84654,1.79316,1.79316,1.79316,1.79124
432.866,1.82843,1.82843,1.82843,1.90853,1.94481,1.94481,1.94481,1.82807,1.83105,1.83105,1.83105,1.87031,1.80904,1.80904,1.80904,1.80853
434.87,1.97155,1.97155,1.97155,2.00474,2.09693,2.09693,2.09693,1.88111,1.95225,1.95225,1.95225,1.91881,1.92466,1.92466,1.92466,1.84856
436.874,2.39323,2.39323,2.39323,2.17191,2.57226,2.57226,2.57226,1.98984,2.3101,2.3101,2.3101,2.02439,2.27057,2.27057,2.27057,1.94105
438.878,2.97171,2.97171,2.97171,2.37903,3.22951,3.22951,3.22951,2.12991,2.80114,2.80114,2.80114,2.16212,2.7461,2.7461,2.7461,2.06308
440.882,3.55019,3.55019,3.55019,3.38879,3.88677,3.88677,3.88677,2.93311,3.29219,3.29219,3.29219,2.99145,3.22163,3.22163,3.22163,2.74723
442.886,4.12867,4.12867,4.12867,5.42008,4.54402,4.54402,4.54402,4.58031,3.78324,3.78324,3.78324,4.70101,3.69717,3.69717,3.69717,4.1468
444.89,4.70715,4.70715,4.70715,8.05716,5.20128,5.20128,5.20128,6.86545,4.27429,4.27429,4.27429,7.03154,4.1727,4.1727,4.1727,6.05394
446.894,5.28563,5.28563,5.28563,12.0614,5.85853,5.85853,5.85853,10.5903,4.76534,4.76534,4.76534,10.7634,4.64823,4.64823,4.64823,9.10655
448.898,5.86411,5.86411,5.86411,16.8215,6.51578,6.51578,6.51578,15.1111,5.25639,5.25639,5.25639,15.2701,5.12376,5.12376,5.12376,12.7925
450.902,6.44259,6.44259,6.44259,23.6001,7.17304,7.17304,7.17304,23.0345,5.74744,5.74744,5.74744,22.7631,5.59929,5.59929,5.59929,19.1834
452.906,7.02107,7.02107,7.02107,32.8458,7.83029,7.83029,7.83029,35.1164,6.23848,6.23848,6.23848,33.9058,6.07482,6.07482,6.07482,28.8805
454.91,7.59955,7.59955,7.59955,37.0706,8.48755,8.48755,8.48755,41.1049,6.72953,6.72953,6.72953,39.2981,6.55036,6.55036,6.55036,33.6881
456.914,8.17803,8.17803,8.17803,30.2139,9.1448,9.1448,9.1448,33.645,7.22058,7.22058,7.22058,31.9987,7.02589,7.02589,7.02589,27.7046
458.918,8.75652,8.75652,8.75652,17.341,9.80205,9.80205,9.80205,18.8837,7.71163,7.71163,7.71163,17.8089,7.50142,7.50142,7.50142,15.8623
460.922,7.86712,7.86712,7.86712,8.99894,8.78091,8.78091,8.78091,9.40945,6.95438,6.95438,6.95438,8.74355,6.77614,6.77614,6.77614,8.18965
462.926,5.25456,5.25456,5.25456,5.9756,5.78948,5.78948,5.78948,6.14176,4.73172,4.73172,4.73172,5.69395,4.6412,4.6412,4.6412,5.41184
464.93,3.20157,3.20157,3.20157,3.59308,3.44613,3.44613,3.44613,3.56939,2.98496,2.98496,2.98496,3.2974,2.96301,2.96301,2.96301,3.22483
466.934,2.35697,2.35697,2.35697,2.59439,2.50231,2.50231,2.50231,2.49858,2.26588,2.26588,2.26588,2.31112,2.27113,2.27113,2.27113,2.31367
468.938,2.15635,2.15635,2.15635,2.33321,2.30435,2.30435,2.30435,2.22799,2.09449,2.09449,2.09449,2.07642,2.10491,2.10491,2.10491,2.08244
470.942,2.01668,2.01668,2.01668,2.23045,2.16803,2.16803,2.16803,2.04432,1.97686,1.97686,1.97686,1.91445,1.98606,1.98606,1.98606,1.92536
472.946,1.94574,1.94574,1.94574,2.30635,2.10124,2.10124,2.10124,1.95865,1.91984,1.91984,1.91984,1.83447,1.92065,1.92065,1.92065,1.85187
474.95,1.88762,1.88762,1.88762,2.42497,2.04732,2.04732,2.04732,1.8898,1.87433,1.87433,1.87433,1.76906,1.86559,1.86559,1.86559,1.79338
476.954,1.85659,1.85659,1.85659,2.6339,2.02063,2.02063,2.02063,1.85645,1.85318,1.85318,1.85318,1.73443,1.83243,1.83243,1.83243,1.76658
478.958,1.83972,1.83972,1.83972,2.89004,2.00818,2.00818,2.00818,1.84169,1.84475,1.84475,1.84475,1.7159,1.81073,1.81073,1.81073,1.75637
480.962,1.82743,1.82743,1.82743,2.85316,1.9838,1.9838,1.9838,1.81188,1.8333,1.8333,1.8333,1.69957,1.79782,1.79782,1.79782,1.74775
482.966,1.82008,1.82008,1.82008,2.49882,1.94651,1.94651,1.94651,1.76577,1.81857,1.81857,1.81857,1.68564,1.79445,1.79445,1.79445,1.74086
484.97,1.81242,1.81242,1.81242,2.19416,1.91368,1.91368,1.91368,1.72593,1.80588,1.80588,1.80588,1.67417,1.79011,1.79011,1.79011,1.7337
486.974,1.80413,1.80413,1.80413,1.99236,1.8901,1.8901,1.8901,1.69907,1.79738,1.79738,1.79738,1.66781,1.78374,1.78374,1.78374,1.72601
488.978,1.79552,1.79552,1.79552,1.84333,1.87126,1.87126,1.87126,1.67887,1.79103,1.79103,1.79103,1.66406,1.77634,1.77634,1.77634,1.71804
490.982,1.78607,1.78607,1.78607,1.7741,1.86379,1.86379,1.86379,1.67443,1.79011,1.79011,1.79011,1.66699,1.76632,1.76632,1.76632,1.70937
492.986,1.77577,1.77577,1.77577,1.78795,1.86815,1.86815,1.86815,1.6864,1.79485,1.79485,1.79485,1.67686,1.75358,1.75358,1.75358,1.69996
494.99,1.76714,1.76714,1.76714,1.801,1.871,1.871,1.871,1.69645,1.79733,1.79733,1.79733,1.68493,1.74343,1.74343,1.74343,1.69181
496.994,1.76191,1.76191,1.76191,1.81247,1.87078,1.87078,1.87078,1.7026,1.79523,1.79523,1.79523,1.68932,1.73853,1.73853,1.73853,1.68623
498.998,1.7584,1.7584,1.7584,1.82313,1.86903,1.86903,1.86903,1.70678,1.79084,1.79084,1.79084,1.69187,1.73626,1.73626,1.73626,1.68193
501.002,1.759,1.759,1.759,1.8386,1.86757,1.86757,1.86757,1.71222,1.78604,1.78604,1.78604,1.6933,1.73615,1.73615,1.73615,1.67847
503.006,1.76372,1.76372,1.76372,1.85887,1.86639,1.86639,1.86639,1.71893,1.78085,1.78085,1.78085,1.69363,1.73819,1.73819,1.73819,1.67585
505.01,1.77571,1.77571,1.77571,1.89092,1.86737,1.86737,1.86737,1.73045,1.77708,1.77708,1.77708,1.69348,1.74222,1.74222,1.74222,1.67372
507.014,1.80215,1.80215,1.80215,1.94637,1.87263,1.87263,1.87263,1.75154,1.77612,1.77612,1.77612,1.69237,1.7502,1.7502,1.7502,1.67257
509.018,1.83572,1.83572,1.83572,2.01336,1.88,1.88,1.88,1.77734,1.77655,1.77655,1.77655,1.69079,1.76013,1.76013,1.76013,1.67191
511.022,1.84888,1.84888,1.84888,2.03193,1.87844,1.87844,1.87844,1.78753,1.77326,1.77326,1.77326,1.68957,1.76291,1.76291,1.76291,1.67059
513.026,1.84242,1.84242,1.84242,2.00399,1.86832,1.86832,1.86832,1.78273,1.76641,1.76641,1.76641,1.68869,1.75882,1.75882,1.75882,1.66863
515.03,1.82854,1.82854,1.82854,1.95967,1.85502,1.85502,1.85502,1.77222,1.75821,1.75821,1.75821,1.68795,1.75212,1.75212,1.75212,1.66642
517.034,1.80016,1.80016,1.80016,1.88342,1.83551,1.83551,1.83551,1.75058,1.74741,1.74741,1.74741,1.68747,1.74032,1.74032,1.74032,1.66374
519.038,1.76478,1.76478,1.76478,1.79175,1.81301,1.81301,1.81301,1.72356,1.73534,1.73534,1.73534,1.68712,1.72606,1.72606,1.72606,1.66083
521.042,1.74625,1.74625,1.74625,1.74305,1.8035,1.8035,1.8035,1.7104,1.72829,1.72829,1.72829,1.68242,1.71686,1.71686,1.71686,1.65885
523.046,1.74327,1.74327,1.74327,1.73403,1.80598,1.80598,1.80598,1.71004,1.72587,1.72587,1.72587,1.67372,1.71233,1.71233,1.71233,1.65771
525.05,1.74064,1.74064,1.74064,1.72711,1.8076,1.8076,1.8076,1.70959,1.72343,1.72343,1.72343,1.66667,1.70842,1.70842,1.70842,1.65609
527.054,1.73869,1.73869,1.73869,1.72421,1.8076,1.8076,1.8076,1.70898,1.72097,1.72097,1.72097,1.66279,1.7057,1.7057,1.7057,1.65353
529.058,1.73705,1.73705,1.73705,1.7232,1.80681,1.80681,1.80681,1.70829,1.71849,1.71849,1.71849,1.66041,1.70353,1.70353,1.70353,1.65054
531.062,1.73542,1.73542,1.73542,1.72703,1.8017,1.8017,1.8017,1.70617,1.71556,1.71556,1.71556,1.66475,1.70334,1.70334,1.70334,1.6456
533.066,1.73381,1.73381,1.73381,1.73514,1.79275,1.79275,1.79275,1.70278,1.71223,1.71223,1.71223,1.67506,1.70488,1.70488,1.70488,1.63895
535.07,1.73146,1.73146,1.73146,1.73958,1.78561,1.78561,1.78561,1.70088,1.70875,1.70875,1.70875,1.68308,1.70633,1.70633,1.70633,1.63499
537.074,1.72772,1.72772,1.72772,1.73713,1.7819,1.7819,1.7819,1.70178,1.70502,1.70502,1.70502,1.68684,1.70758,1.70758,1.70758,1.63611
539.078,1.72334,1.72334,1.72334,1.7315,1.77977,1.77977,1.77977,1.70397,1.70116,1.70116,1.70116,1.68862,1.70874,1.70874,1.70874,1.63957
541.082,1.71901,1.71901,1.71901,1.72413,1.77946,1.77946,1.77946,1.70715,1.69753,1.69753,1.69753,1.68883,1.7099,1.7099,1.7099,1.64551
543.086,1.71472,1.71472,1.71472,1.71527,1.7807,1.7807,1.7807,1.71117,1.6941,1.6941,1.6941,1.6877,1.71104,1.71104,1.71104,1.65356
545.09,1.71281,1.71281,1.71281,1.71034,1.78376,1.78376,1.78376,1.71457,1.69201,1.69201,1.69201,1.68726,1.71248,1.71248,1.71248,1.6633
547.094,1.71527,1.71527,1.71527,1.71268,1.79019,1.79019,1.79019,1.71682,1.69239,1.69239,1.69239,1.68812,1.71443,1.71443,1.71443,1.67615
549.098,1.71971,1.71971,1.71971,1.71831,1.79814,1.79814,1.79814,1.71855,1.69388,1.69388,1.69388,1.68956,1.71663,1.71663,1.71663,1.6904
551.102,1.72271,1.72271,1.72271,1.72128,1.80214,1.80214,1.80214,1.71794,1.69456,1.69456,1.69456,1.68867,1.71879,1.71879,1.71879,1.69186
553.106,1.72454,1.72454,1.72454,1.72206,1.80291,1.80291,1.80291,1.71542,1.69459,1.69459,1.69459,1.68588,1.72093,1.72093,1.72093,1.68284
555.11,1.72562,1.72562,1.72562,1.72147,1.80165,1.80165,1.80165,1.71172,1.69421,1.69421,1.69421,1.68191,1.72305,1.72305,1.72305,1.6675
557.114,1.72534,1.72534,1.72534,1.7184,1.79671,1.79671,1.79671,1.70586,1.69308,1.69308,1.69308,1.6758,1.72515,1.72515,1.72515,1.64074
559.118,1.72447,1.72447,1.72447,1.71422,1.79014,1.79014,1.79014,1.69906,1.69162,1.69162,1.69162,1.66875,1.72723,1.72723,1.72723,1.60891
561.122,1.72729,1.72729,1.72729,1.72482,1.79312,1.79312,1.79312,1.73433,1.6959,1.6959,1.6959,1.6663,1.73161,1.73161,1.73161,1.61193
563.126,1.73302,1.73302,1.73302,1.74703,1.80361,1.80361,1.80361,1.80265,1.70468,1.70468,1.70468,1.66746,1.73779,1.73779,1.73779,1.64233
565.13,1.73915,1.73915,1.73915,1.76753,1.81486,1.81486,1.81486,1.8643,1.71376,1.71376,1.71376,1.66963,1.74452,1.74452,1.74452,1.67235
567.134,1.74599,1.74599,1.74599,1.78498,1.82745,1.82745,1.82745,1.9141,1.7234,1.7234,1.7234,1.67361,1.75225,1.75225,1.75225,1.7017
569.138,1.75315,1.75315,1.75315,1.80111,1.84063,1.84063,1.84063,1.95876,1.73327,1.73327,1.73327,1.67836,1.7604,1.7604,1.7604,1.73077
571.142,1.76109,1.76109,1.76109,1.80052,1.85416,1.85416,1.85416,1.93945,1.74248,1.74248,1.74248,1.68711,1.77078,1.77078,1.77078,1.74108
573.146,1.76962,1.76962,1.76962,1.78733,1.86795,1.86795,1.86795,1.87189,1.75117,1.75117,1.75117,1.69889,1.78286,1.78286,1.78286,1.73724
575.15,1.77778,1.77778,1.77778,1.77686,1.88209,1.88209,1.88209,1.82224,1.76053,1.76053,1.76053,1.708,1.79481,1.79481,1.79481,1.73455
577.154,1.7853,1.7853,1.7853,1.77114,1.89685,1.89685,1.89685,1.80387,1.77105,1.77105,1.77105,1.71244,1.80653,1.80653,1.80653,1.73383
579.158,1.79256,1.79256,1.79256,1.76743,1.91188,1.91188,1.91188,1.79873,1.78206,1.78206,1.78206,1.71492,1.81816,1.81816,1.81816,1.73396
581.162,1.79938,1.79938,1.79938,1.76678,1.92748,1.92748,1.92748,1.81176,1.79378,1.79378,1.79378,1.71461,1.82951,1.82951,1.82951,1.73541
583.166,1.80589,1.80589,1.80589,1.76835,1.94351,1.94351,1.94351,1.83794,1.806,1.806,1.806,1.71227,1.84065,1.84065,1.84065,1.73783
585.17,1.81185,1.81185,1.81185,1.77155,1.96107,1.96107,1.96107,1.85031,1.81652,1.81652,1.81652,1.71312,1.8489,1.8489,1.8489,1.74136
587.174,1.81689,1.81689,1.81689,1.77758,1.98125,1.98125,1.98125,1.83899,1.82412,1.82412,1.82412,1.71945,1.85219,1.85219,1.85219,1.74683
589.178,1.82154,1.82154,1.82154,1.78477,2.00253,2.00253,2.00253,1.81789,1.83051,1.83051,1.83051,1.72803,1.85343,1.85343,1.85343,1.75309
591.182,1.82625,1.82625,1.82625,1.78976,2.02003,2.02003,2.02003,1.80311,1.83796,1.83796,1.83796,1.73509,1.85668,1.85668,1.85668,1.76111
593.186,1.831,1.831,1.831,1.79322,2.03491,2.03491,2.03491,1.79271,1.84615,1.84615,1.84615,1.74109,1.86131,1.86131,1.86131,1.77034
595.19,1.83578,1.83578,1.83578,1.7951,2.04692,2.04692,2.04692,1.78661,1.8551,1.8551,1.8551,1.74596,1.8674,1.8674,1.8674,1.78085
597.194,1.84063,1.84063,1.84063,1.7943,2.05408,2.05408,2.05408,1.78776,1.86535,1.86535,1.86535,1.74894,1.87593,1.87593,1.87593,1.79353
599.198,1.8455,1.8455,1.8455,1.79241,2.0593,2.0593,2.0593,1.79184,1.87611,1.87611,1.87611,1.75115,1.88544,1.88544,1.88544,1.80707
601.202,1.84646,1.84646,1.84646,1.78917,2.0555,2.0555,2.0555,1.78769,1.87782,1.87782,1.87782,1.74811,1.88577,1.88577,1.88577,1.80276
603.206,1.84479,1.84479,1.84479,1.78501,2.0457,2.0457,2.0457,1.77805,1.8735,1.8735,1.8735,1.74157,1.87996,1.87996,1.87996,1.78654
605.21,1.84221,1.84221,1.84221,1.78088,2.03496,2.03496,2.03496,1.76834,1.8683,1.8683,1.8683,1.73478,1.87327,1.87327,1.87327,1.76918
607.214,1.83809,1.83809,1.83809,1.7768,2.02264,2.02264,2.02264,1.75849,1.86165,1.86165,1.86165,1.72756,1.86509,1.86509,1.86509,1.74993
609.218,1.83338,1.83338,1.83338,1.77273,2.00971,2.00971,2.00971,1.7486,1.85443,1.85443,1.85443,1.72017,1.85633,1.85633,1.85633,1.72993
611.222,1.82489,1.82489,1.82489,1.7704,1.99819,1.99819,1.99819,1.74704,1.84964,1.84964,1.84964,1.71631,1.84989,1.84989,1.84989,1.71863
613.226,1.81397,1.81397,1.81397,1.7692,1.98758,1.98758,1.98758,1.7508,1.84639,1.84639,1.84639,1.7147,1.84494,1.84494,1.84494,1.71291
615.23,1.80479,1.80479,1.80479,1.76842,1.97891,1.97891,1.97891,1.75391,1.84334,1.84334,1.84334,1.71386,1.84037,1.84037,1.84037,1.70937
617.234,1.79844,1.79844,1.79844,1.76834,1.97344,1.97344,1.97344,1.75597,1.8406,1.8406,1.8406,1.71428,1.83643,1.83643,1.83643,1.70941
619.238,1.79316,1.79316,1.79316,1.76853,1.9692,1.9692,1.9692,1.75762,1.83798,1.83798,1.83798,1.71518,1.83273,1.83273,1.83273,1.71082
621.242,1.79051,1.79051,1.79051,1.76939,1.96794,1.96794,1.96794,1.75827,1.83565,1.83565,1.83565,1.71727,1.82961,1.82961,1.82961,1.71564
623.246,1.78948,1.78948,1.78948,1.77066,1.96851,1.96851,1.96851,1.7583,1.8335,1.8335,1.8335,1.7201,1.82686,1.82686,1.82686,1.72256
625.251,1.79076,1.79076,1.79076,1.77212,1.96944,1.96944,1.96944,1.76072,1.83653,1.83653,1.83653,1.72356,1.827,1.827,1.827,1.72819
627.255,1.79575,1.79575,1.79575,1.77391,1.97094,1.97094,1.97094,1.76697,1.84787,1.84787,1.84787,1.72802,1.83179,1.83179,1.83179,1.73173
629.259,1.80213,1.80213,1.80213,1.77582,1.97265,1.97265,1.97265,1.77466,1.86231,1.86231,1.86231,1.73286,1.83832,1.83832,1.83832,1.73451
631.263,1.80909,1.80909,1.80909,1.77808,1.97622,1.97622,1.97622,1.78153,1.87542,1.87542,1.87542,1.73669,1.84485,1.84485,1.84485,1.7364
633.267,1.81639,1.81639,1.81639,1.78056,1.98089,1.98089,1.98089,1.78791,1.88774,1.88774,1.88774,1.73991,1.85138,1.85138,1.85138,1.73777
635.271,1.82401,1.82401,1.82401,1.78339,1.98741,1.98741,1.98741,1.79315,1.89802,1.89802,1.89802,1.74203,1.85757,1.85757,1.85757,1.73839
637.275,1.83214,1.83214,1.83214,1.78675,1.99687,1.99687,1.99687,1.79661,1.90506,1.90506,1.90506,1.7424,1.86322,1.86322,1.86322,1.73781
639.279,1.84045,1.84045,1.84045,1.79032,2.0074,2.0074,2.0074,1.79941,1.91092,1.91092,1.91092,1.74213,1.86868,1.86868,1.86868,1.73681
641.283,1.84385,1.84385,1.84385,1.78792,2.0125,2.0125,2.0125,1.79869,1.91213,1.91213,1.91213,1.74269,1.868,1.868,1.868,1.73377
643.287,1.8445,1.8445,1.8445,1.78217,2.01454,2.01454,2.01454,1.79598,1.91072,1.91072,1.91072,1.74371,1.86387,1.86387,1.86387,1.72959
645.291,1.84395,1.84395,1.84395,1.77582,2.01523,2.01523,2.01523,1.79264,1.90837,1.90837,1.90837,1.74511,1.85849,1.85849,1.85849,1.72559
647.295,1.84155,1.84155,1.84155,1.76855,2.01381,2.01381,2.01381,1.7883,1.90456,1.90456,1.90456,1.74711,1.85116,1.85116,1.85116,1.72188
649.299,1.83849,1.83849,1.83849,1.76096,2.01164,2.01164,2.01164,1.78361,1.90024,1.90024,1.90024,1.74931,1.84313,1.84313,1.84313,1.71826
651.303,1.83163,1.83163,1.83163,1.76338,2.00469,2.00469,2.00469,1.77989,1.89561,1.89561,1.89561,1.75543,1.83416,1.83416,1.83416,1.72504
653.307,1.82272,1.82272,1.82272,1.77121,1.99517,1.99517,1.99517,1.7767,1.8908,1.8908,1.8908,1.76366,1.82467,1.82467,1.82467,1.73742
655.311,1.81598,1.81598,1.81598,1.77967,1.98586,1.98586,1.98586,1.77472,1.88469,1.88469,1.88469,1.77268,1.81677,1.81677,1.81677,1.74818
657.315,1.81258,1.81258,1.81258,1.78909,1.97687,1.97687,1.97687,1.77461,1.87656,1.87656,1.87656,1.78289,1.81132,1.81132,1.81132,1.75646
659.319,1.81032,1.81032,1.81032,1.79885,1.96799,1.96799,1.96799,1.77513,1.86774,1.86774,1.86774,1.79352,1.8067,1.8067,1.8067,1.76389
661.323,1.81268,1.81268,1.81268,1.81001,1.95954,1.95954,1.95954,1.77826,1.8562,1.8562,1.8562,1.80589,1.80544,1.80544,1.80544,1.76774
663.327,1.81742,1.81742,1.81742,1.82189,1.95131,1.95131,1.95131,1.78274,1.84326,1.84326,1.84326,1.81917,1.8059,1.8059,1.8059,1.76974
665.331,1.82109,1.82109,1.82109,1.83135,1.94291,1.94291,1.94291,1.78527,1.83435,1.83435,1.83435,1.82736,1.80557,1.80557,1.80557,1.7698
667.335,1.82313,1.82313,1.82313,1.83716,1.93423,1.93423,1.93423,1.78488,1.83154,1.83154,1.83154,1.82787,1.80404,1.80404,1.80404,1.76695
669.339,1.82463,1.82463,1.82463,1.84174,1.92546,1.92546,1.92546,1.7835,1.83076,1.83076,1.83076,1.82583,1.80211,1.80211,1.80211,1.76312
671.343,1.82557,1.82557,1.82557,1.84407,1.91717,1.91717,1.91717,1.78345,1.82966,1.82966,1.82966,1.82182,1.80054,1.80054,1.80054,1.76008
673.347,1.82624,1.82624,1.82624,1.84529,1.90912,1.90912,1.90912,1.78404,1.82839,1.82839,1.82839,1.81685,1.79915,1.79915,1.79915,1.75743
675.351,1.82656,1.82656,1.82656,1.84427,1.9018,1.9018,1.9018,1.7875,1.82483,1.82483,1.82483,1.81127,1.79865,1.79865,1.79865,1.75681
677.355,1.82636,1.82636,1.82636,1.8399,1.89557,1.89557,1.89557,1.79522,1.81787,1.81787,1.81787,1.8048,1.79947,1.79947,1.79947,1.7592
679.359,1.826,1.826,1.826,1.83445,1.88969,1.88969,1.88969,1.80431,1.80981,1.80981,1.80981,1.79804,1.80073,1.80073,1.80073,1.76257
681.363,1.83357,1.83357,1.83357,1.84389,1.89757,1.89757,1.89757,1.82291,1.82284,1.82284,1.82284,1.81087,1.82544,1.82544,1.82544,1.76845
683.367,1.84487,1.84487,1.84487,1.86033,1.91193,1.91193,1.91193,1.84598,1.84578,1.84578,1.84578,1.83292,1.8612,1.8612,1.8612,1.7755
685.371,1.85838,1.85838,1.85838,1.88099,1.93015,1.93015,1.93015,1.87171,1.87483,1.87483,1.87483,1.86062,1.90414,1.90414,1.90414,1.78321
687.375,1.87514,1.87514,1.87514,1.90781,1.95402,1.95402,1.95402,1.90132,1.91282,1.91282,1.91282,1.89662,1.95761,1.95761,1.95761,1.79186
689.379,1.89291,1.89291,1.89291,1.93657,1.97968,1.97968,1.97968,1.93215,1.9536,1.9536,1.9536,1.93522,2.01437,2.01437,2.01437,1.8008
691.383,1.89209,1.89209,1.89209,1.92846,1.97318,1.97318,1.97318,1.921,1.93813,1.93813,1.93813,1.92181,1.99909,1.99909,1.99909,1.79964
693.387,1.88291,1.88291,1.88291,1.90378,1.95223,1.95223,1.95223,1.891,1.89738,1.89738,1.89738,1.88504,1.95144,1.95144,1.95144,1.79394
695.391,1.87564,1.87564,1.87564,1.88365,1.93571,1.93571,1.93571,1.86499,1.86393,1.86393,1.86393,1.85394,1.91163,1.91163,1.91163,1.7889
697.395,1.87111,1.87111,1.87111,1.87006,1.92556,1.92556,1.92556,1.84474,1.84103,1.84103,1.84103,1.83102,1.88313,1.88313,1.88313,1.78481
699.399,1.86742,1.86742,1.86742,1.85846,1.91736,1.91736,1.91736,1.82624,1.82132,1.82132,1.82132,1.81058,1.85807,1.85807,1.85807,1.78101
701.403,1.86932,1.86932,1.86932,1.85975,1.92192,1.92192,1.92192,1.81867,1.82164,1.82164,1.82164,1.80558,1.85402,1.85402,1.85402,1.77914
703.407,1.87361,1.87361,1.87361,1.86656,1.93195,1.93195,1.93195,1.81578,1.83055,1.83055,1.83055,1.80718,1.85899,1.85899,1.85899,1.7781
705.411,1.88014,1.88014,1.88014,1.87295,1.94474,1.94474,1.94474,1.81623,1.83756,1.83756,1.83756,1.80942,1.86678,1.86678,1.86678,1.78134
707.415,1.88986,1.88986,1.88986,1.87874,1.96148,1.96148,1.96148,1.82144,1.84187,1.84187,1.84187,1.81254,1.87859,1.87859,1.87859,1.79069
709.419,1.90053,1.90053,1.90053,1.88435,1.97937,1.97937,1.97937,1.82805,1.84538,1.84538,1.84538,1.81593,1.89157,1.89157,1.89157,1.80183
711.423,1.91227,1.91227,1.91227,1.88983,1.99893,1.99893,1.99893,1.83715,1.84902,1.84902,1.84902,1.82025,1.90597,1.90597,1.90597,1.81507
713.427,1.92445,1.92445,1.92445,1.89525,2.01918,2.01918,2.01918,1.84726,1.85272,1.85272,1.85272,1.82494,1.92095,1.92095,1.92095,1.82918
715.431,1.93603,1.93603,1.93603,1.90088,2.03926,2.03926,2.03926,1.8589,1.85931,1.85931,1.85931,1.83105,1.93527,1.93527,1.93527,1.84238
717.435,1.94678,1.94678,1.94678,1.9068,2.05912,2.05912,2.05912,1.87269,1.86994,1.86994,1.86994,1.83914,1.94867,1.94867,1.94867,1.85432
719.439,1.95729,1.95729,1.95729,1.91279,2.07891,2.07891,2.07891,1.88709,1.88172,1.88172,1.88172,1.8478,1.96181,1.96181,1.96181,1.8659
721.443,1.96799,1.96799,1.96799,1.91818,2.09066,2.09066,2.09066,1.89379,1.89271,1.89271,1.89271,1.85127,1.97306,1.97306,1.97306,1.87135
723.447,1.97875,1.97875,1.97875,1.92333,2.09928,2.09928,2.09928,1.8975,1.90338,1.90338,1.90338,1.85274,1.98359,1.98359,1.98359,1.87442
725.451,1.9896,1.9896,1.9896,1.92823,2.10457,2.10457,2.10457,1.89806,1.91373,1.91373,1.91373,1.85211,1.99333,1.99333,1.99333,1.87499
727.455,2.00057,2.00057,2.00057,1.93278,2.10524,2.10524,2.10524,1.89427,1.92363,1.92363,1.92363,1.84858,2.002,2.002,2.002,1.87211
729.459,2.01156,2.01156,2.01156,1.93724,2.10465,2.10465,2.10465,1.8893,1.93341,1.93341,1.93341,1.84425,2.01037,2.01037,2.01037,1.86828
731.463,2.01178,2.01178,2.01178,1.93782,2.10316,2.10316,2.10316,1.8898,1.94054,1.94054,1.94054,1.84735,2.00857,2.00857,2.00857,1.86312
733.467,2.00801,2.00801,2.00801,1.93695,2.10133,2.10133,2.10133,1.89233,1.94669,1.94669,1.94669,1.85318,2.00301,2.00301,2.00301,1.85746
735.471,2.00459,2.00459,2.00459,1.93598,2.09982,2.09982,2.09982,1.89426,1.95168,1.95168,1.95168,1.85952,1.99824,1.99824,1.99824,1.85322
737.475,2.00164,2.00164,2.00164,1.93484,2.09875,2.09875,2.09875,1.89538,1.95509,1.95509,1.95509,1.86653,1.99456,1.99456,1.99456,1.85092
739.479,1.99881,1.99881,1.99881,1.93366,2.0978,2.0978,2.0978,1.89629,1.95808,1.95808,1.95808,1.87372,1.99115,1.99115,1.99115,1.84913
741.483,1.9989,1.9989,1.9989,1.93253,2.09833,2.09833,2.09833,1.89393,1.95651,1.95651,1.95651,1.88197,1.99243,1.99243,1.99243,1.85348
743.487,2,2,2,1.9314,2.09937,2.09937,2.09937,1.89041,1.95334,1.95334,1.95334,1.89059,1.99534,1.99534,1.99534,1.86
745.491,1.99865,1.99865,1.99865,1.92972,2.0992,2.0992,2.0992,1.88775,1.9515,1.9515,1.9515,1.89524,1.99515,1.99515,1.99515,1.86475
747.495,1.99399,1.99399,1.99399,1.92727,2.09739,2.09739,2.09739,1.88621,1.95147,1.95147,1.95147,1.89452,1.99076,1.99076,1.99076,1.86713
749.499,1.9885,1.9885,1.9885,1.92462,2.09516,2.09516,2.09516,1.88497,1.95189,1.95189,1.95189,1.89245,1.98532,1.98532,1.98532,1.8689
751.503,1.98174,1.98174,1.98174,1.92217,2.09213,2.09213,2.09213,1.8852,1.953,1.953,1.953,1.88785,1.97827,1.97827,1.97827,1.86943
753.507,1.97456,1.97456,1.97456,1.91977,2.08884,2.08884,2.08884,1.88593,1.95435,1.95435,1.95435,1.88242,1.97069,1.97069,1.97069,1.86956
755.511,1.97112,1.97112,1.97112,1.92066,2.08661,2.08661,2.08661,1.89061,1.95356,1.95356,1.95356,1.88093,1.96785,1.96785,1.96785,1.87098
757.515,1.97263,1.97263,1.97263,1.92589,2.0858,2.0858,2.0858,1.90052,1.94993,1.94993,1.94993,1.88469,1.97131,1.97131,1.97131,1.8741
759.519,1.97536,1.97536,1.97536,1.93219,2.08534,2.08534,2.08534,1.91171,1.94561,1.94561,1.94561,1.88972,1.9763,1.9763,1.9763,1.87764
761.523,1.97821,1.97821,1.97821,1.94024,2.08835,2.08835,2.08835,1.92006,1.94196,1.94196,1.94196,1.89504,1.97933,1.97933,1.97933,1.88808
763.527,1.98112,1.98112,1.98112,1.94883,2.09246,2.09246,2.09246,1.92751,1.93854,1.93854,1.93854,1.90044,1.98175,1.98175,1.98175,1.90069
765.531,1.98409,1.98409,1.98409,1.95843,2.09853,2.09853,2.09853,1.93332,1.93548,1.93548,1.93548,1.90599,1.98307,1.98307,1.98307,1.91732
767.535,1.98717,1.98717,1.98717,1.96934,2.10718,2.10718,2.10718,1.937,1.93292,1.93292,1.93292,1.91175,1.98294,1.98294,1.98294,1.93922
769.539,1.99027,1.99027,1.99027,1.98056,2.11642,2.11642,2.11642,1.94017,1.93046,1.93046,1.93046,1.91755,1.98249,1.98249,1.98249,1.96235
771.543,1.99723,1.99723,1.99723,1.98949,2.11946,2.11946,2.11946,1.95435,1.93539,1.93539,1.93539,1.92911,1.99283,1.99283,1.99283,1.96417
773.547,2.00534,2.00534,2.00534,1.99774,2.12063,2.12063,2.12063,1.97182,1.94253,1.94253,1.94253,1.9424,2.00639,2.00639,2.00639,1.95962
775.551,2.01444,2.01444,2.01444,2.00683,2.12326,2.12326,2.12326,1.98901,1.95051,1.95051,1.95051,1.95535,2.0206,2.0206,2.0206,1.95548
777.555,2.02484,2.02484,2.02484,2.01701,2.12776,2.12776,2.12776,2.00585,1.95957,1.95957,1.95957,1.96788,2.03565,2.03565,2.03565,1.95186
779.559,2.03552,2.03552,2.03552,2.02744,2.13268,2.13268,2.13268,2.02261,1.96888,1.96888,1.96888,1.98032,2.05089,2.05089,2.05089,1.94835
781.563,2.05041,2.05041,2.05041,2.04446,2.15025,2.15025,2.15025,2.03093,1.97952,1.97952,1.97952,1.98717,2.06403,2.06403,2.06403,1.95859
783.567,2.0665,2.0665,2.0665,2.06335,2.17138,2.17138,2.17138,2.03688,1.99053,1.99053,1.99053,1.99246,2.07657,2.07657,2.07657,1.97269
785.571,2.08567,2.08567,2.08567,2.08086,2.19525,2.19525,2.19525,2.04588,2.00469,2.00469,2.00469,1.99744,2.09296,2.09296,2.09296,1.99033
787.575,2.10877,2.10877,2.10877,2.09663,2.22262,2.22262,2.22262,2.05879,2.02288,2.02288,2.02288,2.00206,2.11424,2.11424,2.11424,2.01247
789.579,2.13272,2.13272,2.13272,2.11203,2.25074,2.25074,2.25074,2.07252,2.04194,2.04194,2.04194,2.0066,2.13657,2.13657,2.13657,2.03557
791.583,2.16088,2.16088,2.16088,2.12571,2.28266,2.28266,2.28266,2.09017,2.0652,2.0652,2.0652,2.01092,2.16397,2.16397,2.16397,2.06332
793.587,2.19016,2.19016,2.19016,2.13893,2.3156,2.3156,2.3156,2.10887,2.08958,2.08958,2.08958,2.01519,2.19273,2.19273,2.19273,2.09231
795.591,2.21859,2.21859,2.21859,2.14878,2.34551,2.34551,2.34551,2.12789,2.1149,2.1149,2.1149,2.0264,2.21809,2.21809,2.21809,2.11353
797.595,2.24597,2.24597,2.24597,2.15438,2.37162,2.37162,2.37162,2.14732,2.1414,2.1414,2.1414,2.04636,2.23915,2.23915,2.23915,2.12494
799.599,2.27313,2.27313,2.27313,2.15912,2.39695,2.39695,2.39695,2.16683,2.16815,2.16815,2.16815,2.0681,2.25934,2.25934,2.25934,2.13435
801.603,2.2982,2.2982,2.2982,2.17977,2.42175,2.42175,2.42175,2.18655,2.19115,2.19115,2.19115,2.08815,2.27956,2.27956,2.27956,2.1492
803.607,2.32275,2.32275,2.32275,2.2044,2.44643,2.44643,2.44643,2.20631,2.21323,2.21323,2.21323,2.10777,2.2998,2.2998,2.2998,2.1654
805.611,2.34538,2.34538,2.34538,2.24231,2.47052,2.47052,2.47052,2.22613,2.23206,2.23206,2.23206,2.12587,2.31995,2.31995,2.31995,2.18598
807.615,2.36562,2.36562,2.36562,2.29678,2.49386,2.49386,2.49386,2.24603,2.24685,2.24685,2.24685,2.14208,2.34001,2.34001,2.34001,2.21202
809.619,2.3854,2.3854,2.3854,2.35445,2.51707,2.51707,2.51707,2.26593,2.26085,2.26085,2.26085,2.15792,2.36005,2.36005,2.36005,2.23911
811.623,2.40484,2.40484,2.40484,2.4603,2.56643,2.56643,2.56643,2.30727,2.28382,2.28382,2.28382,2.18204,2.38991,2.38991,2.38991,2.28311
813.627,2.4242,2.4242,2.4242,2.57744,2.62193,2.62193,2.62193,2.35363,2.30889,2.30889,2.30889,2.2081,2.42208,2.42208,2.42208,2.33107
815.631,2.44887,2.44887,2.44887,2.71959,2.6937,2.6937,2.6937,2.41193,2.33849,2.33849,2.33849,2.23814,2.46396,2.46396,2.46396,2.39141
817.635,2.48007,2.48007,2.48007,2.89252,2.78549,2.78549,2.78549,2.48491,2.37368,2.37368,2.37368,2.27307,2.51782,2.51782,2.51782,2.467
819.639,2.51248,2.51248,2.51248,3.0711,2.88096,2.88096,2.88096,2.56059,2.40989,2.40989,2.40989,2.3089,2.57387,2.57387,2.57387,2.54539
821.643,2.60478,2.60478,2.60478,3.42603,3.119,3.119,3.119,2.73362,2.48001,2.48001,2.48001,2.3732,2.72463,2.72463,2.72463,2.73625
823.647,2.71024,2.71024,2.71024,3.81967,3.38833,3.38833,3.38833,2.92802,2.55757,2.55757,2.55757,2.44374,2.89619,2.89619,2.89619,2.9518
825.651,2.87577,2.87577,2.87577,4.36326,3.79194,3.79194,3.79194,3.18456,2.68838,2.68838,2.68838,2.54253,3.13748,3.13748,3.13748,3.26104
827.655,3.11438,3.11438,3.11438,5.08918,4.35883,4.35883,4.35883,3.51665,2.88396,2.88396,2.88396,2.67567,3.46356,3.46356,3.46356,3.68422
829.659,3.36567,3.36567,3.36567,5.84676,4.95408,4.95408,4.95408,3.86186,3.09078,3.09078,3.09078,2.81478,3.80436,3.80436,3.80436,4.12719
831.663,3.78964,3.78964,3.78964,7.16191,6.04798,6.04798,6.04798,4.39618,3.44359,3.44359,3.44359,3.02244,4.36132,4.36132,4.36132,4.89116
833.667,4.24899,4.24899,4.24899,8.59126,7.24401,7.24401,7.24401,4.96924,3.82631,3.82631,3.82631,3.24415,4.96256,4.96256,4.96256,5.72087
835.671,5.01355,5.01355,5.01355,10.6677,9.12503,9.12503,9.12503,5.89528,4.52446,4.52446,4.52446,3.61824,5.97724,5.97724,5.97724,7.00197
837.675,6.14482,6.14482,6.14482,13.5217,11.829,11.829,11.829,7.2454,5.60157,5.60157,5.60157,4.1754,7.48863,7.48863,7.48863,8.82538
839.679,7.33611,7.33611,7.33611,16.5029,14.6677,14.6677,14.6677,8.66494,6.74071,6.74071,6.74071,4.76252,9.08133,9.08133,9.08133,10.7376
841.683,9.45833,9.45833,9.45833,21.628,20.4403,20.4403,20.4403,11.0976,8.80018,8.80018,8.80018,5.73288,11.8655,11.8655,11.8655,14.2556
843.687,11.7579,11.7579,11.7579,27.1614,26.7718,26.7718,26.7718,13.7232,11.0349,11.0349,11.0349,6.77623,14.8765,14.8765,14.8765,18.0796
845.691,15.2369,15.2369,15.2369,34.812,37.6872,37.6872,37.6872,17.4631,14.4003,14.4003,14.4003,8.31091,19.1251,19.1251,19.1251,23.9626
847.695,20.1162,20.1162,20.1162,44.9761,54.0446,54.0446,54.0446,22.5259,19.108,19.108,19.108,10.4289,24.843,24.843,24.843,32.2902
849.699,25.2106,25.2106,25.2106,55.5266,71.2384,71.2384,71.2384,27.792,24.022,24.022,24.022,12.6365,30.7866,30.7866,30.7866,40.9936
851.703,34.5499,34.5499,34.5499,74.8237,90.5139,90.5139,90.5139,38.2506,32.779,32.779,32.779,16.4601,41.6214,41.6214,41.6214,55.522
853.707,44.6382,44.6382,44.6382,95.6643,110.157,110.157,110.157,49.6255,42.2141,42.2141,42.2141,20.5689,53.3193,53.3193,53.3193,71.0783
855.711,59.8228,59.8228,59.8228,125.546,130.957,130.957,130.957,66.8401,55.5053,55.5053,55.5053,26.1165,71.3059,71.3059,71.3059,92.4078
857.715,80.9868,80.9868,80.9868,166.036,153.117,153.117,153.117,90.9065,73.3208,73.3208,73.3208,33.3522,96.671,96.671,96.671,120.511
859.719,103.01,103.01,103.01,208.05,175.471,175.471,175.471,115.958,91.7865,91.7865,91.7865,40.8305,123.096,123.096,123.096,149.587
861.723,203.091,203.091,203.091,308.145,232.246,232.246,232.246,185.287,131.65,131.65,131.65,51.8716,288.403,288.403,288.403,223.691
863.727,315.879,315.879,315.879,417.695,294.623,294.623,294.623,261.825,174.996,174.996,174.996,63.4927,476.317,476.317,476.317,305.125
865.731,432.437,432.437,432.437,522.805,429.399,429.399,429.399,347.73,237.38,237.38,237.38,80.134,620.632,620.632,620.632,392.157
867.735,553.367,553.367,553.367,622.768,648.136,648.136,648.136,444.496,321.841,321.841,321.841,102.597,714.384,714.384,714.384,485.682
869.739,674.883,674.883,674.883,722.042,878.102,878.102,878.102,542.715,409.255,409.255,409.255,125.839,801.373,801.373,801.373,580.076
871.743,637.662,637.662,637.662,719.097,1912.88,1912.88,1912.88,587.3,567.299,567.299,567.299,172.665,622.337,888.363,622.337,618.682
873.747,576.723,576.723,576.723,700.878,3067.93,3067.93,3067.93,623.871,735.897,735.897,735.897,223.014,403.55,975.353,403.55,648.952
875.752,569.912,569.912,569.912,752.613,4222.97,4222.97,4222.97,660.441,1080.5,1080.5,1080.5,281.895,372.409,1062.34,372.409,679.222
877.756,625.157,625.157,625.157,884.545,5378.01,5378.01,5378.01,697.012,1626.87,1626.87,1626.87,350.558,556.395,1149.33,556.395,709.492
879.76,688.082,688.082,688.082,1026.4,6533.06,6533.06,6533.06,733.582,2198.22,2198.22,2198.22,420.432,767.004,1236.32,767.004,739.761
881.764,803.598,803.598,803.598,1168.26,7688.1,7688.1,7688.1,770.153,2769.57,2769.57,2769.57,490.305,977.612,1323.31,977.612,770.031
883.768,926.286,926.286,926.286,1310.12,8843.14,8843.14,8843.14,806.723,3340.92,3340.92,3340.92,560.179,1188.22,1410.3,1188.22,800.301
885.772,1089.23,1089.23,1089.23,1451.97,9998.19,9998.19,9998.19,843.294,3912.26,3912.26,3912.26,630.052,1398.83,1497.29,1398.83,830.571
887.776,1297.8,1297.8,1297.8,1593.83,11153.2,11153.2,11153.2,879.864,4483.61,4483.61,4483.61,699.925,1609.44,1584.28,1609.44,860.841
889.78,1511.55,1511.55,1511.55,1735.69,12308.3,12308.3,12308.3,916.435,5054.96,5054.96,5054.96,769.799,1820.05,1671.27,1820.05,891.111
891.784,1725.31,1725.31,1725.31,1877.55,13463.3,13463.3,13463.3,953.005,5626.31,5626.31,5626.31,839.672,2030.65,1758.26,2030.65,921.381
893.788,1939.07,1939.07,1939.07,2019.4,14618.4,14618.4,14618.4,989.576,6197.65,6197.65,6197.65,909.546,2241.26,1845.25,2241.26,951.651
895.792,2152.83,2152.83,2152.83,2161.26,15773.4,15773.4,15773.4,1026.15,6769,6769,6769,979.419,2451.87,1932.24,2451.87,981.921
897.796,2366.59,2366.59,2366.59,2303.12,16928.4,16928.4,16928.4,1062.72,7340.35,7340.35,7340.35,1049.29,2662.48,2019.23,2662.48,1012.19
899.8,2580.35,2580.35,2580.35,2444.97,18083.5,18083.5,18083.5,1099.29,7911.7,7911.7,7911.7,1119.17,2873.09,2106.22,2873.09,1042.46
901.804,2794.1,2794.1,2794.1,2586.83,19238.5,19238.5,19238.5,1135.86,8483.04,8483.04,8483.04,1189.04,3083.7,2193.21,3083.7,1072.73
903.808,3007.86,3007.86,3007.86,2728.69,20393.6,20393.6,20393.6,1172.43,9054.39,9054.39,9054.39,1258.91,3294.3,2280.2,3294.3,1103
905.812,3221.62,3221.62,3221.62,2870.55,21548.6,21548.6,21548.6,1209,9625.74,9625.74,9625.74,1328.79,3504.91,2367.19,3504.91,1133.27
907.816,3435.38,3435.38,3435.38,3012.4,22703.7,22703.7,22703.7,1245.57,10197.1,10197.1,10197.1,1398.66,3715.52,2454.17,3715.52,1163.54
909.82,3649.14,3649.14,3649.14,3154.26,23858.7,23858.7,23858.7,1282.14,10768.4,10768.4,10768.4,1468.53,3926.13,2541.16,3926.13,1193.81
911.824,3862.9,3862.9,3862.9,3296.12,25013.7,25013.7,25013.7,1318.71,11339.8,11339.8,11339.8,1538.41,4136.74,2628.15,4136.74,1224.08
913.828,4076.65,4076.65,4076.65,3437.98,26168.8,26168.8,26168.8,1355.28,11911.1,11911.1,11911.1,1608.28,4347.35,2715.14,4347.35,1254.35
915.832,4290.41,4290.41,4290.41,3579.83,27323.8,27323.8,27323.8,1391.85,12482.5,12482.5,12482.5,1678.15,4557.95,2802.13,4557.95,1284.62
917.836,4504.17,4504.17,4504.17,3721.69,28478.9,28478.9,28478.9,1428.42,13053.8,13053.8,13053.8,1748.03,4768.56,2889.12,4768.56,1314.89
919.84,4717.93,4717.93,4717.93,3863.55,29633.9,29633.9,29633.9,1464.99,13625.2,13625.2,13625.2,1817.9,4979.17,2976.11,4979.17,1345.16
921.844,4931.69,4931.69,4931.69,4005.4,30789,30789,30789,1501.56,14196.5,14196.5,14196.5,1887.77,5189.78,3063.1,5189.78,1375.43
923.848,5145.45,5145.45,5145.45,4147.26,31944,31944,31944,1538.13,14767.9,14767.9,14767.9,1957.65,5400.39,3150.09,5400.39,1405.7
925.852,5359.2,5359.2,5359.2,4289.12,33099.1,33099.1,33099.1,1574.7,15339.2,15339.2,15339.2,2027.52,5611,3237.08,5611,1435.97
927.856,5572.96,5572.96,5572.96,4430.98,34254.1,34254.1,34254.1,1611.27,15910.6,15910.6,15910.6,2097.39,5821.6,3324.07,5821.6,1466.24
929.86,5786.72,5786.72,5786.72,4572.83,35409.1,35409.1,35409.1,1647.84,16481.9,16481.9,16481.9,2167.27,6032.21,3411.06,6032.21,1496.51
931.864,6000.48,6000.48,6000.48,4714.69,36564.2,36564.2,36564.2,1684.42,17053.3,17053.3,17053.3,2237.14,6242.82,3498.05,6242.82,1526.78
933.868,6214.24,6214.24,6214.24,4856.55,37719.2,37719.2,37719.2,1720.99,17624.6,17624.6,17624.6,2307.01,6453.43,3585.04,6453.43,1557.05
935.872,6428,6428,6428,4998.41,38874.3,38874.3,38874.3,1757.56,18196,18196,18196,2376.89,6664.04,3672.03,6664.04,1587.32
937.876,6641.76,6641.76,6641.76,5140.26,40029.3,40029.3,40029.3,1794.13,18767.3,18767.3,18767.3,2446.76,6874.65,3759.02,6874.65,1617.59
939.88,6855.51,6855.51,6855.51,5282.12,41184.4,41184.4,41184.4,1830.7,19338.6,19338.6,19338.6,2516.63,7085.25,3846.01,7085.25,1647.86
941.884,7069.27,7069.27,7069.27,5423.98,42339.4,42339.4,42339.4,1867.27,19910,19910,19910,2586.51,7295.86,3933,7295.86,1678.13
943.888,7283.03,7283.03,7283.03,5565.83,43494.4,43494.4,43494.4,1903.84,20481.3,20481.3,20481.3,2656.38,7506.47,4019.99,7506.47,1708.4
945.892,7496.79,7496.79,7496.79,5707.69,44649.5,44649.5,44649.5,1940.41,21052.7,21052.7,21052.7,2726.25,7717.08,4106.98,7717.08,1738.67
947.896,7710.55,7710.55,7710.55,5849.55,45804.5,45804.5,45804.5,1976.98,21624,21624,21624,2796.13,7927.69,4193.97,7927.69,1768.94
949.9,7924.31,7924.31,7924.31,5991.41,46959.6,46959.6,46959.6,2013.55,22195.4,22195.4,22195.4,2866,8138.3,4280.96,8138.3,1799.21
951.904,8138.06,8138.06,8138.06,6133.26,48114.6,48114.6,48114.6,2050.12,22766.7,22766.7,22766.7,2935.87,8348.91,4367.95,8348.91,1829.48
953.908,8351.82,8351.82,8351.82,6275.12,49269.7,49269.7,49269.7,2086.69,23338.1,23338.1,23338.1,3005.75,8559.51,4454.93,8559.51,1859.75
955.912,8565.58,8565.58,8565.58,6416.98,50424.7,50424.7,50424.7,2123.26,23909.4,23909.4,23909.4,3075.62,8770.12,4541.92,8770.12,1890.02
957.916,8779.34,8779.34,8779.34,6558.83,51579.7,51579.7,51579.7,2159.83,24480.8,24480.8,24480.8,3145.5,8980.73,4628.91,8980.73,1920.29
959.92,8993.1,8993.1,8993.1,6700.69,52734.8,52734.8,52734.8,2196.4,25052.1,25052.1,25052.1,3215.37,9191.34,4715.9,9191.34,1950.56
961.924,9206.86,9206.86,9206.86,6842.55,53889.8,53889.8,53889.8,2232.97,25623.5,25623.5,25623.5,3285.24,9401.95,4802.89,9401.95,1980.83
963.928,9420.61,9420.61,9420.61,6984.41,55044.9,55044.9,55044.9,2269.54,26194.8,26194.8,26194.8,3355.12,9612.56,4889.88,9612.56,2011.1
965.932,9634.37,9634.37,9634.37,7126.26,56199.9,56199.9,56199.9,2306.11,26766.2,26766.2,26766.2,3424.99,9823.16,4976.87,9823.16,2041.37
967.936,9848.13,9848.13,9848.13,7268.12,57355,57355,57355,2342.68,27337.5,27337.5,27337.5,3494.86,10033.8,5063.86,10033.8,2071.64
969.94,10061.9,10061.9,10061.9,7409.98,58510,58510,58510,2379.26,27908.9,27908.9,27908.9,3564.74,10244.4,5150.85,10244.4,2101.91
971.944,10275.6,10275.6,10275.6,7551.84,59665,59665,59665,2415.83,28480.2,28480.2,28480.2,3634.61,10455,5237.84,10455,2132.18
973.948,10489.4,10489.4,10489.4,7693.69,60820.1,60820.1,60820.1,2452.4,29051.6,29051.6,29051.6,3704.48,10665.6,5324.83,10665.6,2162.45
975.952,10703.2,10703.2,10703.2,7835.55,61975.1,61975.1,61975.1,2488.97,29622.9,29622.9,29622.9,3774.36,10876.2,5411.82,10876.2,2192.72
977.956,10916.9,10916.9,10916.9,7977.41,63130.2,63130.2,63130.2,2525.54,30194.3,30194.3,30194.3,3844.23,11086.8,5498.81,11086.8,2222.99
979.96,11130.7,11130.7,11130.7,8119.26,64285.2,64285.2,64285.2,2562.11,30765.6,30765.6,30765.6,3914.1,11297.4,5585.8,11297.4,2253.26
981.964,11344.4,11344.4,11344.4,8261.12,65440.3,65440.3,65440.3,2598.68,31336.9,31336.9,31336.9,3983.98,11508,5672.79,11508,2283.53
983.968,11558.2,11558.2,11558.2,8402.98,66595.3,66595.3,66595.3,2635.25,31908.3,31908.3,31908.3,4053.85,11718.6,5759.78,11718.6,2313.8
985.972,11772,11772,11772,8544.84,67750.3,67750.3,67750.3,2671.82,32479.6,32479.6,32479.6,4123.72,11929.2,5846.77,11929.2,2344.07
987.976,11985.7,11985.7,11985.7,8686.69,68905.4,68905.4,68905.4,2708.39,33051,33051,33051,4193.6,12139.9,5933.76,12139.9,2374.34
989.98,12199.5,12199.5,12199.5,8828.55,70060.4,70060.4,70060.4,2744.96,33622.3,33622.3,33622.3,4263.47,12350.5,6020.75,12350.5,2404.61
991.984,12413.2,12413.2,12413.2,8970.41,71215.5,71215.5,71215.5,2781.53,34193.7,34193.7,34193.7,4333.34,12561.1,6107.74,12561.1,2434.88
993.988,12627,12627,12627,9112.27,72370.5,72370.5,72370.5,2818.1,34765,34765,34765,4403.22,12771.7,6194.73,12771.7,2465.15
995.992,12840.7,12840.7,12840.7,9254.12,73525.6,73525.6,73525.6,2854.67,35336.4,35336.4,35336.4,4473.09,12982.3,6281.72,12982.3,2495.42
997.996,13054.5,13054.5,13054.5,9395.98,74680.6,74680.6,74680.6,2891.24,35907.7,35907.7,35907.7,4542.96,13192.9,6368.7,13192.9,2525.69
1000,1e+11,1e+11,1e+11,1e+11,1e+11,1e+11,1e+11,1e+11,1e+11,1e+11,1e+11,1e+11,1e+11,1e+11,1e+11,1e+11
