# Frequency[MHz],ampNF Ch0 [dB],ampNF Ch1 [dB],ampNF Ch2 [dB],ampNF Ch3 [dB],ampNF Ch4 [dB],ampNF Ch5 [dB],ampNF Ch6 [dB],ampNF Ch7 [dB],ampNF Ch8 [dB],ampNF Ch9 [dB],ampNF Ch10 [dB],ampNF Ch11 [dB],ampNF Ch12 [dB],ampNF Ch13 [dB],ampNF Ch14 [dB],ampNF Ch15 [dB]
0,1e+11,1e+11,1e+11,1e+11,1e+11,1e+11,1e+11,1e+11,1e+11,1e+11,1e+11,1e+11,1e+11,1e+11,1e+11,1e+11
2.00401,1e+11,1e+11,1e+11,1e+11,1e+11,1e+11,1e+11,1e+11,1e+11,1e+11,1e+11,1e+11,1e+11,1e+11,1e+11,1e+11
4.00802,1e+11,1e+11,1e+11,1e+11,1e+11,1e+11,1e+11,1e+11,1e+11,1e+11,1e+11,1e+11,1e+11,1e+11,1e+11,1e+11
6.01202,1e+11,1e+11,1e+11,1e+11,1e+11,1e+11,1e+11,1e+11,1e+11,1e+11,1e+11,1e+11,1e+11,1e+11,1e+11,1e+11
8.01603,1e+11,1e+11,1e+11,1e+11,1e+11,1e+11,1e+11,1e+11,1e+11,1e+11,1e+11,1e+11,1e+11,1e+11,1e+11,1e+11
10.02,1e+11,1e+11,1e+11,1e+11,1e+11,1e+11,1e+11,1e+11,1e+11,1e+11,1e+11,1e+11,1e+11,1e+11,1e+11,1e+11
12.024,1e+11,1e+11,1e+11,1e+11,1e+11,1e+11,1e+11,1e+11,1e+11,1e+11,1e+11,1e+11,1e+11,1e+11,1e+11,1e+11
14.0281,1e+11,1e+11,1e+11,1e+11,1e+11,1e+11,1e+11,1e+11,1e+11,1e+11,1e+11,1e+11,1e+11,1e+11,1e+11,1e+11
16.0321,1e+11,1e+11,1e+11,1e+11,1e+11,1e+11,1e+11,1e+11,1e+11,1e+11,1e+11,1e+11,1e+11,1e+11,1e+11,1e+11
18.0361,1e+11,1e+11,1e+11,1e+11,1e+11,1e+11,1e+11,1e+11,1e+11,1e+11,1e+11,1e+11,1e+11,1e+11,1e+11,1e+11
20.0401,1e+11,1e+11,1e+11,1e+11,1e+11,1e+11,1e+11,1e+11,1e+11,1e+11,1e+11,1e+11,1e+11,1e+11,1e+11,1e+11
22.0441,1e+11,1e+11,1e+11,1e+11,1e+11,1e+11,1e+11,1e+11,1e+11,1e+11,1e+11,1e+11,1e+11,1e+11,1e+11,1e+11
24.0481,1e+11,1e+11,1e+11,1e+11,1e+11,1e+11,1e+11,1e+11,1e+11,1e+11,1e+11,1e+11,1e+11,1e+11,1e+11,1e+11
26.0521,1e+11,1e+11,1e+11,1e+11,1e+11,1e+11,1e+11,1e+11,1e+11,1e+11,1e+11,1e+11,1e+11,1e+11,1e+11,1e+11
28.0561,1e+11,1e+11,1e+11,1e+11,1e+11,1e+11,1e+11,1e+11,1e+11,1e+11,1e+11,1e+11,1e+11,1e+11,1e+11,1e+11
30.0601,1e+11,1e+11,1e+11,1e+11,1e+11,1e+11,1e+11,1e+11,1e+11,1e+11,1e+11,1e+11,1e+11,1e+11,1e+11,1e+11
32.0641,1e+11,1e+11,1e+11,1e+11,1e+11,1e+11,1e+11,1e+11,1e+11,1e+11,1e+11,1e+11,1e+11,1e+11,1e+11,1e+11
34.0681,1e+11,1e+11,1e+11,1e+11,1e+11,1e+11,1e+11,1e+11,1e+11,1e+11,1e+11,1e+11,1e+11,1e+11,1e+11,1e+11
36.0721,1e+11,1e+11,1e+11,1e+11,1e+11,1e+11,1e+11,1e+11,1e+11,1e+11,1e+11,1e+11,1e+11,1e+11,1e+11,1e+11
38.0762,1e+11,1e+11,1e+11,1e+11,1e+11,1e+11,1e+11,1e+11,1e+11,1e+11,1e+11,1e+11,1e+11,1e+11,1e+11,1e+11
40.0802,1e+11,1e+11,1e+11,1e+11,1e+11,1e+11,1e+11,1e+11,1e+11,1e+11,1e+11,1e+11,1e+11,1e+11,1e+11,1e+11
42.0842,1e+11,1e+11,1e+11,1e+11,1e+11,1e+11,1e+11,1e+11,1e+11,1e+11,1e+11,1e+11,1e+11,1e+11,1e+11,1e+11
44.0882,1e+11,1e+11,1e+11,1e+11,1e+11,1e+11,1e+11,1e+11,1e+11,1e+11,1e+11,1e+11,1e+11,1e+11,1e+11,1e+11
46.0922,1e+11,1e+11,1e+11,1e+11,1e+11,1e+11,1e+11,1e+11,1e+11,1e+11,1e+11,1e+11,1e+11,1e+11,1e+11,1e+11
48.0962,1e+11,1e+11,1e+11,1e+11,1e+11,1e+11,1e+11,1e+11,1e+11,1e+11,1e+11,1e+11,1e+11,1e+11,1e+11,1e+11
50.1002,1e+11,1e+11,1e+11,1e+11,1e+11,1e+11,1e+11,1e+11,1e+11,1e+11,1e+11,1e+11,1e+11,1e+11,1e+11,1e+11
52.1042,1e+11,1e+11,1e+11,1e+11,1e+11,1e+11,1e+11,1e+11,1e+11,1e+11,1e+11,1e+11,1e+11,1e+11,1e+11,1e+11
54.1082,1e+11,1e+11,1e+11,1e+11,1e+11,1e+11,1e+11,1e+11,1e+11,1e+11,1e+11,1e+11,1e+11,1e+11,1e+11,1e+11
56.1122,1e+11,1e+11,1e+11,1e+11,1e+11,1e+11,1e+11,1e+11,1e+11,1e+11,1e+11,1e+11,1e+11,1e+11,1e+11,1e+11
58.1162,1e+11,1e+11,1e+11,1e+11,1e+11,1e+11,1e+11,1e+11,1e+11,1e+11,1e+11,1e+11,1e+11,1e+11,1e+11,1e+11
60.1202,1e+11,1e+11,1e+11,1e+11,1e+11,1e+11,1e+11,1e+11,1e+11,1e+11,1e+11,1e+11,1e+11,1e+11,1e+11,1e+11
62.1242,1e+11,1e+11,1e+11,1e+11,1e+11,1e+11,1e+11,1e+11,1e+11,1e+11,1e+11,1e+11,1e+11,1e+11,1e+11,1e+11
64.1283,1e+11,1e+11,1e+11,1e+11,1e+11,1e+11,1e+11,1e+11,1e+11,1e+11,1e+11,1e+11,1e+11,1e+11,1e+11,1e+11
66.1323,1e+11,1e+11,1e+11,1e+11,1e+11,1e+11,1e+11,1e+11,1e+11,1e+11,1e+11,1e+11,1e+11,1e+11,1e+11,1e+11
68.1363,1e+11,1e+11,1e+11,1e+11,1e+11,1e+11,1e+11,1e+11,1e+11,1e+11,1e+11,1e+11,1e+11,1e+11,1e+11,1e+11
70.1403,1e+11,1e+11,1e+11,1e+11,1e+11,1e+11,1e+11,1e+11,1e+11,1e+11,1e+11,1e+11,1e+11,1e+11,1e+11,1e+11
72.1443,1e+11,1e+11,1e+11,1e+11,1e+11,1e+11,1e+11,1e+11,1e+11,1e+11,1e+11,1e+11,1e+11,1e+11,1e+11,1e+11
74.1483,1e+11,1e+11,1e+11,1e+11,1e+11,1e+11,1e+11,1e+11,1e+11,1e+11,1e+11,1e+11,1e+11,1e+11,1e+11,1e+11
76.1523,1e+11,1e+11,1e+11,1e+11,1e+11,1e+11,1e+11,1e+11,1e+11,1e+11,1e+11,1e+11,1e+11,1e+11,1e+11,1e+11
78.1563,1e+11,1e+11,1e+11,1e+11,1e+11,1e+11,1e+11,1e+11,1e+11,1e+11,1e+11,1e+11,1e+11,1e+11,1e+11,1e+11
80.1603,1e+11,1e+11,1e+11,1e+11,1e+11,1e+11,1e+11,1e+11,1e+11,1e+11,1e+11,1e+11,1e+11,1e+11,1e+11,1e+11
82.1643,1e+11,1e+11,1e+11,1e+11,1e+11,1e+11,1e+11,1e+11,1e+11,1e+11,1e+11,1e+11,1e+11,1e+11,1e+11,1e+11
84.1683,1e+11,1e+11,1e+11,1e+11,1e+11,1e+11,1e+11,1e+11,1e+11,1e+11,1e+11,1e+11,1e+11,1e+11,1e+11,1e+11
86.1723,1e+11,1e+11,1e+11,1e+11,1e+11,1e+11,1e+11,1e+11,1e+11,1e+11,1e+11,1e+11,1e+11,1e+11,1e+11,1e+11
88.1764,1e+11,1e+11,1e+11,1e+11,1e+11,1e+11,1e+11,1e+11,1e+11,1e+11,1e+11,1e+11,1e+11,1e+11,1e+11,1e+11
90.1804,1e+11,1e+11,1e+11,1e+11,1e+11,1e+11,1e+11,1e+11,1e+11,1e+11,1e+11,1e+11,1e+11,1e+11,1e+11,1e+11
92.1844,1e+11,1e+11,1e+11,1e+11,1e+11,1e+11,1e+11,1e+11,1e+11,1e+11,1e+11,1e+11,1e+11,1e+11,1e+11,1e+11
94.1884,1e+11,1e+11,1e+11,1e+11,1e+11,1e+11,1e+11,1e+11,1e+11,1e+11,1e+11,1e+11,1e+11,1e+11,1e+11,1e+11
96.1924,1e+11,1e+11,1e+11,1e+11,1e+11,1e+11,1e+11,1e+11,1e+11,1e+11,1e+11,1e+11,1e+11,1e+11,1e+11,1e+11
98.1964,1e+11,1e+11,1e+11,1e+11,1e+11,1e+11,1e+11,1e+11,1e+11,1e+11,1e+11,1e+11,1e+11,1e+11,1e+11,1e+11
100.2,1e+11,1e+11,1e+11,1e+11,1e+11,1e+11,1e+11,1e+11,1e+11,1e+11,1e+11,1e+11,1e+11,1e+11,1e+11,1e+11
102.204,1e+11,1e+11,1e+11,1e+11,1e+11,1e+11,1e+11,1e+11,1e+11,1e+11,1e+11,1e+11,1e+11,1e+11,1e+11,1e+11
104.208,1e+11,1e+11,1e+11,1e+11,1e+11,1e+11,1e+11,1e+11,1e+11,1e+11,1e+11,1e+11,1e+11,1e+11,1e+11,1e+11
106.212,1e+11,1e+11,1e+11,1e+11,1e+11,1e+11,1e+11,1e+11,1e+11,1e+11,1e+11,1e+11,1e+11,1e+11,1e+11,1e+11
108.216,1e+11,1e+11,1e+11,1e+11,1e+11,1e+11,1e+11,1e+11,1e+11,1e+11,1e+11,1e+11,1e+11,1e+11,1e+11,1e+11
110.22,1e+11,1e+11,1e+11,1e+11,1e+11,1e+11,1e+11,1e+11,1e+11,1e+11,1e+11,1e+11,1e+11,1e+11,1e+11,1e+11
112.224,1e+11,1e+11,1e+11,1e+11,1e+11,1e+11,1e+11,1e+11,1e+11,1e+11,1e+11,1e+11,1e+11,1e+11,1e+11,1e+11
114.228,1e+11,1e+11,1e+11,1e+11,1e+11,1e+11,1e+11,1e+11,1e+11,1e+11,1e+11,1e+11,1e+11,1e+11,1e+11,1e+11
116.232,1e+11,1e+11,1e+11,1e+11,1e+11,1e+11,1e+11,1e+11,1e+11,1e+11,1e+11,1e+11,1e+11,1e+11,1e+11,1e+11
118.236,1e+11,1e+11,1e+11,1e+11,1e+11,1e+11,1e+11,1e+11,1e+11,1e+11,1e+11,1e+11,1e+11,1e+11,1e+11,1e+11
120.24,1e+11,1e+11,1e+11,1e+11,1e+11,1e+11,1e+11,1e+11,1e+11,1e+11,1e+11,1e+11,1e+11,1e+11,1e+11,1e+11
122.244,1e+11,1e+11,1e+11,1e+11,1e+11,1e+11,1e+11,1e+11,1e+11,1e+11,1e+11,1e+11,1e+11,1e+11,1e+11,1e+11
124.248,1e+11,1e+11,1e+11,1e+11,1e+11,1e+11,1e+11,1e+11,1e+11,1e+11,1e+11,1e+11,1e+11,1e+11,1e+11,1e+11
126.253,1e+11,1e+11,1e+11,1e+11,1e+11,1e+11,1e+11,1e+11,1e+11,1e+11,1e+11,1e+11,1e+11,1e+11,1e+11,1e+11
128.257,1e+11,1e+11,1e+11,1e+11,1e+11,1e+11,1e+11,1e+11,1e+11,1e+11,1e+11,1e+11,1e+11,1e+11,1e+11,1e+11
130.261,1e+11,1e+11,1e+11,1e+11,1e+11,1e+11,1e+11,1e+11,1e+11,1e+11,1e+11,1e+11,1e+11,1e+11,1e+11,1e+11
132.265,1e+11,1e+11,1e+11,1e+11,1e+11,1e+11,1e+11,1e+11,1e+11,1e+11,1e+11,1e+11,1e+11,1e+11,1e+11,1e+11
134.269,1e+11,1e+11,1e+11,1e+11,1e+11,1e+11,1e+11,1e+11,1e+11,1e+11,1e+11,1e+11,1e+11,1e+11,1e+11,1e+11
136.273,1e+11,1e+11,1e+11,1e+11,1e+11,1e+11,1e+11,1e+11,1e+11,1e+11,1e+11,1e+11,1e+11,1e+11,1e+11,1e+11
138.277,1e+11,1e+11,1e+11,1e+11,1e+11,1e+11,1e+11,1e+11,1e+11,1e+11,1e+11,1e+11,1e+11,1e+11,1e+11,1e+11
140.281,1e+11,1e+11,1e+11,1e+11,1e+11,1e+11,1e+11,1e+11,1e+11,1e+11,1e+11,1e+11,1e+11,1e+11,1e+11,1e+11
142.285,1e+11,1e+11,1e+11,1e+11,1e+11,1e+11,1e+11,1e+11,1e+11,1e+11,1e+11,1e+11,1e+11,1e+11,1e+11,1e+11
144.289,1e+11,1e+11,1e+11,1e+11,1e+11,1e+11,1e+11,1e+11,1e+11,1e+11,1e+11,1e+11,1e+11,1e+11,1e+11,1e+11
146.293,1e+11,1e+11,1e+11,1e+11,1e+11,1e+11,1e+11,1e+11,1e+11,1e+11,1e+11,1e+11,1e+11,1e+11,1e+11,1e+11
148.297,1e+11,1e+11,1e+11,1e+11,1e+11,1e+11,1e+11,1e+11,1e+11,1e+11,1e+11,1e+11,1e+11,1e+11,1e+11,1e+11
150.301,1.04712,1.04712,1.04712,1.04712,1.04712,1.04712,1.04712,1.04712,1.04712,1.04712,1.04712,1.04712,1.04712,1.04712,1.04712,1.04712
152.305,1.03462,1.03462,1.03462,1.03462,1.03462,1.03462,1.03462,1.03462,1.03462,1.03462,1.03462,1.03462,1.03462,1.03462,1.03462,1.03462
154.309,1.02211,1.02211,1.02211,1.02211,1.02211,1.02211,1.02211,1.02211,1.02211,1.02211,1.02211,1.02211,1.02211,1.02211,1.02211,1.02211
156.313,1.00961,1.00961,1.00961,1.00961,1.00961,1.00961,1.00961,1.00961,1.00961,1.00961,1.00961,1.00961,1.00961,1.00961,1.00961,1.00961
158.317,0.997104,0.997104,0.997104,0.997104,0.997104,0.997104,0.997104,0.997104,0.997104,0.997104,0.997104,0.997104,0.997104,0.997104,0.997104,0.997104
160.321,0.984599,0.984599,0.984599,0.984599,0.984599,0.984599,0.984599,0.984599,0.984599,0.984599,0.984599,0.984599,0.984599,0.984599,0.984599,0.984599
162.325,0.972094,0.972094,0.972094,0.972094,0.972094,0.972094,0.972094,0.972094,0.972094,0.972094,0.972094,0.972094,0.972094,0.972094,0.972094,0.972094
164.329,0.959589,0.959589,0.959589,0.959589,0.959589,0.959589,0.959589,0.959589,0.959589,0.959589,0.959589,0.959589,0.959589,0.959589,0.959589,0.959589
166.333,0.947084,0.947084,0.947084,0.947084,0.947084,0.947084,0.947084,0.947084,0.947084,0.947084,0.947084,0.947084,0.947084,0.947084,0.947084,0.947084
168.337,0.934579,0.934579,0.934579,0.934579,0.934579,0.934579,0.934579,0.934579,0.934579,0.934579,0.934579,0.934579,0.934579,0.934579,0.934579,0.934579
170.341,0.922074,0.922074,0.922074,0.922074,0.922074,0.922074,0.922074,0.922074,0.922074,0.922074,0.922074,0.922074,0.922074,0.922074,0.922074,0.922074
172.345,0.909569,0.909569,0.909569,0.909569,0.909569,0.909569,0.909569,0.909569,0.909569,0.909569,0.909569,0.909569,0.909569,0.909569,0.909569,0.909569
174.349,0.897064,0.897064,0.897064,0.897064,0.897064,0.897064,0.897064,0.897064,0.897064,0.897064,0.897064,0.897064,0.897064,0.897064,0.897064,0.897064
176.353,0.884559,0.884559,0.884559,0.884559,0.884559,0.884559,0.884559,0.884559,0.884559,0.884559,0.884559,0.884559,0.884559,0.884559,0.884559,0.884559
178.357,0.872054,0.872054,0.872054,0.872054,0.872054,0.872054,0.872054,0.872054,0.872054,0.872054,0.872054,0.872054,0.872054,0.872054,0.872054,0.872054
180.361,0.859549,0.859549,0.859549,0.859549,0.859549,0.859549,0.859549,0.859549,0.859549,0.859549,0.859549,0.859549,0.859549,0.859549,0.859549,0.859549
182.365,0.847044,0.847044,0.847044,0.847044,0.847044,0.847044,0.847044,0.847044,0.847044,0.847044,0.847044,0.847044,0.847044,0.847044,0.847044,0.847044
184.369,0.834539,0.834539,0.834539,0.834539,0.834539,0.834539,0.834539,0.834539,0.834539,0.834539,0.834539,0.834539,0.834539,0.834539,0.834539,0.834539
186.373,0.822034,0.822034,0.822034,0.822034,0.822034,0.822034,0.822034,0.822034,0.822034,0.822034,0.822034,0.822034,0.822034,0.822034,0.822034,0.822034
188.377,0.809529,0.809529,0.809529,0.809529,0.809529,0.809529,0.809529,0.809529,0.809529,0.809529,0.809529,0.809529,0.809529,0.809529,0.809529,0.809529
190.381,0.797024,0.797024,0.797024,0.797024,0.797024,0.797024,0.797024,0.797024,0.797024,0.797024,0.797024,0.797024,0.797024,0.797024,0.797024,0.797024
192.385,0.784519,0.784519,0.784519,0.784519,0.784519,0.784519,0.784519,0.784519,0.784519,0.784519,0.784519,0.784519,0.784519,0.784519,0.784519,0.784519
194.389,0.772014,0.772014,0.772014,0.772014,0.772014,0.772014,0.772014,0.772014,0.772014,0.772014,0.772014,0.772014,0.772014,0.772014,0.772014,0.772014
196.393,0.759509,0.759509,0.759509,0.759509,0.759509,0.759509,0.759509,0.759509,0.759509,0.759509,0.759509,0.759509,0.759509,0.759509,0.759509,0.759509
198.397,0.747004,0.747004,0.747004,0.747004,0.747004,0.747004,0.747004,0.747004,0.747004,0.747004,0.747004,0.747004,0.747004,0.747004,0.747004,0.747004
200.401,0.73603,0.73603,0.73603,0.73603,0.73603,0.73603,0.73603,0.73603,0.73603,0.73603,0.73603,0.73603,0.73603,0.73603,0.73603,0.73603
202.405,0.73118,0.73118,0.73118,0.73118,0.73118,0.73118,0.73118,0.73118,0.73118,0.73118,0.73118,0.73118,0.73118,0.73118,0.73118,0.73118
204.409,0.726331,0.726331,0.726331,0.726331,0.726331,0.726331,0.726331,0.726331,0.726331,0.726331,0.726331,0.726331,0.726331,0.726331,0.726331,0.726331
206.413,0.721481,0.721481,0.721481,0.721481,0.721481,0.721481,0.721481,0.721481,0.721481,0.721481,0.721481,0.721481,0.721481,0.721481,0.721481,0.721481
208.417,0.716631,0.716631,0.716631,0.716631,0.716631,0.716631,0.716631,0.716631,0.716631,0.716631,0.716631,0.716631,0.716631,0.716631,0.716631,0.716631
210.421,0.711782,0.711782,0.711782,0.711782,0.711782,0.711782,0.711782,0.711782,0.711782,0.711782,0.711782,0.711782,0.711782,0.711782,0.711782,0.711782
212.425,0.706932,0.706932,0.706932,0.706932,0.706932,0.706932,0.706932,0.706932,0.706932,0.706932,0.706932,0.706932,0.706932,0.706932,0.706932,0.706932
214.429,0.702082,0.702082,0.702082,0.702082,0.702082,0.702082,0.702082,0.702082,0.702082,0.702082,0.702082,0.702082,0.702082,0.702082,0.702082,0.702082
216.433,0.697232,0.697232,0.697232,0.697232,0.697232,0.697232,0.697232,0.697232,0.697232,0.697232,0.697232,0.697232,0.697232,0.697232,0.697232,0.697232
218.437,0.692383,0.692383,0.692383,0.692383,0.692383,0.692383,0.692383,0.692383,0.692383,0.692383,0.692383,0.692383,0.692383,0.692383,0.692383,0.692383
220.441,0.687533,0.687533,0.687533,0.687533,0.687533,0.687533,0.687533,0.687533,0.687533,0.687533,0.687533,0.687533,0.687533,0.687533,0.687533,0.687533
222.445,0.682683,0.682683,0.682683,0.682683,0.682683,0.682683,0.682683,0.682683,0.682683,0.682683,0.682683,0.682683,0.682683,0.682683,0.682683,0.682683
224.449,0.677834,0.677834,0.677834,0.677834,0.677834,0.677834,0.677834,0.677834,0.677834,0.677834,0.677834,0.677834,0.677834,0.677834,0.677834,0.677834
226.453,0.672984,0.672984,0.672984,0.672984,0.672984,0.672984,0.672984,0.672984,0.672984,0.672984,0.672984,0.672984,0.672984,0.672984,0.672984,0.672984
228.457,0.668134,0.668134,0.668134,0.668134,0.668134,0.668134,0.668134,0.668134,0.668134,0.668134,0.668134,0.668134,0.668134,0.668134,0.668134,0.668134
230.461,0.663285,0.663285,0.663285,0.663285,0.663285,0.663285,0.663285,0.663285,0.663285,0.663285,0.663285,0.663285,0.663285,0.663285,0.663285,0.663285
232.465,0.658435,0.658435,0.658435,0.658435,0.658435,0.658435,0.658435,0.658435,0.658435,0.658435,0.658435,0.658435,0.658435,0.658435,0.658435,0.658435
234.469,0.653585,0.653585,0.653585,0.653585,0.653585,0.653585,0.653585,0.653585,0.653585,0.653585,0.653585,0.653585,0.653585,0.653585,0.653585,0.653585
236.473,0.648735,0.648735,0.648735,0.648735,0.648735,0.648735,0.648735,0.648735,0.648735,0.648735,0.648735,0.648735,0.648735,0.648735,0.648735,0.648735
238.477,0.643886,0.643886,0.643886,0.643886,0.643886,0.643886,0.643886,0.643886,0.643886,0.643886,0.643886,0.643886,0.643886,0.643886,0.643886,0.643886
240.481,0.639036,0.639036,0.639036,0.639036,0.639036,0.639036,0.639036,0.639036,0.639036,0.639036,0.639036,0.639036,0.639036,0.639036,0.639036,0.639036
242.485,0.634186,0.634186,0.634186,0.634186,0.634186,0.634186,0.634186,0.634186,0.634186,0.634186,0.634186,0.634186,0.634186,0.634186,0.634186,0.634186
244.489,0.629337,0.629337,0.629337,0.629337,0.629337,0.629337,0.629337,0.629337,0.629337,0.629337,0.629337,0.629337,0.629337,0.629337,0.629337,0.629337
246.493,0.624487,0.624487,0.624487,0.624487,0.624487,0.624487,0.624487,0.624487,0.624487,0.624487,0.624487,0.624487,0.624487,0.624487,0.624487,0.624487
248.497,0.619637,0.619637,0.619637,0.619637,0.619637,0.619637,0.619637,0.619637,0.619637,0.619637,0.619637,0.619637,0.619637,0.619637,0.619637,0.619637
250.501,0.618745,0.618745,0.618745,0.618745,0.618745,0.618745,0.618745,0.618745,0.618745,0.618745,0.618745,0.618745,0.618745,0.618745,0.618745,0.618745
252.505,0.629727,0.629727,0.629727,0.629727,0.629727,0.629727,0.629727,0.629727,0.629727,0.629727,0.629727,0.629727,0.629727,0.629727,0.629727,0.629727
254.509,0.640709,0.640709,0.640709,0.640709,0.640709,0.640709,0.640709,0.640709,0.640709,0.640709,0.640709,0.640709,0.640709,0.640709,0.640709,0.640709
256.513,0.651691,0.651691,0.651691,0.651691,0.651691,0.651691,0.651691,0.651691,0.651691,0.651691,0.651691,0.651691,0.651691,0.651691,0.651691,0.651691
258.517,0.662673,0.662673,0.662673,0.662673,0.662673,0.662673,0.662673,0.662673,0.662673,0.662673,0.662673,0.662673,0.662673,0.662673,0.662673,0.662673
260.521,0.673655,0.673655,0.673655,0.673655,0.673655,0.673655,0.673655,0.673655,0.673655,0.673655,0.673655,0.673655,0.673655,0.673655,0.673655,0.673655
262.525,0.684637,0.684637,0.684637,0.684637,0.684637,0.684637,0.684637,0.684637,0.684637,0.684637,0.684637,0.684637,0.684637,0.684637,0.684637,0.684637
264.529,0.695619,0.695619,0.695619,0.695619,0.695619,0.695619,0.695619,0.695619,0.695619,0.695619,0.695619,0.695619,0.695619,0.695619,0.695619,0.695619
266.533,0.706601,0.706601,0.706601,0.706601,0.706601,0.706601,0.706601,0.706601,0.706601,0.706601,0.706601,0.706601,0.706601,0.706601,0.706601,0.706601
268.537,0.717583,0.717583,0.717583,0.717583,0.717583,0.717583,0.717583,0.717583,0.717583,0.717583,0.717583,0.717583,0.717583,0.717583,0.717583,0.717583
270.541,0.728565,0.728565,0.728565,0.728565,0.728565,0.728565,0.728565,0.728565,0.728565,0.728565,0.728565,0.728565,0.728565,0.728565,0.728565,0.728565
272.545,0.739547,0.739547,0.739547,0.739547,0.739547,0.739547,0.739547,0.739547,0.739547,0.739547,0.739547,0.739547,0.739547,0.739547,0.739547,0.739547
274.549,0.750529,0.750529,0.750529,0.750529,0.750529,0.750529,0.750529,0.750529,0.750529,0.750529,0.750529,0.750529,0.750529,0.750529,0.750529,0.750529
276.553,0.761511,0.761511,0.761511,0.761511,0.761511,0.761511,0.761511,0.761511,0.761511,0.761511,0.761511,0.761511,0.761511,0.761511,0.761511,0.761511
278.557,0.772493,0.772493,0.772493,0.772493,0.772493,0.772493,0.772493,0.772493,0.772493,0.772493,0.772493,0.772493,0.772493,0.772493,0.772493,0.772493
280.561,0.783475,0.783475,0.783475,0.783475,0.783475,0.783475,0.783475,0.783475,0.783475,0.783475,0.783475,0.783475,0.783475,0.783475,0.783475,0.783475
282.565,0.794457,0.794457,0.794457,0.794457,0.794457,0.794457,0.794457,0.794457,0.794457,0.794457,0.794457,0.794457,0.794457,0.794457,0.794457,0.794457
284.569,0.805439,0.805439,0.805439,0.805439,0.805439,0.805439,0.805439,0.805439,0.805439,0.805439,0.805439,0.805439,0.805439,0.805439,0.805439,0.805439
286.573,0.816421,0.816421,0.816421,0.816421,0.816421,0.816421,0.816421,0.816421,0.816421,0.816421,0.816421,0.816421,0.816421,0.816421,0.816421,0.816421
288.577,0.827403,0.827403,0.827403,0.827403,0.827403,0.827403,0.827403,0.827403,0.827403,0.827403,0.827403,0.827403,0.827403,0.827403,0.827403,0.827403
290.581,0.838385,0.838385,0.838385,0.838385,0.838385,0.838385,0.838385,0.838385,0.838385,0.838385,0.838385,0.838385,0.838385,0.838385,0.838385,0.838385
292.585,0.849367,0.849367,0.849367,0.849367,0.849367,0.849367,0.849367,0.849367,0.849367,0.849367,0.849367,0.849367,0.849367,0.849367,0.849367,0.849367
294.589,0.860349,0.860349,0.860349,0.860349,0.860349,0.860349,0.860349,0.860349,0.860349,0.860349,0.860349,0.860349,0.860349,0.860349,0.860349,0.860349
296.593,0.871331,0.871331,0.871331,0.871331,0.871331,0.871331,0.871331,0.871331,0.871331,0.871331,0.871331,0.871331,0.871331,0.871331,0.871331,0.871331
298.597,0.882313,0.882313,0.882313,0.882313,0.882313,0.882313,0.882313,0.882313,0.882313,0.882313,0.882313,0.882313,0.882313,0.882313,0.882313,0.882313
300.601,0.889447,0.889447,0.889447,0.889447,0.889447,0.889447,0.889447,0.889447,0.889447,0.889447,0.889447,0.889447,0.889447,0.889447,0.889447,0.889447
302.605,0.887603,0.887603,0.887603,0.887603,0.887603,0.887603,0.887603,0.887603,0.887603,0.887603,0.887603,0.887603,0.887603,0.887603,0.887603,0.887603
304.609,0.88576,0.88576,0.88576,0.88576,0.88576,0.88576,0.88576,0.88576,0.88576,0.88576,0.88576,0.88576,0.88576,0.88576,0.88576,0.88576
306.613,0.883916,0.883916,0.883916,0.883916,0.883916,0.883916,0.883916,0.883916,0.883916,0.883916,0.883916,0.883916,0.883916,0.883916,0.883916,0.883916
308.617,0.882072,0.882072,0.882072,0.882072,0.882072,0.882072,0.882072,0.882072,0.882072,0.882072,0.882072,0.882072,0.882072,0.882072,0.882072,0.882072
310.621,0.880228,0.880228,0.880228,0.880228,0.880228,0.880228,0.880228,0.880228,0.880228,0.880228,0.880228,0.880228,0.880228,0.880228,0.880228,0.880228
312.625,0.878385,0.878385,0.878385,0.878385,0.878385,0.878385,0.878385,0.878385,0.878385,0.878385,0.878385,0.878385,0.878385,0.878385,0.878385,0.878385
314.629,0.876541,0.876541,0.876541,0.876541,0.876541,0.876541,0.876541,0.876541,0.876541,0.876541,0.876541,0.876541,0.876541,0.876541,0.876541,0.876541
316.633,0.874697,0.874697,0.874697,0.874697,0.874697,0.874697,0.874697,0.874697,0.874697,0.874697,0.874697,0.874697,0.874697,0.874697,0.874697,0.874697
318.637,0.872854,0.872854,0.872854,0.872854,0.872854,0.872854,0.872854,0.872854,0.872854,0.872854,0.872854,0.872854,0.872854,0.872854,0.872854,0.872854
320.641,0.87101,0.87101,0.87101,0.87101,0.87101,0.87101,0.87101,0.87101,0.87101,0.87101,0.87101,0.87101,0.87101,0.87101,0.87101,0.87101
322.645,0.869166,0.869166,0.869166,0.869166,0.869166,0.869166,0.869166,0.869166,0.869166,0.869166,0.869166,0.869166,0.869166,0.869166,0.869166,0.869166
324.649,0.867323,0.867323,0.867323,0.867323,0.867323,0.867323,0.867323,0.867323,0.867323,0.867323,0.867323,0.867323,0.867323,0.867323,0.867323,0.867323
326.653,0.865479,0.865479,0.865479,0.865479,0.865479,0.865479,0.865479,0.865479,0.865479,0.865479,0.865479,0.865479,0.865479,0.865479,0.865479,0.865479
328.657,0.863635,0.863635,0.863635,0.863635,0.863635,0.863635,0.863635,0.863635,0.863635,0.863635,0.863635,0.863635,0.863635,0.863635,0.863635,0.863635
330.661,0.861792,0.861792,0.861792,0.861792,0.861792,0.861792,0.861792,0.861792,0.861792,0.861792,0.861792,0.861792,0.861792,0.861792,0.861792,0.861792
332.665,0.859948,0.859948,0.859948,0.859948,0.859948,0.859948,0.859948,0.859948,0.859948,0.859948,0.859948,0.859948,0.859948,0.859948,0.859948,0.859948
334.669,0.858104,0.858104,0.858104,0.858104,0.858104,0.858104,0.858104,0.858104,0.858104,0.858104,0.858104,0.858104,0.858104,0.858104,0.858104,0.858104
336.673,0.856261,0.856261,0.856261,0.856261,0.856261,0.856261,0.856261,0.856261,0.856261,0.856261,0.856261,0.856261,0.856261,0.856261,0.856261,0.856261
338.677,0.854417,0.854417,0.854417,0.854417,0.854417,0.854417,0.854417,0.854417,0.854417,0.854417,0.854417,0.854417,0.854417,0.854417,0.854417,0.854417
340.681,0.852573,0.852573,0.852573,0.852573,0.852573,0.852573,0.852573,0.852573,0.852573,0.852573,0.852573,0.852573,0.852573,0.852573,0.852573,0.852573
342.685,0.850729,0.850729,0.850729,0.850729,0.850729,0.850729,0.850729,0.850729,0.850729,0.850729,0.850729,0.850729,0.850729,0.850729,0.850729,0.850729
344.689,0.848886,0.848886,0.848886,0.848886,0.848886,0.848886,0.848886,0.848886,0.848886,0.848886,0.848886,0.848886,0.848886,0.848886,0.848886,0.848886
346.693,0.847042,0.847042,0.847042,0.847042,0.847042,0.847042,0.847042,0.847042,0.847042,0.847042,0.847042,0.847042,0.847042,0.847042,0.847042,0.847042
348.697,0.845198,0.845198,0.845198,0.845198,0.845198,0.845198,0.845198,0.845198,0.845198,0.845198,0.845198,0.845198,0.845198,0.845198,0.845198,0.845198
350.701,0.841124,0.841124,0.841124,0.841124,0.841124,0.841124,0.841124,0.841124,0.841124,0.841124,0.841124,0.841124,0.841124,0.841124,0.841124,0.841124
352.705,0.832908,0.832908,0.832908,0.832908,0.832908,0.832908,0.832908,0.832908,0.832908,0.832908,0.832908,0.832908,0.832908,0.832908,0.832908,0.832908
354.709,0.824691,0.824691,0.824691,0.824691,0.824691,0.824691,0.824691,0.824691,0.824691,0.824691,0.824691,0.824691,0.824691,0.824691,0.824691,0.824691
356.713,0.816475,0.816475,0.816475,0.816475,0.816475,0.816475,0.816475,0.816475,0.816475,0.816475,0.816475,0.816475,0.816475,0.816475,0.816475,0.816475
358.717,0.808259,0.808259,0.808259,0.808259,0.808259,0.808259,0.808259,0.808259,0.808259,0.808259,0.808259,0.808259,0.808259,0.808259,0.808259,0.808259
360.721,0.800042,0.800042,0.800042,0.800042,0.800042,0.800042,0.800042,0.800042,0.800042,0.800042,0.800042,0.800042,0.800042,0.800042,0.800042,0.800042
362.725,0.791826,0.791826,0.791826,0.791826,0.791826,0.791826,0.791826,0.791826,0.791826,0.791826,0.791826,0.791826,0.791826,0.791826,0.791826,0.791826
364.729,0.783609,0.783609,0.783609,0.783609,0.783609,0.783609,0.783609,0.783609,0.783609,0.783609,0.783609,0.783609,0.783609,0.783609,0.783609,0.783609
366.733,0.775393,0.775393,0.775393,0.775393,0.775393,0.775393,0.775393,0.775393,0.775393,0.775393,0.775393,0.775393,0.775393,0.775393,0.775393,0.775393
368.737,0.767176,0.767176,0.767176,0.767176,0.767176,0.767176,0.767176,0.767176,0.767176,0.767176,0.767176,0.767176,0.767176,0.767176,0.767176,0.767176
370.741,0.75896,0.75896,0.75896,0.75896,0.75896,0.75896,0.75896,0.75896,0.75896,0.75896,0.75896,0.75896,0.75896,0.75896,0.75896,0.75896
372.745,0.750743,0.750743,0.750743,0.750743,0.750743,0.750743,0.750743,0.750743,0.750743,0.750743,0.750743,0.750743,0.750743,0.750743,0.750743,0.750743
374.749,0.742527,0.742527,0.742527,0.742527,0.742527,0.742527,0.742527,0.742527,0.742527,0.742527,0.742527,0.742527,0.742527,0.742527,0.742527,0.742527
376.754,0.734311,0.734311,0.734311,0.734311,0.734311,0.734311,0.734311,0.734311,0.734311,0.734311,0.734311,0.734311,0.734311,0.734311,0.734311,0.734311
378.758,0.726094,0.726094,0.726094,0.726094,0.726094,0.726094,0.726094,0.726094,0.726094,0.726094,0.726094,0.726094,0.726094,0.726094,0.726094,0.726094
380.762,0.717878,0.717878,0.717878,0.717878,0.717878,0.717878,0.717878,0.717878,0.717878,0.717878,0.717878,0.717878,0.717878,0.717878,0.717878,0.717878
382.766,0.709661,0.709661,0.709661,0.709661,0.709661,0.709661,0.709661,0.709661,0.709661,0.709661,0.709661,0.709661,0.709661,0.709661,0.709661,0.709661
384.77,0.701445,0.701445,0.701445,0.701445,0.701445,0.701445,0.701445,0.701445,0.701445,0.701445,0.701445,0.701445,0.701445,0.701445,0.701445,0.701445
386.774,0.693228,0.693228,0.693228,0.693228,0.693228,0.693228,0.693228,0.693228,0.693228,0.693228,0.693228,0.693228,0.693228,0.693228,0.693228,0.693228
388.778,0.685012,0.685012,0.685012,0.685012,0.685012,0.685012,0.685012,0.685012,0.685012,0.685012,0.685012,0.685012,0.685012,0.685012,0.685012,0.685012
390.782,0.676796,0.676796,0.676796,0.676796,0.676796,0.676796,0.676796,0.676796,0.676796,0.676796,0.676796,0.676796,0.676796,0.676796,0.676796,0.676796
392.786,0.668579,0.668579,0.668579,0.668579,0.668579,0.668579,0.668579,0.668579,0.668579,0.668579,0.668579,0.668579,0.668579,0.668579,0.668579,0.668579
394.79,0.660363,0.660363,0.660363,0.660363,0.660363,0.660363,0.660363,0.660363,0.660363,0.660363,0.660363,0.660363,0.660363,0.660363,0.660363,0.660363
396.794,0.652146,0.652146,0.652146,0.652146,0.652146,0.652146,0.652146,0.652146,0.652146,0.652146,0.652146,0.652146,0.652146,0.652146,0.652146,0.652146
398.798,0.64393,0.64393,0.64393,0.64393,0.64393,0.64393,0.64393,0.64393,0.64393,0.64393,0.64393,0.64393,0.64393,0.64393,0.64393,0.64393
400.802,0.787457,0.787457,0.787457,0.787457,0.787457,0.787457,0.787457,0.787457,0.787457,0.787457,0.787457,0.787457,0.787457,0.787457,0.787457,0.787457
402.806,1.1586,1.1586,1.1586,1.1586,1.1586,1.1586,1.1586,1.1586,1.1586,1.1586,1.1586,1.1586,1.1586,1.1586,1.1586,1.1586
404.81,1.52974,1.52974,1.52974,1.52974,1.52974,1.52974,1.52974,1.52974,1.52974,1.52974,1.52974,1.52974,1.52974,1.52974,1.52974,1.52974
406.814,1.90088,1.90088,1.90088,1.90088,1.90088,1.90088,1.90088,1.90088,1.90088,1.90088,1.90088,1.90088,1.90088,1.90088,1.90088,1.90088
408.818,2.27203,2.27203,2.27203,2.27203,2.27203,2.27203,2.27203,2.27203,2.27203,2.27203,2.27203,2.27203,2.27203,2.27203,2.27203,2.27203
410.822,2.64317,2.64317,2.64317,2.64317,2.64317,2.64317,2.64317,2.64317,2.64317,2.64317,2.64317,2.64317,2.64317,2.64317,2.64317,2.64317
412.826,3.01431,3.01431,3.01431,3.01431,3.01431,3.01431,3.01431,3.01431,3.01431,3.01431,3.01431,3.01431,3.01431,3.01431,3.01431,3.01431
414.83,3.38545,3.38545,3.38545,3.38545,3.38545,3.38545,3.38545,3.38545,3.38545,3.38545,3.38545,3.38545,3.38545,3.38545,3.38545,3.38545
416.834,3.7566,3.7566,3.7566,3.7566,3.7566,3.7566,3.7566,3.7566,3.7566,3.7566,3.7566,3.7566,3.7566,3.7566,3.7566,3.7566
418.838,4.12774,4.12774,4.12774,4.12774,4.12774,4.12774,4.12774,4.12774,4.12774,4.12774,4.12774,4.12774,4.12774,4.12774,4.12774,4.12774
420.842,4.49888,4.49888,4.49888,4.49888,4.49888,4.49888,4.49888,4.49888,4.49888,4.49888,4.49888,4.49888,4.49888,4.49888,4.49888,4.49888
422.846,4.87002,4.87002,4.87002,4.87002,4.87002,4.87002,4.87002,4.87002,4.87002,4.87002,4.87002,4.87002,4.87002,4.87002,4.87002,4.87002
424.85,5.24116,5.24116,5.24116,5.24116,5.24116,5.24116,5.24116,5.24116,5.24116,5.24116,5.24116,5.24116,5.24116,5.24116,5.24116,5.24116
426.854,5.61231,5.61231,5.61231,5.61231,5.61231,5.61231,5.61231,5.61231,5.61231,5.61231,5.61231,5.61231,5.61231,5.61231,5.61231,5.61231
428.858,5.98345,5.98345,5.98345,5.98345,5.98345,5.98345,5.98345,5.98345,5.98345,5.98345,5.98345,5.98345,5.98345,5.98345,5.98345,5.98345
430.862,6.35459,6.35459,6.35459,6.35459,6.35459,6.35459,6.35459,6.35459,6.35459,6.35459,6.35459,6.35459,6.35459,6.35459,6.35459,6.35459
432.866,6.72573,6.72573,6.72573,6.72573,6.72573,6.72573,6.72573,6.72573,6.72573,6.72573,6.72573,6.72573,6.72573,6.72573,6.72573,6.72573
434.87,7.09688,7.09688,7.09688,7.09688,7.09688,7.09688,7.09688,7.09688,7.09688,7.09688,7.09688,7.09688,7.09688,7.09688,7.09688,7.09688
436.874,7.46802,7.46802,7.46802,7.46802,7.46802,7.46802,7.46802,7.46802,7.46802,7.46802,7.46802,7.46802,7.46802,7.46802,7.46802,7.46802
438.878,7.83916,7.83916,7.83916,7.83916,7.83916,7.83916,7.83916,7.83916,7.83916,7.83916,7.83916,7.83916,7.83916,7.83916,7.83916,7.83916
440.882,8.2103,8.2103,8.2103,8.2103,8.2103,8.2103,8.2103,8.2103,8.2103,8.2103,8.2103,8.2103,8.2103,8.2103,8.2103,8.2103
442.886,8.58144,8.58144,8.58144,8.58144,8.58144,8.58144,8.58144,8.58144,8.58144,8.58144,8.58144,8.58144,8.58144,8.58144,8.58144,8.58144
444.89,8.95259,8.95259,8.95259,8.95259,8.95259,8.95259,8.95259,8.95259,8.95259,8.95259,8.95259,8.95259,8.95259,8.95259,8.95259,8.95259
446.894,9.32373,9.32373,9.32373,9.32373,9.32373,9.32373,9.32373,9.32373,9.32373,9.32373,9.32373,9.32373,9.32373,9.32373,9.32373,9.32373
448.898,9.69487,9.69487,9.69487,9.69487,9.69487,9.69487,9.69487,9.69487,9.69487,9.69487,9.69487,9.69487,9.69487,9.69487,9.69487,9.69487
450.902,9.73319,9.73319,9.73319,9.73319,9.73319,9.73319,9.73319,9.73319,9.73319,9.73319,9.73319,9.73319,9.73319,9.73319,9.73319,9.73319
452.906,9.36474,9.36474,9.36474,9.36474,9.36474,9.36474,9.36474,9.36474,9.36474,9.36474,9.36474,9.36474,9.36474,9.36474,9.36474,9.36474
454.91,8.99628,8.99628,8.99628,8.99628,8.99628,8.99628,8.99628,8.99628,8.99628,8.99628,8.99628,8.99628,8.99628,8.99628,8.99628,8.99628
456.914,8.62782,8.62782,8.62782,8.62782,8.62782,8.62782,8.62782,8.62782,8.62782,8.62782,8.62782,8.62782,8.62782,8.62782,8.62782,8.62782
458.918,8.25937,8.25937,8.25937,8.25937,8.25937,8.25937,8.25937,8.25937,8.25937,8.25937,8.25937,8.25937,8.25937,8.25937,8.25937,8.25937
460.922,7.89091,7.89091,7.89091,7.89091,7.89091,7.89091,7.89091,7.89091,7.89091,7.89091,7.89091,7.89091,7.89091,7.89091,7.89091,7.89091
462.926,7.52245,7.52245,7.52245,7.52245,7.52245,7.52245,7.52245,7.52245,7.52245,7.52245,7.52245,7.52245,7.52245,7.52245,7.52245,7.52245
464.93,7.154,7.154,7.154,7.154,7.154,7.154,7.154,7.154,7.154,7.154,7.154,7.154,7.154,7.154,7.154,7.154
466.934,6.78554,6.78554,6.78554,6.78554,6.78554,6.78554,6.78554,6.78554,6.78554,6.78554,6.78554,6.78554,6.78554,6.78554,6.78554,6.78554
468.938,6.41708,6.41708,6.41708,6.41708,6.41708,6.41708,6.41708,6.41708,6.41708,6.41708,6.41708,6.41708,6.41708,6.41708,6.41708,6.41708
470.942,6.04863,6.04863,6.04863,6.04863,6.04863,6.04863,6.04863,6.04863,6.04863,6.04863,6.04863,6.04863,6.04863,6.04863,6.04863,6.04863
472.946,5.68017,5.68017,5.68017,5.68017,5.68017,5.68017,5.68017,5.68017,5.68017,5.68017,5.68017,5.68017,5.68017,5.68017,5.68017,5.68017
474.95,5.31171,5.31171,5.31171,5.31171,5.31171,5.31171,5.31171,5.31171,5.31171,5.31171,5.31171,5.31171,5.31171,5.31171,5.31171,5.31171
476.954,4.94325,4.94325,4.94325,4.94325,4.94325,4.94325,4.94325,4.94325,4.94325,4.94325,4.94325,4.94325,4.94325,4.94325,4.94325,4.94325
478.958,4.5748,4.5748,4.5748,4.5748,4.5748,4.5748,4.5748,4.5748,4.5748,4.5748,4.5748,4.5748,4.5748,4.5748,4.5748,4.5748
480.962,4.20634,4.20634,4.20634,4.20634,4.20634,4.20634,4.20634,4.20634,4.20634,4.20634,4.20634,4.20634,4.20634,4.20634,4.20634,4.20634
482.966,3.83788,3.83788,3.83788,3.83788,3.83788,3.83788,3.83788,3.83788,3.83788,3.83788,3.83788,3.83788,3.83788,3.83788,3.83788,3.83788
484.97,3.46943,3.46943,3.46943,3.46943,3.46943,3.46943,3.46943,3.46943,3.46943,3.46943,3.46943,3.46943,3.46943,3.46943,3.46943,3.46943
486.974,3.10097,3.10097,3.10097,3.10097,3.10097,3.10097,3.10097,3.10097,3.10097,3.10097,3.10097,3.10097,3.10097,3.10097,3.10097,3.10097
488.978,2.73251,2.73251,2.73251,2.73251,2.73251,2.73251,2.73251,2.73251,2.73251,2.73251,2.73251,2.73251,2.73251,2.73251,2.73251,2.73251
490.982,2.36406,2.36406,2.36406,2.36406,2.36406,2.36406,2.36406,2.36406,2.36406,2.36406,2.36406,2.36406,2.36406,2.36406,2.36406,2.36406
492.986,1.9956,1.9956,1.9956,1.9956,1.9956,1.9956,1.9956,1.9956,1.9956,1.9956,1.9956,1.9956,1.9956,1.9956,1.9956,1.9956
494.99,1.62714,1.62714,1.62714,1.62714,1.62714,1.62714,1.62714,1.62714,1.62714,1.62714,1.62714,1.62714,1.62714,1.62714,1.62714,1.62714
496.994,1.25869,1.25869,1.25869,1.25869,1.25869,1.25869,1.25869,1.25869,1.25869,1.25869,1.25869,1.25869,1.25869,1.25869,1.25869,1.25869
498.998,0.890228,0.890228,0.890228,0.890228,0.890228,0.890228,0.890228,0.890228,0.890228,0.890228,0.890228,0.890228,0.890228,0.890228,0.890228,0.890228
501.002,0.707202,0.707202,0.707202,0.707202,0.707202,0.707202,0.707202,0.707202,0.707202,0.707202,0.707202,0.707202,0.707202,0.707202,0.707202,0.707202
503.006,0.709607,0.709607,0.709607,0.709607,0.709607,0.709607,0.709607,0.709607,0.709607,0.709607,0.709607,0.709607,0.709607,0.709607,0.709607,0.709607
505.01,0.712012,0.712012,0.712012,0.712012,0.712012,0.712012,0.712012,0.712012,0.712012,0.712012,0.712012,0.712012,0.712012,0.712012,0.712012,0.712012
507.014,0.714417,0.714417,0.714417,0.714417,0.714417,0.714417,0.714417,0.714417,0.714417,0.714417,0.714417,0.714417,0.714417,0.714417,0.714417,0.714417
509.018,0.716822,0.716822,0.716822,0.716822,0.716822,0.716822,0.716822,0.716822,0.716822,0.716822,0.716822,0.716822,0.716822,0.716822,0.716822,0.716822
511.022,0.719226,0.719226,0.719226,0.719226,0.719226,0.719226,0.719226,0.719226,0.719226,0.719226,0.719226,0.719226,0.719226,0.719226,0.719226,0.719226
513.026,0.721631,0.721631,0.721631,0.721631,0.721631,0.721631,0.721631,0.721631,0.721631,0.721631,0.721631,0.721631,0.721631,0.721631,0.721631,0.721631
515.03,0.724036,0.724036,0.724036,0.724036,0.724036,0.724036,0.724036,0.724036,0.724036,0.724036,0.724036,0.724036,0.724036,0.724036,0.724036,0.724036
517.034,0.726441,0.726441,0.726441,0.726441,0.726441,0.726441,0.726441,0.726441,0.726441,0.726441,0.726441,0.726441,0.726441,0.726441,0.726441,0.726441
519.038,0.728846,0.728846,0.728846,0.728846,0.728846,0.728846,0.728846,0.728846,0.728846,0.728846,0.728846,0.728846,0.728846,0.728846,0.728846,0.728846
521.042,0.731251,0.731251,0.731251,0.731251,0.731251,0.731251,0.731251,0.731251,0.731251,0.731251,0.731251,0.731251,0.731251,0.731251,0.731251,0.731251
523.046,0.733655,0.733655,0.733655,0.733655,0.733655,0.733655,0.733655,0.733655,0.733655,0.733655,0.733655,0.733655,0.733655,0.733655,0.733655,0.733655
525.05,0.73606,0.73606,0.73606,0.73606,0.73606,0.73606,0.73606,0.73606,0.73606,0.73606,0.73606,0.73606,0.73606,0.73606,0.73606,0.73606
527.054,0.738465,0.738465,0.738465,0.738465,0.738465,0.738465,0.738465,0.738465,0.738465,0.738465,0.738465,0.738465,0.738465,0.738465,0.738465,0.738465
529.058,0.74087,0.74087,0.74087,0.74087,0.74087,0.74087,0.74087,0.74087,0.74087,0.74087,0.74087,0.74087,0.74087,0.74087,0.74087,0.74087
531.062,0.743275,0.743275,0.743275,0.743275,0.743275,0.743275,0.743275,0.743275,0.743275,0.743275,0.743275,0.743275,0.743275,0.743275,0.743275,0.743275
533.066,0.745679,0.745679,0.745679,0.745679,0.745679,0.745679,0.745679,0.745679,0.745679,0.745679,0.745679,0.745679,0.745679,0.745679,0.745679,0.745679
535.07,0.748084,0.748084,0.748084,0.748084,0.748084,0.748084,0.748084,0.748084,0.748084,0.748084,0.748084,0.748084,0.748084,0.748084,0.748084,0.748084
537.074,0.750489,0.750489,0.750489,0.750489,0.750489,0.750489,0.750489,0.750489,0.750489,0.750489,0.750489,0.750489,0.750489,0.750489,0.750489,0.750489
539.078,0.752894,0.752894,0.752894,0.752894,0.752894,0.752894,0.752894,0.752894,0.752894,0.752894,0.752894,0.752894,0.752894,0.752894,0.752894,0.752894
541.082,0.755299,0.755299,0.755299,0.755299,0.755299,0.755299,0.755299,0.755299,0.755299,0.755299,0.755299,0.755299,0.755299,0.755299,0.755299,0.755299
543.086,0.757703,0.757703,0.757703,0.757703,0.757703,0.757703,0.757703,0.757703,0.757703,0.757703,0.757703,0.757703,0.757703,0.757703,0.757703,0.757703
545.09,0.760108,0.760108,0.760108,0.760108,0.760108,0.760108,0.760108,0.760108,0.760108,0.760108,0.760108,0.760108,0.760108,0.760108,0.760108,0.760108
547.094,0.762513,0.762513,0.762513,0.762513,0.762513,0.762513,0.762513,0.762513,0.762513,0.762513,0.762513,0.762513,0.762513,0.762513,0.762513,0.762513
549.098,0.764918,0.764918,0.764918,0.764918,0.764918,0.764918,0.764918,0.764918,0.764918,0.764918,0.764918,0.764918,0.764918,0.764918,0.764918,0.764918
551.102,0.76805,0.76805,0.76805,0.76805,0.76805,0.76805,0.76805,0.76805,0.76805,0.76805,0.76805,0.76805,0.76805,0.76805,0.76805,0.76805
553.106,0.771778,0.771778,0.771778,0.771778,0.771778,0.771778,0.771778,0.771778,0.771778,0.771778,0.771778,0.771778,0.771778,0.771778,0.771778,0.771778
555.11,0.775505,0.775505,0.775505,0.775505,0.775505,0.775505,0.775505,0.775505,0.775505,0.775505,0.775505,0.775505,0.775505,0.775505,0.775505,0.775505
557.114,0.779232,0.779232,0.779232,0.779232,0.779232,0.779232,0.779232,0.779232,0.779232,0.779232,0.779232,0.779232,0.779232,0.779232,0.779232,0.779232
559.118,0.78296,0.78296,0.78296,0.78296,0.78296,0.78296,0.78296,0.78296,0.78296,0.78296,0.78296,0.78296,0.78296,0.78296,0.78296,0.78296
561.122,0.786687,0.786687,0.786687,0.786687,0.786687,0.786687,0.786687,0.786687,0.786687,0.786687,0.786687,0.786687,0.786687,0.786687,0.786687,0.786687
563.126,0.790415,0.790415,0.790415,0.790415,0.790415,0.790415,0.790415,0.790415,0.790415,0.790415,0.790415,0.790415,0.790415,0.790415,0.790415,0.790415
565.13,0.794142,0.794142,0.794142,0.794142,0.794142,0.794142,0.794142,0.794142,0.794142,0.794142,0.794142,0.794142,0.794142,0.794142,0.794142,0.794142
567.134,0.79787,0.79787,0.79787,0.79787,0.79787,0.79787,0.79787,0.79787,0.79787,0.79787,0.79787,0.79787,0.79787,0.79787,0.79787,0.79787
569.138,0.801597,0.801597,0.801597,0.801597,0.801597,0.801597,0.801597,0.801597,0.801597,0.801597,0.801597,0.801597,0.801597,0.801597,0.801597,0.801597
571.142,0.805325,0.805325,0.805325,0.805325,0.805325,0.805325,0.805325,0.805325,0.805325,0.805325,0.805325,0.805325,0.805325,0.805325,0.805325,0.805325
573.146,0.809052,0.809052,0.809052,0.809052,0.809052,0.809052,0.809052,0.809052,0.809052,0.809052,0.809052,0.809052,0.809052,0.809052,0.809052,0.809052
575.15,0.81278,0.81278,0.81278,0.81278,0.81278,0.81278,0.81278,0.81278,0.81278,0.81278,0.81278,0.81278,0.81278,0.81278,0.81278,0.81278
577.154,0.816507,0.816507,0.816507,0.816507,0.816507,0.816507,0.816507,0.816507,0.816507,0.816507,0.816507,0.816507,0.816507,0.816507,0.816507,0.816507
579.158,0.820234,0.820234,0.820234,0.820234,0.820234,0.820234,0.820234,0.820234,0.820234,0.820234,0.820234,0.820234,0.820234,0.820234,0.820234,0.820234
581.162,0.823962,0.823962,0.823962,0.823962,0.823962,0.823962,0.823962,0.823962,0.823962,0.823962,0.823962,0.823962,0.823962,0.823962,0.823962,0.823962
583.166,0.827689,0.827689,0.827689,0.827689,0.827689,0.827689,0.827689,0.827689,0.827689,0.827689,0.827689,0.827689,0.827689,0.827689,0.827689,0.827689
585.17,0.831417,0.831417,0.831417,0.831417,0.831417,0.831417,0.831417,0.831417,0.831417,0.831417,0.831417,0.831417,0.831417,0.831417,0.831417,0.831417
587.174,0.835144,0.835144,0.835144,0.835144,0.835144,0.835144,0.835144,0.835144,0.835144,0.835144,0.835144,0.835144,0.835144,0.835144,0.835144,0.835144
589.178,0.838872,0.838872,0.838872,0.838872,0.838872,0.838872,0.838872,0.838872,0.838872,0.838872,0.838872,0.838872,0.838872,0.838872,0.838872,0.838872
591.182,0.842599,0.842599,0.842599,0.842599,0.842599,0.842599,0.842599,0.842599,0.842599,0.842599,0.842599,0.842599,0.842599,0.842599,0.842599,0.842599
593.186,0.846327,0.846327,0.846327,0.846327,0.846327,0.846327,0.846327,0.846327,0.846327,0.846327,0.846327,0.846327,0.846327,0.846327,0.846327,0.846327
595.19,0.850054,0.850054,0.850054,0.850054,0.850054,0.850054,0.850054,0.850054,0.850054,0.850054,0.850054,0.850054,0.850054,0.850054,0.850054,0.850054
597.194,0.853782,0.853782,0.853782,0.853782,0.853782,0.853782,0.853782,0.853782,0.853782,0.853782,0.853782,0.853782,0.853782,0.853782,0.853782,0.853782
599.198,0.857509,0.857509,0.857509,0.857509,0.857509,0.857509,0.857509,0.857509,0.857509,0.857509,0.857509,0.857509,0.857509,0.857509,0.857509,0.857509
601.202,0.860082,0.860082,0.860082,0.860082,0.860082,0.860082,0.860082,0.860082,0.860082,0.860082,0.860082,0.860082,0.860082,0.860082,0.860082,0.860082
603.206,0.861886,0.861886,0.861886,0.861886,0.861886,0.861886,0.861886,0.861886,0.861886,0.861886,0.861886,0.861886,0.861886,0.861886,0.861886,0.861886
605.21,0.863689,0.863689,0.863689,0.863689,0.863689,0.863689,0.863689,0.863689,0.863689,0.863689,0.863689,0.863689,0.863689,0.863689,0.863689,0.863689
607.214,0.865493,0.865493,0.865493,0.865493,0.865493,0.865493,0.865493,0.865493,0.865493,0.865493,0.865493,0.865493,0.865493,0.865493,0.865493,0.865493
609.218,0.867297,0.867297,0.867297,0.867297,0.867297,0.867297,0.867297,0.867297,0.867297,0.867297,0.867297,0.867297,0.867297,0.867297,0.867297,0.867297
611.222,0.8691,0.8691,0.8691,0.8691,0.8691,0.8691,0.8691,0.8691,0.8691,0.8691,0.8691,0.8691,0.8691,0.8691,0.8691,0.8691
613.226,0.870904,0.870904,0.870904,0.870904,0.870904,0.870904,0.870904,0.870904,0.870904,0.870904,0.870904,0.870904,0.870904,0.870904,0.870904,0.870904
615.23,0.872707,0.872707,0.872707,0.872707,0.872707,0.872707,0.872707,0.872707,0.872707,0.872707,0.872707,0.872707,0.872707,0.872707,0.872707,0.872707
617.234,0.874511,0.874511,0.874511,0.874511,0.874511,0.874511,0.874511,0.874511,0.874511,0.874511,0.874511,0.874511,0.874511,0.874511,0.874511,0.874511
619.238,0.876315,0.876315,0.876315,0.876315,0.876315,0.876315,0.876315,0.876315,0.876315,0.876315,0.876315,0.876315,0.876315,0.876315,0.876315,0.876315
621.242,0.878118,0.878118,0.878118,0.878118,0.878118,0.878118,0.878118,0.878118,0.878118,0.878118,0.878118,0.878118,0.878118,0.878118,0.878118,0.878118
623.246,0.879922,0.879922,0.879922,0.879922,0.879922,0.879922,0.879922,0.879922,0.879922,0.879922,0.879922,0.879922,0.879922,0.879922,0.879922,0.879922
625.251,0.881725,0.881725,0.881725,0.881725,0.881725,0.881725,0.881725,0.881725,0.881725,0.881725,0.881725,0.881725,0.881725,0.881725,0.881725,0.881725
627.255,0.883529,0.883529,0.883529,0.883529,0.883529,0.883529,0.883529,0.883529,0.883529,0.883529,0.883529,0.883529,0.883529,0.883529,0.883529,0.883529
629.259,0.885333,0.885333,0.885333,0.885333,0.885333,0.885333,0.885333,0.885333,0.885333,0.885333,0.885333,0.885333,0.885333,0.885333,0.885333,0.885333
631.263,0.887136,0.887136,0.887136,0.887136,0.887136,0.887136,0.887136,0.887136,0.887136,0.887136,0.887136,0.887136,0.887136,0.887136,0.887136,0.887136
633.267,0.88894,0.88894,0.88894,0.88894,0.88894,0.88894,0.88894,0.88894,0.88894,0.88894,0.88894,0.88894,0.88894,0.88894,0.88894,0.88894
635.271,0.890743,0.890743,0.890743,0.890743,0.890743,0.890743,0.890743,0.890743,0.890743,0.890743,0.890743,0.890743,0.890743,0.890743,0.890743,0.890743
637.275,0.892547,0.892547,0.892547,0.892547,0.892547,0.892547,0.892547,0.892547,0.892547,0.892547,0.892547,0.892547,0.892547,0.892547,0.892547,0.892547
639.279,0.894351,0.894351,0.894351,0.894351,0.894351,0.894351,0.894351,0.894351,0.894351,0.894351,0.894351,0.894351,0.894351,0.894351,0.894351,0.894351
641.283,0.896154,0.896154,0.896154,0.896154,0.896154,0.896154,0.896154,0.896154,0.896154,0.896154,0.896154,0.896154,0.896154,0.896154,0.896154,0.896154
643.287,0.897958,0.897958,0.897958,0.897958,0.897958,0.897958,0.897958,0.897958,0.897958,0.897958,0.897958,0.897958,0.897958,0.897958,0.897958,0.897958
645.291,0.899762,0.899762,0.899762,0.899762,0.899762,0.899762,0.899762,0.899762,0.899762,0.899762,0.899762,0.899762,0.899762,0.899762,0.899762,0.899762
647.295,0.901565,0.901565,0.901565,0.901565,0.901565,0.901565,0.901565,0.901565,0.901565,0.901565,0.901565,0.901565,0.901565,0.901565,0.901565,0.901565
649.299,0.903369,0.903369,0.903369,0.903369,0.903369,0.903369,0.903369,0.903369,0.903369,0.903369,0.903369,0.903369,0.903369,0.903369,0.903369,0.903369
651.303,0.901968,0.901968,0.901968,0.901968,0.901968,0.901968,0.901968,0.901968,0.901968,0.901968,0.901968,0.901968,0.901968,0.901968,0.901968,0.901968
653.307,0.898842,0.898842,0.898842,0.898842,0.898842,0.898842,0.898842,0.898842,0.898842,0.898842,0.898842,0.898842,0.898842,0.898842,0.898842,0.898842
655.311,0.895715,0.895715,0.895715,0.895715,0.895715,0.895715,0.895715,0.895715,0.895715,0.895715,0.895715,0.895715,0.895715,0.895715,0.895715,0.895715
657.315,0.892589,0.892589,0.892589,0.892589,0.892589,0.892589,0.892589,0.892589,0.892589,0.892589,0.892589,0.892589,0.892589,0.892589,0.892589,0.892589
659.319,0.889463,0.889463,0.889463,0.889463,0.889463,0.889463,0.889463,0.889463,0.889463,0.889463,0.889463,0.889463,0.889463,0.889463,0.889463,0.889463
661.323,0.886337,0.886337,0.886337,0.886337,0.886337,0.886337,0.886337,0.886337,0.886337,0.886337,0.886337,0.886337,0.886337,0.886337,0.886337,0.886337
663.327,0.88321,0.88321,0.88321,0.88321,0.88321,0.88321,0.88321,0.88321,0.88321,0.88321,0.88321,0.88321,0.88321,0.88321,0.88321,0.88321
665.331,0.880084,0.880084,0.880084,0.880084,0.880084,0.880084,0.880084,0.880084,0.880084,0.880084,0.880084,0.880084,0.880084,0.880084,0.880084,0.880084
667.335,0.876958,0.876958,0.876958,0.876958,0.876958,0.876958,0.876958,0.876958,0.876958,0.876958,0.876958,0.876958,0.876958,0.876958,0.876958,0.876958
669.339,0.873832,0.873832,0.873832,0.873832,0.873832,0.873832,0.873832,0.873832,0.873832,0.873832,0.873832,0.873832,0.873832,0.873832,0.873832,0.873832
671.343,0.870705,0.870705,0.870705,0.870705,0.870705,0.870705,0.870705,0.870705,0.870705,0.870705,0.870705,0.870705,0.870705,0.870705,0.870705,0.870705
673.347,0.867579,0.867579,0.867579,0.867579,0.867579,0.867579,0.867579,0.867579,0.867579,0.867579,0.867579,0.867579,0.867579,0.867579,0.867579,0.867579
675.351,0.864453,0.864453,0.864453,0.864453,0.864453,0.864453,0.864453,0.864453,0.864453,0.864453,0.864453,0.864453,0.864453,0.864453,0.864453,0.864453
677.355,0.861327,0.861327,0.861327,0.861327,0.861327,0.861327,0.861327,0.861327,0.861327,0.861327,0.861327,0.861327,0.861327,0.861327,0.861327,0.861327
679.359,0.8582,0.8582,0.8582,0.8582,0.8582,0.8582,0.8582,0.8582,0.8582,0.8582,0.8582,0.8582,0.8582,0.8582,0.8582,0.8582
681.363,0.855074,0.855074,0.855074,0.855074,0.855074,0.855074,0.855074,0.855074,0.855074,0.855074,0.855074,0.855074,0.855074,0.855074,0.855074,0.855074
683.367,0.851948,0.851948,0.851948,0.851948,0.851948,0.851948,0.851948,0.851948,0.851948,0.851948,0.851948,0.851948,0.851948,0.851948,0.851948,0.851948
685.371,0.848822,0.848822,0.848822,0.848822,0.848822,0.848822,0.848822,0.848822,0.848822,0.848822,0.848822,0.848822,0.848822,0.848822,0.848822,0.848822
687.375,0.845695,0.845695,0.845695,0.845695,0.845695,0.845695,0.845695,0.845695,0.845695,0.845695,0.845695,0.845695,0.845695,0.845695,0.845695,0.845695
689.379,0.842569,0.842569,0.842569,0.842569,0.842569,0.842569,0.842569,0.842569,0.842569,0.842569,0.842569,0.842569,0.842569,0.842569,0.842569,0.842569
691.383,0.839443,0.839443,0.839443,0.839443,0.839443,0.839443,0.839443,0.839443,0.839443,0.839443,0.839443,0.839443,0.839443,0.839443,0.839443,0.839443
693.387,0.836317,0.836317,0.836317,0.836317,0.836317,0.836317,0.836317,0.836317,0.836317,0.836317,0.836317,0.836317,0.836317,0.836317,0.836317,0.836317
695.391,0.83319,0.83319,0.83319,0.83319,0.83319,0.83319,0.83319,0.83319,0.83319,0.83319,0.83319,0.83319,0.83319,0.83319,0.83319,0.83319
697.395,0.830064,0.830064,0.830064,0.830064,0.830064,0.830064,0.830064,0.830064,0.830064,0.830064,0.830064,0.830064,0.830064,0.830064,0.830064,0.830064
699.399,0.826938,0.826938,0.826938,0.826938,0.826938,0.826938,0.826938,0.826938,0.826938,0.826938,0.826938,0.826938,0.826938,0.826938,0.826938,0.826938
701.403,0.827908,0.827908,0.827908,0.827908,0.827908,0.827908,0.827908,0.827908,0.827908,0.827908,0.827908,0.827908,0.827908,0.827908,0.827908,0.827908
703.407,0.830633,0.830633,0.830633,0.830633,0.830633,0.830633,0.830633,0.830633,0.830633,0.830633,0.830633,0.830633,0.830633,0.830633,0.830633,0.830633
705.411,0.833359,0.833359,0.833359,0.833359,0.833359,0.833359,0.833359,0.833359,0.833359,0.833359,0.833359,0.833359,0.833359,0.833359,0.833359,0.833359
707.415,0.836084,0.836084,0.836084,0.836084,0.836084,0.836084,0.836084,0.836084,0.836084,0.836084,0.836084,0.836084,0.836084,0.836084,0.836084,0.836084
709.419,0.83881,0.83881,0.83881,0.83881,0.83881,0.83881,0.83881,0.83881,0.83881,0.83881,0.83881,0.83881,0.83881,0.83881,0.83881,0.83881
711.423,0.841535,0.841535,0.841535,0.841535,0.841535,0.841535,0.841535,0.841535,0.841535,0.841535,0.841535,0.841535,0.841535,0.841535,0.841535,0.841535
713.427,0.844261,0.844261,0.844261,0.844261,0.844261,0.844261,0.844261,0.844261,0.844261,0.844261,0.844261,0.844261,0.844261,0.844261,0.844261,0.844261
715.431,0.846986,0.846986,0.846986,0.846986,0.846986,0.846986,0.846986,0.846986,0.846986,0.846986,0.846986,0.846986,0.846986,0.846986,0.846986,0.846986
717.435,0.849711,0.849711,0.849711,0.849711,0.849711,0.849711,0.849711,0.849711,0.849711,0.849711,0.849711,0.849711,0.849711,0.849711,0.849711,0.849711
719.439,0.852437,0.852437,0.852437,0.852437,0.852437,0.852437,0.852437,0.852437,0.852437,0.852437,0.852437,0.852437,0.852437,0.852437,0.852437,0.852437
721.443,0.855162,0.855162,0.855162,0.855162,0.855162,0.855162,0.855162,0.855162,0.855162,0.855162,0.855162,0.855162,0.855162,0.855162,0.855162,0.855162
723.447,0.857888,0.857888,0.857888,0.857888,0.857888,0.857888,0.857888,0.857888,0.857888,0.857888,0.857888,0.857888,0.857888,0.857888,0.857888,0.857888
725.451,0.860613,0.860613,0.860613,0.860613,0.860613,0.860613,0.860613,0.860613,0.860613,0.860613,0.860613,0.860613,0.860613,0.860613,0.860613,0.860613
727.455,0.863339,0.863339,0.863339,0.863339,0.863339,0.863339,0.863339,0.863339,0.863339,0.863339,0.863339,0.863339,0.863339,0.863339,0.863339,0.863339
729.459,0.866064,0.866064,0.866064,0.866064,0.866064,0.866064,0.866064,0.866064,0.866064,0.866064,0.866064,0.866064,0.866064,0.866064,0.866064,0.866064
731.463,0.86879,0.86879,0.86879,0.86879,0.86879,0.86879,0.86879,0.86879,0.86879,0.86879,0.86879,0.86879,0.86879,0.86879,0.86879,0.86879
733.467,0.871515,0.871515,0.871515,0.871515,0.871515,0.871515,0.871515,0.871515,0.871515,0.871515,0.871515,0.871515,0.871515,0.871515,0.871515,0.871515
735.471,0.87424,0.87424,0.87424,0.87424,0.87424,0.87424,0.87424,0.87424,0.87424,0.87424,0.87424,0.87424,0.87424,0.87424,0.87424,0.87424
737.475,0.876966,0.876966,0.876966,0.876966,0.876966,0.876966,0.876966,0.876966,0.876966,0.876966,0.876966,0.876966,0.876966,0.876966,0.876966,0.876966
739.479,0.879691,0.879691,0.879691,0.879691,0.879691,0.879691,0.879691,0.879691,0.879691,0.879691,0.879691,0.879691,0.879691,0.879691,0.879691,0.879691
741.483,0.882417,0.882417,0.882417,0.882417,0.882417,0.882417,0.882417,0.882417,0.882417,0.882417,0.882417,0.882417,0.882417,0.882417,0.882417,0.882417
743.487,0.885142,0.885142,0.885142,0.885142,0.885142,0.885142,0.885142,0.885142,0.885142,0.885142,0.885142,0.885142,0.885142,0.885142,0.885142,0.885142
745.491,0.887868,0.887868,0.887868,0.887868,0.887868,0.887868,0.887868,0.887868,0.887868,0.887868,0.887868,0.887868,0.887868,0.887868,0.887868,0.887868
747.495,0.890593,0.890593,0.890593,0.890593,0.890593,0.890593,0.890593,0.890593,0.890593,0.890593,0.890593,0.890593,0.890593,0.890593,0.890593,0.890593
749.499,0.893319,0.893319,0.893319,0.893319,0.893319,0.893319,0.893319,0.893319,0.893319,0.893319,0.893319,0.893319,0.893319,0.893319,0.893319,0.893319
751.503,0.908639,0.908639,0.908639,0.908639,0.908639,0.908639,0.908639,0.908639,0.908639,0.908639,0.908639,0.908639,0.908639,0.908639,0.908639,0.908639
753.507,0.928158,0.928158,0.928158,0.928158,0.928158,0.928158,0.928158,0.928158,0.928158,0.928158,0.928158,0.928158,0.928158,0.928158,0.928158,0.928158
755.511,0.947677,0.947677,0.947677,0.947677,0.947677,0.947677,0.947677,0.947677,0.947677,0.947677,0.947677,0.947677,0.947677,0.947677,0.947677,0.947677
757.515,0.967196,0.967196,0.967196,0.967196,0.967196,0.967196,0.967196,0.967196,0.967196,0.967196,0.967196,0.967196,0.967196,0.967196,0.967196,0.967196
759.519,0.986715,0.986715,0.986715,0.986715,0.986715,0.986715,0.986715,0.986715,0.986715,0.986715,0.986715,0.986715,0.986715,0.986715,0.986715,0.986715
761.523,1.00623,1.00623,1.00623,1.00623,1.00623,1.00623,1.00623,1.00623,1.00623,1.00623,1.00623,1.00623,1.00623,1.00623,1.00623,1.00623
763.527,1.02575,1.02575,1.02575,1.02575,1.02575,1.02575,1.02575,1.02575,1.02575,1.02575,1.02575,1.02575,1.02575,1.02575,1.02575,1.02575
765.531,1.04527,1.04527,1.04527,1.04527,1.04527,1.04527,1.04527,1.04527,1.04527,1.04527,1.04527,1.04527,1.04527,1.04527,1.04527,1.04527
767.535,1.06479,1.06479,1.06479,1.06479,1.06479,1.06479,1.06479,1.06479,1.06479,1.06479,1.06479,1.06479,1.06479,1.06479,1.06479,1.06479
769.539,1.08431,1.08431,1.08431,1.08431,1.08431,1.08431,1.08431,1.08431,1.08431,1.08431,1.08431,1.08431,1.08431,1.08431,1.08431,1.08431
771.543,1.10383,1.10383,1.10383,1.10383,1.10383,1.10383,1.10383,1.10383,1.10383,1.10383,1.10383,1.10383,1.10383,1.10383,1.10383,1.10383
773.547,1.12335,1.12335,1.12335,1.12335,1.12335,1.12335,1.12335,1.12335,1.12335,1.12335,1.12335,1.12335,1.12335,1.12335,1.12335,1.12335
775.551,1.14287,1.14287,1.14287,1.14287,1.14287,1.14287,1.14287,1.14287,1.14287,1.14287,1.14287,1.14287,1.14287,1.14287,1.14287,1.14287
777.555,1.16239,1.16239,1.16239,1.16239,1.16239,1.16239,1.16239,1.16239,1.16239,1.16239,1.16239,1.16239,1.16239,1.16239,1.16239,1.16239
779.559,1.18191,1.18191,1.18191,1.18191,1.18191,1.18191,1.18191,1.18191,1.18191,1.18191,1.18191,1.18191,1.18191,1.18191,1.18191,1.18191
781.563,1.20142,1.20142,1.20142,1.20142,1.20142,1.20142,1.20142,1.20142,1.20142,1.20142,1.20142,1.20142,1.20142,1.20142,1.20142,1.20142
783.567,1.22094,1.22094,1.22094,1.22094,1.22094,1.22094,1.22094,1.22094,1.22094,1.22094,1.22094,1.22094,1.22094,1.22094,1.22094,1.22094
785.571,1.24046,1.24046,1.24046,1.24046,1.24046,1.24046,1.24046,1.24046,1.24046,1.24046,1.24046,1.24046,1.24046,1.24046,1.24046,1.24046
787.575,1.25998,1.25998,1.25998,1.25998,1.25998,1.25998,1.25998,1.25998,1.25998,1.25998,1.25998,1.25998,1.25998,1.25998,1.25998,1.25998
789.579,1.2795,1.2795,1.2795,1.2795,1.2795,1.2795,1.2795,1.2795,1.2795,1.2795,1.2795,1.2795,1.2795,1.2795,1.2795,1.2795
791.583,1.29902,1.29902,1.29902,1.29902,1.29902,1.29902,1.29902,1.29902,1.29902,1.29902,1.29902,1.29902,1.29902,1.29902,1.29902,1.29902
793.587,1.31854,1.31854,1.31854,1.31854,1.31854,1.31854,1.31854,1.31854,1.31854,1.31854,1.31854,1.31854,1.31854,1.31854,1.31854,1.31854
795.591,1.33806,1.33806,1.33806,1.33806,1.33806,1.33806,1.33806,1.33806,1.33806,1.33806,1.33806,1.33806,1.33806,1.33806,1.33806,1.33806
797.595,1.35758,1.35758,1.35758,1.35758,1.35758,1.35758,1.35758,1.35758,1.35758,1.35758,1.35758,1.35758,1.35758,1.35758,1.35758,1.35758
799.599,1.3771,1.3771,1.3771,1.3771,1.3771,1.3771,1.3771,1.3771,1.3771,1.3771,1.3771,1.3771,1.3771,1.3771,1.3771,1.3771
801.603,1.71604,1.71604,1.71604,1.71604,1.71604,1.71604,1.71604,1.71604,1.71604,1.71604,1.71604,1.71604,1.71604,1.71604,1.71604,1.71604
803.607,2.13484,2.13484,2.13484,2.13484,2.13484,2.13484,2.13484,2.13484,2.13484,2.13484,2.13484,2.13484,2.13484,2.13484,2.13484,2.13484
805.611,2.55363,2.55363,2.55363,2.55363,2.55363,2.55363,2.55363,2.55363,2.55363,2.55363,2.55363,2.55363,2.55363,2.55363,2.55363,2.55363
807.615,2.97243,2.97243,2.97243,2.97243,2.97243,2.97243,2.97243,2.97243,2.97243,2.97243,2.97243,2.97243,2.97243,2.97243,2.97243,2.97243
809.619,3.39123,3.39123,3.39123,3.39123,3.39123,3.39123,3.39123,3.39123,3.39123,3.39123,3.39123,3.39123,3.39123,3.39123,3.39123,3.39123
811.623,3.81003,3.81003,3.81003,3.81003,3.81003,3.81003,3.81003,3.81003,3.81003,3.81003,3.81003,3.81003,3.81003,3.81003,3.81003,3.81003
813.627,4.22882,4.22882,4.22882,4.22882,4.22882,4.22882,4.22882,4.22882,4.22882,4.22882,4.22882,4.22882,4.22882,4.22882,4.22882,4.22882
815.631,4.64762,4.64762,4.64762,4.64762,4.64762,4.64762,4.64762,4.64762,4.64762,4.64762,4.64762,4.64762,4.64762,4.64762,4.64762,4.64762
817.635,5.06642,5.06642,5.06642,5.06642,5.06642,5.06642,5.06642,5.06642,5.06642,5.06642,5.06642,5.06642,5.06642,5.06642,5.06642,5.06642
819.639,5.48522,5.48522,5.48522,5.48522,5.48522,5.48522,5.48522,5.48522,5.48522,5.48522,5.48522,5.48522,5.48522,5.48522,5.48522,5.48522
821.643,5.90401,5.90401,5.90401,5.90401,5.90401,5.90401,5.90401,5.90401,5.90401,5.90401,5.90401,5.90401,5.90401,5.90401,5.90401,5.90401
823.647,6.32281,6.32281,6.32281,6.32281,6.32281,6.32281,6.32281,6.32281,6.32281,6.32281,6.32281,6.32281,6.32281,6.32281,6.32281,6.32281
825.651,6.74161,6.74161,6.74161,6.74161,6.74161,6.74161,6.74161,6.74161,6.74161,6.74161,6.74161,6.74161,6.74161,6.74161,6.74161,6.74161
827.655,7.16041,7.16041,7.16041,7.16041,7.16041,7.16041,7.16041,7.16041,7.16041,7.16041,7.16041,7.16041,7.16041,7.16041,7.16041,7.16041
829.659,7.5792,7.5792,7.5792,7.5792,7.5792,7.5792,7.5792,7.5792,7.5792,7.5792,7.5792,7.5792,7.5792,7.5792,7.5792,7.5792
831.663,7.998,7.998,7.998,7.998,7.998,7.998,7.998,7.998,7.998,7.998,7.998,7.998,7.998,7.998,7.998,7.998
833.667,8.4168,8.4168,8.4168,8.4168,8.4168,8.4168,8.4168,8.4168,8.4168,8.4168,8.4168,8.4168,8.4168,8.4168,8.4168,8.4168
835.671,8.8356,8.8356,8.8356,8.8356,8.8356,8.8356,8.8356,8.8356,8.8356,8.8356,8.8356,8.8356,8.8356,8.8356,8.8356,8.8356
837.675,9.25439,9.25439,9.25439,9.25439,9.25439,9.25439,9.25439,9.25439,9.25439,9.25439,9.25439,9.25439,9.25439,9.25439,9.25439,9.25439
839.679,9.67319,9.67319,9.67319,9.67319,9.67319,9.67319,9.67319,9.67319,9.67319,9.67319,9.67319,9.67319,9.67319,9.67319,9.67319,9.67319
841.683,10.092,10.092,10.092,10.092,10.092,10.092,10.092,10.092,10.092,10.092,10.092,10.092,10.092,10.092,10.092,10.092
843.687,10.5108,10.5108,10.5108,10.5108,10.5108,10.5108,10.5108,10.5108,10.5108,10.5108,10.5108,10.5108,10.5108,10.5108,10.5108,10.5108
845.691,10.9296,10.9296,10.9296,10.9296,10.9296,10.9296,10.9296,10.9296,10.9296,10.9296,10.9296,10.9296,10.9296,10.9296,10.9296,10.9296
847.695,11.3484,11.3484,11.3484,11.3484,11.3484,11.3484,11.3484,11.3484,11.3484,11.3484,11.3484,11.3484,11.3484,11.3484,11.3484,11.3484
849.699,11.7672,11.7672,11.7672,11.7672,11.7672,11.7672,11.7672,11.7672,11.7672,11.7672,11.7672,11.7672,11.7672,11.7672,11.7672,11.7672
851.703,1e+11,1e+11,1e+11,1e+11,1e+11,1e+11,1e+11,1e+11,1e+11,1e+11,1e+11,1e+11,1e+11,1e+11,1e+11,1e+11
853.707,1e+11,1e+11,1e+11,1e+11,1e+11,1e+11,1e+11,1e+11,1e+11,1e+11,1e+11,1e+11,1e+11,1e+11,1e+11,1e+11
855.711,1e+11,1e+11,1e+11,1e+11,1e+11,1e+11,1e+11,1e+11,1e+11,1e+11,1e+11,1e+11,1e+11,1e+11,1e+11,1e+11
857.715,1e+11,1e+11,1e+11,1e+11,1e+11,1e+11,1e+11,1e+11,1e+11,1e+11,1e+11,1e+11,1e+11,1e+11,1e+11,1e+11
859.719,1e+11,1e+11,1e+11,1e+11,1e+11,1e+11,1e+11,1e+11,1e+11,1e+11,1e+11,1e+11,1e+11,1e+11,1e+11,1e+11
861.723,1e+11,1e+11,1e+11,1e+11,1e+11,1e+11,1e+11,1e+11,1e+11,1e+11,1e+11,1e+11,1e+11,1e+11,1e+11,1e+11
863.727,1e+11,1e+11,1e+11,1e+11,1e+11,1e+11,1e+11,1e+11,1e+11,1e+11,1e+11,1e+11,1e+11,1e+11,1e+11,1e+11
865.731,1e+11,1e+11,1e+11,1e+11,1e+11,1e+11,1e+11,1e+11,1e+11,1e+11,1e+11,1e+11,1e+11,1e+11,1e+11,1e+11
867.735,1e+11,1e+11,1e+11,1e+11,1e+11,1e+11,1e+11,1e+11,1e+11,1e+11,1e+11,1e+11,1e+11,1e+11,1e+11,1e+11
869.739,1e+11,1e+11,1e+11,1e+11,1e+11,1e+11,1e+11,1e+11,1e+11,1e+11,1e+11,1e+11,1e+11,1e+11,1e+11,1e+11
871.743,1e+11,1e+11,1e+11,1e+11,1e+11,1e+11,1e+11,1e+11,1e+11,1e+11,1e+11,1e+11,1e+11,1e+11,1e+11,1e+11
873.747,1e+11,1e+11,1e+11,1e+11,1e+11,1e+11,1e+11,1e+11,1e+11,1e+11,1e+11,1e+11,1e+11,1e+11,1e+11,1e+11
875.752,1e+11,1e+11,1e+11,1e+11,1e+11,1e+11,1e+11,1e+11,1e+11,1e+11,1e+11,1e+11,1e+11,1e+11,1e+11,1e+11
877.756,1e+11,1e+11,1e+11,1e+11,1e+11,1e+11,1e+11,1e+11,1e+11,1e+11,1e+11,1e+11,1e+11,1e+11,1e+11,1e+11
879.76,1e+11,1e+11,1e+11,1e+11,1e+11,1e+11,1e+11,1e+11,1e+11,1e+11,1e+11,1e+11,1e+11,1e+11,1e+11,1e+11
881.764,1e+11,1e+11,1e+11,1e+11,1e+11,1e+11,1e+11,1e+11,1e+11,1e+11,1e+11,1e+11,1e+11,1e+11,1e+11,1e+11
883.768,1e+11,1e+11,1e+11,1e+11,1e+11,1e+11,1e+11,1e+11,1e+11,1e+11,1e+11,1e+11,1e+11,1e+11,1e+11,1e+11
885.772,1e+11,1e+11,1e+11,1e+11,1e+11,1e+11,1e+11,1e+11,1e+11,1e+11,1e+11,1e+11,1e+11,1e+11,1e+11,1e+11
887.776,1e+11,1e+11,1e+11,1e+11,1e+11,1e+11,1e+11,1e+11,1e+11,1e+11,1e+11,1e+11,1e+11,1e+11,1e+11,1e+11
889.78,1e+11,1e+11,1e+11,1e+11,1e+11,1e+11,1e+11,1e+11,1e+11,1e+11,1e+11,1e+11,1e+11,1e+11,1e+11,1e+11
891.784,1e+11,1e+11,1e+11,1e+11,1e+11,1e+11,1e+11,1e+11,1e+11,1e+11,1e+11,1e+11,1e+11,1e+11,1e+11,1e+11
893.788,1e+11,1e+11,1e+11,1e+11,1e+11,1e+11,1e+11,1e+11,1e+11,1e+11,1e+11,1e+11,1e+11,1e+11,1e+11,1e+11
895.792,1e+11,1e+11,1e+11,1e+11,1e+11,1e+11,1e+11,1e+11,1e+11,1e+11,1e+11,1e+11,1e+11,1e+11,1e+11,1e+11
897.796,1e+11,1e+11,1e+11,1e+11,1e+11,1e+11,1e+11,1e+11,1e+11,1e+11,1e+11,1e+11,1e+11,1e+11,1e+11,1e+11
899.8,1e+11,1e+11,1e+11,1e+11,1e+11,1e+11,1e+11,1e+11,1e+11,1e+11,1e+11,1e+11,1e+11,1e+11,1e+11,1e+11
901.804,1e+11,1e+11,1e+11,1e+11,1e+11,1e+11,1e+11,1e+11,1e+11,1e+11,1e+11,1e+11,1e+11,1e+11,1e+11,1e+11
903.808,1e+11,1e+11,1e+11,1e+11,1e+11,1e+11,1e+11,1e+11,1e+11,1e+11,1e+11,1e+11,1e+11,1e+11,1e+11,1e+11
905.812,1e+11,1e+11,1e+11,1e+11,1e+11,1e+11,1e+11,1e+11,1e+11,1e+11,1e+11,1e+11,1e+11,1e+11,1e+11,1e+11
907.816,1e+11,1e+11,1e+11,1e+11,1e+11,1e+11,1e+11,1e+11,1e+11,1e+11,1e+11,1e+11,1e+11,1e+11,1e+11,1e+11
909.82,1e+11,1e+11,1e+11,1e+11,1e+11,1e+11,1e+11,1e+11,1e+11,1e+11,1e+11,1e+11,1e+11,1e+11,1e+11,1e+11
911.824,1e+11,1e+11,1e+11,1e+11,1e+11,1e+11,1e+11,1e+11,1e+11,1e+11,1e+11,1e+11,1e+11,1e+11,1e+11,1e+11
913.828,1e+11,1e+11,1e+11,1e+11,1e+11,1e+11,1e+11,1e+11,1e+11,1e+11,1e+11,1e+11,1e+11,1e+11,1e+11,1e+11
915.832,1e+11,1e+11,1e+11,1e+11,1e+11,1e+11,1e+11,1e+11,1e+11,1e+11,1e+11,1e+11,1e+11,1e+11,1e+11,1e+11
917.836,1e+11,1e+11,1e+11,1e+11,1e+11,1e+11,1e+11,1e+11,1e+11,1e+11,1e+11,1e+11,1e+11,1e+11,1e+11,1e+11
919.84,1e+11,1e+11,1e+11,1e+11,1e+11,1e+11,1e+11,1e+11,1e+11,1e+11,1e+11,1e+11,1e+11,1e+11,1e+11,1e+11
921.844,1e+11,1e+11,1e+11,1e+11,1e+11,1e+11,1e+11,1e+11,1e+11,1e+11,1e+11,1e+11,1e+11,1e+11,1e+11,1e+11
923.848,1e+11,1e+11,1e+11,1e+11,1e+11,1e+11,1e+11,1e+11,1e+11,1e+11,1e+11,1e+11,1e+11,1e+11,1e+11,1e+11
925.852,1e+11,1e+11,1e+11,1e+11,1e+11,1e+11,1e+11,1e+11,1e+11,1e+11,1e+11,1e+11,1e+11,1e+11,1e+11,1e+11
927.856,1e+11,1e+11,1e+11,1e+11,1e+11,1e+11,1e+11,1e+11,1e+11,1e+11,1e+11,1e+11,1e+11,1e+11,1e+11,1e+11
929.86,1e+11,1e+11,1e+11,1e+11,1e+11,1e+11,1e+11,1e+11,1e+11,1e+11,1e+11,1e+11,1e+11,1e+11,1e+11,1e+11
931.864,1e+11,1e+11,1e+11,1e+11,1e+11,1e+11,1e+11,1e+11,1e+11,1e+11,1e+11,1e+11,1e+11,1e+11,1e+11,1e+11
933.868,1e+11,1e+11,1e+11,1e+11,1e+11,1e+11,1e+11,1e+11,1e+11,1e+11,1e+11,1e+11,1e+11,1e+11,1e+11,1e+11
935.872,1e+11,1e+11,1e+11,1e+11,1e+11,1e+11,1e+11,1e+11,1e+11,1e+11,1e+11,1e+11,1e+11,1e+11,1e+11,1e+11
937.876,1e+11,1e+11,1e+11,1e+11,1e+11,1e+11,1e+11,1e+11,1e+11,1e+11,1e+11,1e+11,1e+11,1e+11,1e+11,1e+11
939.88,1e+11,1e+11,1e+11,1e+11,1e+11,1e+11,1e+11,1e+11,1e+11,1e+11,1e+11,1e+11,1e+11,1e+11,1e+11,1e+11
941.884,1e+11,1e+11,1e+11,1e+11,1e+11,1e+11,1e+11,1e+11,1e+11,1e+11,1e+11,1e+11,1e+11,1e+11,1e+11,1e+11
943.888,1e+11,1e+11,1e+11,1e+11,1e+11,1e+11,1e+11,1e+11,1e+11,1e+11,1e+11,1e+11,1e+11,1e+11,1e+11,1e+11
945.892,1e+11,1e+11,1e+11,1e+11,1e+11,1e+11,1e+11,1e+11,1e+11,1e+11,1e+11,1e+11,1e+11,1e+11,1e+11,1e+11
947.896,1e+11,1e+11,1e+11,1e+11,1e+11,1e+11,1e+11,1e+11,1e+11,1e+11,1e+11,1e+11,1e+11,1e+11,1e+11,1e+11
949.9,1e+11,1e+11,1e+11,1e+11,1e+11,1e+11,1e+11,1e+11,1e+11,1e+11,1e+11,1e+11,1e+11,1e+11,1e+11,1e+11
951.904,1e+11,1e+11,1e+11,1e+11,1e+11,1e+11,1e+11,1e+11,1e+11,1e+11,1e+11,1e+11,1e+11,1e+11,1e+11,1e+11
953.908,1e+11,1e+11,1e+11,1e+11,1e+11,1e+11,1e+11,1e+11,1e+11,1e+11,1e+11,1e+11,1e+11,1e+11,1e+11,1e+11
955.912,1e+11,1e+11,1e+11,1e+11,1e+11,1e+11,1e+11,1e+11,1e+11,1e+11,1e+11,1e+11,1e+11,1e+11,1e+11,1e+11
957.916,1e+11,1e+11,1e+11,1e+11,1e+11,1e+11,1e+11,1e+11,1e+11,1e+11,1e+11,1e+11,1e+11,1e+11,1e+11,1e+11
959.92,1e+11,1e+11,1e+11,1e+11,1e+11,1e+11,1e+11,1e+11,1e+11,1e+11,1e+11,1e+11,1e+11,1e+11,1e+11,1e+11
961.924,1e+11,1e+11,1e+11,1e+11,1e+11,1e+11,1e+11,1e+11,1e+11,1e+11,1e+11,1e+11,1e+11,1e+11,1e+11,1e+11
963.928,1e+11,1e+11,1e+11,1e+11,1e+11,1e+11,1e+11,1e+11,1e+11,1e+11,1e+11,1e+11,1e+11,1e+11,1e+11,1e+11
965.932,1e+11,1e+11,1e+11,1e+11,1e+11,1e+11,1e+11,1e+11,1e+11,1e+11,1e+11,1e+11,1e+11,1e+11,1e+11,1e+11
967.936,1e+11,1e+11,1e+11,1e+11,1e+11,1e+11,1e+11,1e+11,1e+11,1e+11,1e+11,1e+11,1e+11,1e+11,1e+11,1e+11
969.94,1e+11,1e+11,1e+11,1e+11,1e+11,1e+11,1e+11,1e+11,1e+11,1e+11,1e+11,1e+11,1e+11,1e+11,1e+11,1e+11
971.944,1e+11,1e+11,1e+11,1e+11,1e+11,1e+11,1e+11,1e+11,1e+11,1e+11,1e+11,1e+11,1e+11,1e+11,1e+11,1e+11
973.948,1e+11,1e+11,1e+11,1e+11,1e+11,1e+11,1e+11,1e+11,1e+11,1e+11,1e+11,1e+11,1e+11,1e+11,1e+11,1e+11
975.952,1e+11,1e+11,1e+11,1e+11,1e+11,1e+11,1e+11,1e+11,1e+11,1e+11,1e+11,1e+11,1e+11,1e+11,1e+11,1e+11
977.956,1e+11,1e+11,1e+11,1e+11,1e+11,1e+11,1e+11,1e+11,1e+11,1e+11,1e+11,1e+11,1e+11,1e+11,1e+11,1e+11
979.96,1e+11,1e+11,1e+11,1e+11,1e+11,1e+11,1e+11,1e+11,1e+11,1e+11,1e+11,1e+11,1e+11,1e+11,1e+11,1e+11
981.964,1e+11,1e+11,1e+11,1e+11,1e+11,1e+11,1e+11,1e+11,1e+11,1e+11,1e+11,1e+11,1e+11,1e+11,1e+11,1e+11
983.968,1e+11,1e+11,1e+11,1e+11,1e+11,1e+11,1e+11,1e+11,1e+11,1e+11,1e+11,1e+11,1e+11,1e+11,1e+11,1e+11
985.972,1e+11,1e+11,1e+11,1e+11,1e+11,1e+11,1e+11,1e+11,1e+11,1e+11,1e+11,1e+11,1e+11,1e+11,1e+11,1e+11
987.976,1e+11,1e+11,1e+11,1e+11,1e+11,1e+11,1e+11,1e+11,1e+11,1e+11,1e+11,1e+11,1e+11,1e+11,1e+11,1e+11
989.98,1e+11,1e+11,1e+11,1e+11,1e+11,1e+11,1e+11,1e+11,1e+11,1e+11,1e+11,1e+11,1e+11,1e+11,1e+11,1e+11
991.984,1e+11,1e+11,1e+11,1e+11,1e+11,1e+11,1e+11,1e+11,1e+11,1e+11,1e+11,1e+11,1e+11,1e+11,1e+11,1e+11
993.988,1e+11,1e+11,1e+11,1e+11,1e+11,1e+11,1e+11,1e+11,1e+11,1e+11,1e+11,1e+11,1e+11,1e+11,1e+11,1e+11
995.992,1e+11,1e+11,1e+11,1e+11,1e+11,1e+11,1e+11,1e+11,1e+11,1e+11,1e+11,1e+11,1e+11,1e+11,1e+11,1e+11
997.996,1e+11,1e+11,1e+11,1e+11,1e+11,1e+11,1e+11,1e+11,1e+11,1e+11,1e+11,1e+11,1e+11,1e+11,1e+11,1e+11
1000,1e+11,1e+11,1e+11,1e+11,1e+11,1e+11,1e+11,1e+11,1e+11,1e+11,1e+11,1e+11,1e+11,1e+11,1e+11,1e+11
