Frequency,Ch0,Ch1,Ch2,Ch3,Ch4,Ch5,Ch6,Ch7,Ch8,Ch9,Ch10,Ch11,Ch12,Ch13,Ch14,Ch15
0.000000,5.43417e-18,5.43792e-18,5.55234e-18,9.49472e-18,8.29196e-18,4.47574e-18,5.48792e-18,5.5679e-18,7.08236e-18,4.94287e-18,2.47849e-17,1.55962e-17,1.28211e-17,1.58454e-17,1.20844e-17,1.48976e-17
1.956947,5.54069e-18,6.80472e-18,5.01417e-18,1.53416e-17,1.37473e-17,7.9835e-18,4.72918e-18,9.12499e-18,5.50032e-18,9.67003e-18,5.64911e-18,4.41531e-18,3.64589e-18,6.36205e-18,3.11971e-18,3.4205e-18
3.913894,1.47211e-17,2.09671e-17,1.12171e-17,2.48502e-18,3.36155e-18,2.60936e-17,1.07135e-17,1.27978e-18,8.2112e-18,2.76103e-17,1.30665e-17,7.3135e-18,1.0802e-17,8.91774e-18,9.72357e-18,5.73013e-18
5.870841,8.29716e-19,8.36997e-19,9.43731e-19,8.73475e-19,9.2139e-19,8.13412e-19,8.64804e-19,8.28448e-19,1.11787e-18,9.52548e-19,2.93868e-18,2.93805e-18,2.9379e-18,2.93735e-18,2.93756e-18,2.93768e-18
7.827789,5.85007e-17,3.78726e-17,6.06965e-17,2.15291e-18,2.00076e-18,4.03346e-17,7.17648e-17,1.66545e-18,2.96546e-17,3.89047e-18,1.22521e-17,1.91312e-17,8.36579e-18,1.91006e-17,5.60917e-18,4.67184e-18
9.784736,6.01543e-17,2.36283e-17,8.2398e-17,2.74058e-18,2.56467e-18,6.77845e-18,7.62764e-17,2.29843e-18,9.28015e-17,4.16098e-18,2.21765e-17,9.31609e-18,5.85191e-18,1.91217e-17,4.14363e-18,3.98989e-18
11.741683,2.78215e-18,2.82849e-18,2.82095e-18,2.71309e-18,2.6811e-18,4.27443e-18,2.6816e-18,2.7423e-18,3.26543e-18,3.21842e-18,9.50937e-18,9.50672e-18,9.50632e-18,9.50421e-18,9.50813e-18,9.51028e-18
13.698630,2.05683e-17,1.04378e-17,6.84769e-17,5.07128e-18,5.22857e-18,8.83146e-18,3.69541e-17,4.64355e-18,2.16984e-17,7.43997e-18,5.01501e-17,1.39407e-17,8.74345e-18,2.05475e-17,7.82874e-18,7.63486e-18
15.655577,1.55104e-17,1.28135e-17,2.16475e-17,7.25884e-18,7.00598e-18,1.1476e-17,1.59246e-17,6.6194e-18,2.70398e-17,1.0283e-17,1.50247e-17,1.44144e-17,1.22226e-17,1.23786e-17,1.1129e-17,1.08941e-17
17.612524,8.72391e-18,8.66006e-18,8.98977e-18,8.62141e-18,8.63149e-18,8.75846e-18,8.85835e-18,8.61666e-18,1.08593e-17,1.05938e-17,3.07758e-17,3.076e-17,3.07672e-17,3.07531e-17,3.09005e-17,3.09321e-17
19.569472,2.60267e-17,2.29969e-17,2.97229e-17,1.4567e-17,1.46472e-17,2.18932e-17,2.78365e-17,1.39024e-17,5.21708e-17,2.09218e-17,3.07865e-17,2.93696e-17,2.58858e-17,2.54283e-17,2.38358e-17,2.34419e-17
21.526419,3.48299e-17,3.25192e-17,4.03443e-17,2.18219e-17,2.10296e-17,3.04393e-17,3.68707e-17,2.17832e-17,6.85558e-17,2.97815e-17,2.45973e-15,2.45963e-15,2.45956e-15,2.45952e-15,2.46029e-15,2.46069e-15
23.483366,2.84384e-17,2.8074e-17,2.84492e-17,2.93014e-17,2.76866e-17,2.82176e-17,2.8818e-17,2.75444e-17,3.89635e-17,3.528e-17,9.9601e-17,9.95512e-17,9.9558e-17,9.95192e-17,1.00157e-16,1.01578e-16
25.440313,7.09436e-17,6.59846e-17,7.8392e-17,5.11639e-17,4.49591e-17,6.17606e-17,7.29258e-17,4.32413e-17,1.14631e-16,6.35678e-17,4.6829e-15,4.6827e-15,4.68255e-15,4.68248e-15,4.68242e-15,4.68239e-15
27.397260,9.7889e-17,9.07941e-17,1.07272e-16,6.72714e-17,6.6033e-17,8.75843e-17,1.01673e-16,6.31372e-17,1.6694e-16,9.23791e-17,6.23862e-15,6.23843e-15,6.23821e-15,6.23819e-15,6.23807e-15,6.23804e-15
29.354207,9.32338e-17,9.45531e-17,9.50113e-17,9.40798e-17,9.14753e-17,9.19693e-17,9.21011e-17,8.99962e-17,1.53961e-16,1.18909e-16,3.24132e-16,3.23189e-16,3.23206e-16,3.2312e-16,3.23122e-16,3.24617e-16
31.311155,2.03125e-16,1.91427e-16,2.24988e-16,1.49261e-16,1.43966e-16,1.84081e-16,2.10937e-16,1.4097e-16,3.28195e-16,2.01879e-16,1.23693e-14,1.23732e-14,1.23687e-14,1.23871e-14,1.23739e-14,1.23775e-14
33.268102,2.9118e-16,2.76585e-16,3.16626e-16,2.18316e-16,2.11599e-16,2.63735e-16,2.99672e-16,2.04377e-16,4.50084e-16,2.96122e-16,1.66486e-14,1.6573e-14,1.65744e-14,1.65684e-14,1.65876e-14,1.65678e-14
35.225049,2.98677e-16,3.04525e-16,3.06558e-16,3.10666e-16,2.99486e-16,3.00675e-16,3.01664e-16,2.94741e-16,4.54359e-16,4.00144e-16,1.08947e-15,1.07883e-15,1.07685e-15,1.08452e-15,1.0434e-15,1.04798e-15
37.181996,6.15941e-16,5.86297e-16,6.67511e-16,4.78382e-16,4.63543e-16,5.64576e-16,6.33074e-16,4.46885e-16,1.09829e-15,6.53577e-16,3.38115e-14,3.38069e-14,3.38082e-14,3.38353e-14,3.38392e-14,3.3831e-14
39.138943,8.78242e-16,8.3905e-16,9.53531e-16,7.14471e-16,6.83932e-16,8.11534e-16,9.05961e-16,6.62247e-16,1.3592e-15,9.62794e-16,4.53174e-14,4.53147e-14,4.53138e-14,4.53129e-14,4.54038e-14,4.5464e-14
41.095890,9.81321e-16,9.96218e-16,1.00296e-15,1.02083e-15,9.83659e-16,9.88465e-16,9.86824e-16,9.63697e-16,1.36905e-15,1.33912e-15,3.37424e-15,3.37262e-15,3.37304e-15,3.37189e-15,3.37467e-15,3.37392e-15
43.052838,1.89636e-15,1.82515e-15,2.04776e-15,1.60349e-15,1.50556e-15,1.76772e-15,1.9507e-15,1.45732e-15,3.43994e-15,2.13162e-15,9.48018e-14,9.47986e-14,9.47959e-14,9.47946e-14,9.47952e-14,9.47931e-14
45.009785,2.72943e-15,2.62948e-15,2.93424e-15,2.52563e-15,2.22735e-15,2.55377e-15,2.79601e-15,2.15645e-15,4.69201e-15,3.14592e-15,1.27386e-13,1.27383e-13,1.2738e-13,1.27378e-13,1.27377e-13,1.27376e-13
46.966732,3.24049e-15,3.2885e-15,3.29507e-15,3.59238e-15,3.23399e-15,3.24836e-15,3.23585e-15,3.15512e-15,4.54075e-15,4.45017e-15,1.09139e-14,1.09104e-14,1.09114e-14,1.09072e-14,1.09078e-14,1.0911e-14
48.923679,5.96466e-15,5.74608e-15,6.36203e-15,5.10265e-15,4.90918e-15,5.58284e-15,6.08342e-15,4.75184e-15,9.33002e-15,6.9517e-15,2.71032e-13,2.71024e-13,2.71019e-13,2.71014e-13,2.71006e-13,2.71012e-13
50.880626,8.54173e-15,8.31063e-15,9.1422e-15,7.53372e-15,7.25305e-15,8.13446e-15,8.74576e-15,7.03206e-15,1.46702e-14,1.02498e-14,3.6319e-13,3.63177e-13,3.63171e-13,3.63162e-13,3.63153e-13,3.6317e-13
52.837573,1.05463e-14,1.06963e-14,1.07711e-14,1.11266e-14,1.05582e-14,1.06848e-14,1.05737e-14,1.03003e-14,1.55446e-14,1.46118e-14,3.53073e-14,3.52996e-14,3.53003e-14,3.52851e-14,3.5312e-14,3.53601e-14
54.794521,1.87881e-14,1.82201e-14,1.99716e-14,1.67697e-14,1.59468e-14,1.78613e-14,1.91112e-14,1.54523e-14,2.8499e-14,2.25132e-14,7.86128e-13,7.86102e-13,7.86082e-13,7.86058e-13,7.86068e-13,7.86118e-13
56.751468,2.70613e-14,2.63045e-14,2.86358e-14,2.44328e-14,2.35581e-14,2.59736e-14,2.75463e-14,2.42229e-14,4.27422e-14,3.31125e-14,1.04685e-12,1.04681e-12,1.0468e-12,1.04677e-12,1.04674e-12,1.04677e-12
58.708415,3.43567e-14,3.47548e-14,3.50535e-14,3.55683e-14,3.43522e-14,3.49374e-14,3.43999e-14,3.58177e-14,5.48806e-14,4.73472e-14,1.14215e-13,1.14179e-13,1.14215e-13,1.14194e-13,1.14132e-13,1.14166e-13
60.665362,5.91937e-14,5.76105e-14,6.28002e-14,5.32861e-14,5.15263e-14,5.71542e-14,6.03365e-14,5.00665e-14,8.94368e-14,7.2107e-14,2.30316e-12,2.3031e-12,2.30306e-12,2.30305e-12,2.30297e-12,2.30297e-12
62.622309,8.53475e-14,8.37069e-14,9.02668e-14,7.9552e-14,7.60439e-14,8.30974e-14,8.68815e-14,7.38461e-14,1.26899e-13,1.0551e-13,3.05116e-12,3.05107e-12,3.05099e-12,3.05099e-12,3.05088e-12,3.05088e-12
64.579256,1.11041e-13,1.12001e-13,1.13117e-13,1.14016e-13,1.10688e-13,1.13442e-13,1.11194e-13,1.0831e-13,1.63035e-13,1.50567e-13,3.6955e-13,3.69426e-13,3.69358e-13,3.69412e-13,3.69298e-13,3.69293e-13
66.536204,1.86916e-13,1.82163e-13,1.96625e-13,1.69817e-13,1.65279e-13,1.81732e-13,1.903e-13,1.61152e-13,2.92639e-13,2.27178e-13,6.80485e-12,6.80458e-12,6.80437e-12,6.80443e-12,6.80414e-12,6.80414e-12
68.493151,2.93474e-13,2.63595e-13,2.83148e-13,2.49031e-13,2.42656e-13,2.63771e-13,2.73651e-13,2.37555e-13,3.90558e-13,3.32781e-13,9.04465e-12,9.04412e-12,9.04387e-12,9.04397e-12,9.04341e-12,9.0435e-12
70.450098,3.91838e-13,3.59068e-13,3.60797e-13,3.63816e-13,3.52841e-13,3.61086e-13,3.55993e-13,3.47608e-13,4.80527e-13,4.77393e-13,1.19767e-12,1.19616e-12,1.196e-12,1.19687e-12,1.19532e-12,1.19549e-12
72.407045,5.87067e-13,5.73239e-13,6.16355e-13,5.35143e-13,5.24217e-13,5.68705e-13,5.97108e-13,5.15266e-13,8.74896e-13,7.12384e-13,2.03463e-11,2.03441e-11,2.03438e-11,2.03448e-11,2.0343e-11,2.03431e-11
74.363992,8.46033e-13,8.32965e-13,8.81419e-13,7.84052e-13,7.74455e-13,8.18269e-13,8.58256e-13,7.58206e-13,1.21661e-12,1.03148e-12,2.67801e-11,2.67782e-11,2.67777e-11,2.67781e-11,2.67767e-11,2.6777e-11
76.320939,1.12665e-12,1.13859e-12,1.13885e-12,1.13789e-12,1.11608e-12,1.11969e-12,1.13115e-12,1.10987e-12,1.49194e-12,1.47794e-12,3.86731e-12,3.86643e-12,3.86618e-12,3.86614e-12,3.86549e-12,3.86595e-12
78.277886,1.84751e-12,1.79927e-12,1.92424e-12,1.69274e-12,1.66036e-12,1.75542e-12,1.87897e-12,1.64865e-12,2.59034e-12,2.22196e-12,6.08361e-11,6.08345e-11,6.0833e-11,6.08326e-11,6.08312e-11,6.08317e-11
80.234834,2.67577e-12,2.61768e-12,2.83739e-12,2.5283e-12,2.48415e-12,2.5469e-12,2.71951e-12,2.44222e-12,3.73082e-12,3.25671e-12,7.99618e-11,7.99589e-11,7.9957e-11,7.99563e-11,7.99544e-11,7.99554e-11
82.191781,3.62131e-12,3.61768e-12,3.6497e-12,3.66624e-12,3.59249e-12,3.50426e-12,3.64658e-12,3.59355e-12,4.68353e-12,4.69476e-12,1.25134e-11,1.25112e-11,1.25096e-11,1.25092e-11,1.25086e-11,1.25097e-11
84.148728,5.90445e-12,5.79512e-12,6.138e-12,5.51826e-12,5.44037e-12,5.49915e-12,6.01589e-12,5.3761e-12,8.19524e-12,7.1008e-12,1.83658e-10,1.83654e-10,1.83648e-10,1.83647e-10,1.83644e-10,1.83646e-10
86.105675,8.70993e-12,8.47682e-12,9.16957e-12,8.27396e-12,8.16382e-12,8.01202e-12,8.82718e-12,8.01728e-12,1.19286e-11,1.07292e-11,2.39215e-10,2.39209e-10,2.39202e-10,2.392e-10,2.39196e-10,2.392e-10
88.062622,1.217e-11,1.20934e-11,1.23715e-11,1.25398e-11,1.32629e-11,1.14209e-11,1.21265e-11,1.20875e-11,1.59744e-11,1.59255e-11,4.04775e-11,4.04726e-11,4.04667e-11,4.04648e-11,4.04605e-11,4.04724e-11
90.019569,1.97125e-11,1.93989e-11,2.09713e-11,1.94205e-11,1.90191e-11,1.85448e-11,2.00892e-11,1.83836e-11,2.81599e-11,2.50405e-11,5.61097e-10,5.61083e-10,5.6106e-10,5.61058e-10,5.61047e-10,5.61063e-10
91.976517,2.95338e-11,2.92381e-11,3.11723e-11,2.99069e-11,2.87524e-11,2.81746e-11,3.00211e-11,2.7829e-11,4.19666e-11,3.84741e-11,7.24936e-10,7.24919e-10,7.24875e-10,7.24888e-10,7.24861e-10,7.24895e-10
93.933464,4.30609e-11,4.31666e-11,4.40214e-11,4.55463e-11,4.38114e-11,4.23962e-11,4.33932e-11,4.27938e-11,6.13026e-11,5.98135e-11,1.30916e-10,1.30945e-10,1.30854e-10,1.30895e-10,1.30868e-10,1.30902e-10
95.890411,7.06959e-11,6.968e-11,7.35118e-11,7.13647e-11,6.83334e-11,6.857e-11,7.15478e-11,6.6118e-11,1.05146e-10,9.59027e-11,1.70671e-09,1.70666e-09,1.70663e-09,1.70661e-09,1.70658e-09,1.70658e-09
97.847358,1.08322e-10,1.07983e-10,1.12216e-10,1.11375e-10,1.06428e-10,1.06223e-10,1.0934e-10,1.02378e-10,1.60952e-10,1.52288e-10,2.18431e-09,2.18424e-09,2.18419e-09,2.18417e-09,2.18422e-09,2.18416e-09
99.804305,1.62718e-10,1.62655e-10,1.71477e-10,1.74048e-10,1.65367e-10,1.62351e-10,1.64327e-10,1.59516e-10,2.43058e-10,2.40821e-10,4.23191e-10,4.23034e-10,4.22991e-10,4.23042e-10,4.2306e-10,4.22963e-10
101.761252,2.6198e-10,2.59712e-10,2.73188e-10,2.72021e-10,2.57556e-10,2.56643e-10,2.64263e-10,2.46137e-10,4.15524e-10,3.83993e-10,5.21365e-09,5.21336e-09,5.21317e-09,5.21334e-09,5.21295e-09,5.21305e-09
103.718200,3.99914e-10,3.98426e-10,4.12106e-10,4.15839e-10,3.96833e-10,3.91597e-10,4.01201e-10,3.77575e-10,6.31167e-10,6.1376e-10,6.67897e-09,6.67844e-09,6.6782e-09,6.67837e-09,6.67756e-09,6.67763e-09
105.675147,5.97043e-10,5.99784e-10,6.10603e-10,6.3386e-10,6.06177e-10,5.87643e-10,5.95883e-10,5.76179e-10,9.41378e-10,9.3628e-10,1.36343e-09,1.36317e-09,1.36275e-09,1.36271e-09,1.36133e-09,1.36172e-09
107.632094,9.31961e-10,9.29707e-10,9.62262e-10,9.61557e-10,9.22295e-10,9.05508e-10,9.31731e-10,8.75122e-10,1.51124e-09,1.44696e-09,1.57906e-08,1.58168e-08,1.57879e-08,1.57892e-08,1.57871e-08,1.57866e-08
109.589041,1.39243e-09,1.39146e-09,1.4339e-09,1.43634e-09,1.38368e-09,1.35266e-09,1.38733e-09,1.31508e-09,2.32365e-09,2.19655e-09,2.0036e-08,2.00009e-08,1.99646e-08,1.99668e-08,1.99642e-08,1.99946e-08
111.545988,2.03369e-09,2.04164e-09,2.07796e-09,2.11609e-09,2.04651e-09,1.99106e-09,2.01575e-09,1.96151e-09,3.33308e-09,3.27955e-09,4.33642e-09,4.33569e-09,4.33506e-09,4.33488e-09,4.33501e-09,4.33445e-09
113.502935,3.06263e-09,3.05264e-09,3.14865e-09,3.09449e-09,3.00783e-09,2.95773e-09,3.03977e-09,2.89474e-09,5.03047e-09,4.84819e-09,4.73328e-08,4.73301e-08,4.73292e-08,4.73301e-08,4.73314e-08,4.7333e-08
115.459883,4.43512e-09,4.41436e-09,4.53154e-09,4.46147e-09,4.35164e-09,4.24335e-09,4.38397e-09,4.18893e-09,7.33081e-09,7.02408e-09,5.93746e-08,5.93714e-08,5.93707e-08,5.93714e-08,5.93735e-08,5.93774e-08
117.416830,6.25933e-09,6.24892e-09,6.33351e-09,6.35849e-09,6.19606e-09,5.96149e-09,6.16347e-09,6.02328e-09,1.03367e-08,9.98362e-09,1.32957e-08,1.32938e-08,1.32926e-08,1.32919e-08,1.32991e-08,1.33007e-08
119.373777,9.08278e-09,9.01477e-09,9.27454e-09,9.17109e-09,8.83621e-09,8.4621e-09,9.0047e-09,8.62929e-09,1.46367e-08,1.41234e-08,1.35843e-07,1.35839e-07,1.35834e-07,1.35836e-07,1.35845e-07,1.3585e-07
121.330724,1.27868e-08,1.27634e-08,1.31678e-08,1.3596e-08,1.26496e-08,1.17224e-08,1.26729e-08,1.24122e-08,2.03662e-08,2.01579e-08,1.61636e-07,1.61633e-07,1.61626e-07,1.61627e-07,1.61641e-07,1.61642e-07
123.287671,1.80128e-08,1.83703e-08,1.89917e-08,2.13378e-08,1.86904e-08,1.66337e-08,1.81169e-08,1.83986e-08,2.92472e-08,3.0166e-08,3.68617e-08,3.68738e-08,3.68509e-08,3.68511e-08,3.68785e-08,3.68777e-08
125.244618,2.73205e-08,2.85225e-08,3.03205e-08,3.59082e-08,2.95368e-08,2.54922e-08,2.82895e-08,2.90426e-08,4.66048e-08,4.94742e-08,3.39242e-07,3.39304e-07,3.39212e-07,3.39221e-07,3.39284e-07,3.39289e-07
127.201566,4.31792e-08,4.63724e-08,4.97862e-08,6.22321e-08,4.89691e-08,4.19039e-08,4.58993e-08,4.85757e-08,7.71559e-08,8.67788e-08,3.76298e-07,3.76411e-07,3.76238e-07,3.76236e-07,3.76344e-07,3.76367e-07
129.158513,7.13659e-08,7.75448e-08,8.3056e-08,1.06535e-07,8.19651e-08,7.14004e-08,7.67139e-08,8.28169e-08,1.3116e-07,1.53807e-07,8.18453e-08,8.20999e-08,8.1751e-08,8.175e-08,8.20072e-08,8.20181e-08
131.115460,1.21614e-07,1.28965e-07,1.39359e-07,1.77452e-07,1.35194e-07,1.18948e-07,1.28094e-07,1.38198e-07,2.2241e-07,2.65735e-07,6.45753e-07,6.46111e-07,6.45601e-07,6.45564e-07,6.46081e-07,6.46036e-07
133.072407,2.06607e-07,2.05484e-07,2.32746e-07,2.82773e-07,2.17345e-07,1.83154e-07,2.03524e-07,2.20503e-07,3.46971e-07,4.38696e-07,6.36173e-07,6.36531e-07,6.36045e-07,6.35931e-07,6.36288e-07,6.36301e-07
135.029354,3.20109e-07,3.03185e-07,3.69455e-07,4.015e-07,3.40618e-07,2.54387e-07,3.08254e-07,3.21243e-07,5.31746e-07,6.06088e-07,1.32431e-07,1.32767e-07,1.32234e-07,1.32123e-07,1.32301e-07,1.32492e-07
136.986301,4.28408e-07,4.09816e-07,5.04962e-07,5.06634e-07,4.74801e-07,3.21009e-07,4.26539e-07,4.2013e-07,6.78459e-07,6.82759e-07,9.00506e-07,9.00773e-07,8.99999e-07,9.00053e-07,8.99606e-07,8.99715e-07
138.943249,4.90047e-07,4.88325e-07,5.63491e-07,5.44196e-07,5.42502e-07,3.73671e-07,4.97103e-07,4.85337e-07,7.83572e-07,7.13302e-07,8.06929e-07,8.06935e-07,8.06184e-07,8.06463e-07,8.0538e-07,8.05467e-07
140.900196,5.13116e-07,5.3967e-07,5.50343e-07,5.37482e-07,5.5393e-07,4.11512e-07,5.22713e-07,5.16748e-07,8.15659e-07,7.27828e-07,1.64666e-07,1.64644e-07,1.63805e-07,1.64441e-07,1.63236e-07,1.63465e-07
142.857143,5.36612e-07,5.65092e-07,5.49309e-07,5.51452e-07,5.5285e-07,4.37324e-07,5.4844e-07,5.41202e-07,8.13067e-07,7.45497e-07,1.00597e-06,1.00585e-06,1.00512e-06,1.0056e-06,1.00457e-06,1.00439e-06
144.814090,5.67967e-07,5.86267e-07,5.53783e-07,5.64352e-07,5.6338e-07,4.54627e-07,5.63852e-07,5.72351e-07,8.17287e-07,7.66159e-07,8.55865e-07,8.56162e-07,8.54759e-07,8.55432e-07,8.54876e-07,8.59529e-07
146.771037,5.96835e-07,6.17129e-07,5.64137e-07,5.78326e-07,5.80364e-07,4.67365e-07,5.84723e-07,6.00084e-07,8.30563e-07,7.91283e-07,1.76893e-07,1.76813e-07,1.76891e-07,1.8104e-07,1.76959e-07,1.78852e-07
148.727984,6.24381e-07,6.5129e-07,5.90701e-07,6.06224e-07,6.06123e-07,4.76687e-07,6.14163e-07,6.33472e-07,8.37254e-07,8.22952e-07,1.01571e-06,1.0151e-06,1.01575e-06,1.01735e-06,1.01562e-06,1.02087e-06
150.684932,6.63364e-07,6.96405e-07,6.19806e-07,6.40001e-07,6.46473e-07,4.84075e-07,6.48224e-07,6.75185e-07,8.64573e-07,8.62853e-07,8.4366e-07,8.43158e-07,8.43512e-07,8.43392e-07,8.43245e-07,8.43646e-07
152.641879,6.99519e-07,7.28043e-07,6.55734e-07,6.78364e-07,6.84846e-07,4.89434e-07,6.91537e-07,7.13371e-07,9.1446e-07,9.098e-07,1.8069e-07,1.79348e-07,1.7996e-07,1.807e-07,1.80573e-07,1.80612e-07
154.598826,7.28371e-07,7.43742e-07,7.00456e-07,7.23762e-07,7.13155e-07,4.94188e-07,7.197e-07,7.48486e-07,9.64112e-07,9.59369e-07,1.00882e-06,1.00891e-06,1.00629e-06,1.00378e-06,1.00347e-06,1.0045e-06
156.555773,7.43132e-07,7.38844e-07,7.3956e-07,7.44092e-07,7.40818e-07,4.97206e-07,7.34894e-07,7.51221e-07,1.00077e-06,1.00311e-06,8.24713e-07,8.29819e-07,8.25294e-07,8.23976e-07,8.23759e-07,8.24422e-07
158.512720,7.39459e-07,7.2654e-07,7.64435e-07,7.55608e-07,7.53847e-07,4.98584e-07,7.41247e-07,7.47263e-07,1.03096e-06,1.02875e-06,1.81839e-07,1.81466e-07,1.80899e-07,1.81514e-07,1.81276e-07,1.81957e-07
160.469667,7.30294e-07,7.12791e-07,7.7706e-07,7.57936e-07,7.52422e-07,4.98974e-07,7.35692e-07,7.35536e-07,1.04712e-06,1.03265e-06,9.66584e-07,9.66496e-07,9.66503e-07,9.66347e-07,9.66177e-07,9.67032e-07
162.426614,7.18665e-07,6.98699e-07,7.74675e-07,7.49531e-07,7.39412e-07,4.97702e-07,7.2252e-07,7.19507e-07,1.02726e-06,1.01805e-06,7.85126e-07,7.848e-07,7.84637e-07,7.84535e-07,7.84651e-07,7.85262e-07
164.383562,7.02887e-07,6.87916e-07,7.63073e-07,7.37387e-07,7.24282e-07,4.95868e-07,7.06961e-07,7.03838e-07,9.92068e-07,9.93718e-07,1.83138e-07,1.82887e-07,1.82475e-07,1.82028e-07,1.82688e-07,1.82707e-07
166.340509,6.93735e-07,6.78462e-07,7.52372e-07,7.35663e-07,7.09935e-07,4.93924e-07,6.93151e-07,6.8966e-07,9.62127e-07,9.70821e-07,9.41907e-07,9.4317e-07,9.41791e-07,9.40507e-07,9.42056e-07,9.40976e-07
168.297456,6.93185e-07,6.69429e-07,7.43296e-07,7.1483e-07,6.961e-07,4.90788e-07,6.8237e-07,6.7933e-07,9.41338e-07,9.44701e-07,7.5941e-07,7.62916e-07,7.59254e-07,7.58174e-07,7.59519e-07,7.59016e-07
170.254403,6.92014e-07,6.67147e-07,7.37878e-07,7.08097e-07,6.99604e-07,4.85697e-07,6.74864e-07,6.71709e-07,9.10294e-07,9.19616e-07,1.879e-07,1.86333e-07,1.86444e-07,1.82836e-07,1.83189e-07,1.82965e-07
172.211350,6.7606e-07,6.69374e-07,7.3245e-07,7.00865e-07,6.96122e-07,4.81235e-07,6.87784e-07,6.73658e-07,8.87637e-07,9.02682e-07,9.15043e-07,9.19174e-07,9.17985e-07,9.13052e-07,9.128e-07,9.13222e-07
174.168297,6.67704e-07,6.69538e-07,7.07125e-07,7.05916e-07,6.86615e-07,4.77047e-07,6.84862e-07,6.73215e-07,8.77186e-07,8.90315e-07,7.30843e-07,7.45203e-07,7.35845e-07,7.30408e-07,7.2998e-07,7.3051e-07
176.125245,6.68893e-07,6.76768e-07,7.04637e-07,7.10061e-07,6.74298e-07,4.73012e-07,6.68749e-07,6.70764e-07,8.72103e-07,8.82786e-07,1.83061e-07,1.86024e-07,1.85213e-07,1.83205e-07,1.8278e-07,1.8311e-07
178.082192,6.68921e-07,6.64085e-07,7.01099e-07,7.01214e-07,6.75933e-07,4.69888e-07,6.71502e-07,6.67721e-07,8.60611e-07,8.796e-07,8.86084e-07,8.93736e-07,8.85941e-07,8.85587e-07,8.85044e-07,8.85268e-07
180.039139,6.76357e-07,6.74051e-07,7.04492e-07,7.02072e-07,6.81451e-07,4.66928e-07,6.7568e-07,6.71451e-07,8.58787e-07,8.8127e-07,7.03458e-07,7.03214e-07,7.02915e-07,7.03119e-07,7.02446e-07,7.02976e-07
181.996086,6.79608e-07,6.7714e-07,7.04679e-07,7.03843e-07,6.86253e-07,4.64964e-07,6.81325e-07,6.7484e-07,8.68723e-07,8.87013e-07,1.83613e-07,1.84744e-07,1.83051e-07,1.83449e-07,1.83168e-07,1.83056e-07
183.953033,6.88856e-07,6.85158e-07,7.12243e-07,7.11034e-07,6.94817e-07,4.63526e-07,6.86722e-07,6.80244e-07,8.78478e-07,8.98107e-07,8.57646e-07,8.59039e-07,8.56973e-07,8.56919e-07,8.5683e-07,8.56756e-07
185.909980,6.94964e-07,6.89887e-07,7.17998e-07,7.15164e-07,7.02033e-07,4.61926e-07,6.91056e-07,6.8555e-07,8.86253e-07,9.13542e-07,6.75641e-07,6.75192e-07,6.74903e-07,6.74856e-07,6.74484e-07,6.74629e-07
187.866928,6.97699e-07,6.93132e-07,7.22596e-07,7.17397e-07,7.07766e-07,4.63592e-07,6.95239e-07,6.89856e-07,9.04594e-07,9.32923e-07,1.83956e-07,1.83194e-07,1.83469e-07,1.83137e-07,1.82858e-07,1.82747e-07
189.823875,7.04023e-07,7.00441e-07,7.29171e-07,7.21389e-07,7.13606e-07,4.61485e-07,6.966e-07,6.88505e-07,9.34211e-07,9.57354e-07,8.43956e-07,8.43473e-07,8.43161e-07,8.43038e-07,8.42909e-07,8.42413e-07
191.780822,6.99232e-07,6.94774e-07,7.26318e-07,7.17713e-07,7.12894e-07,4.61991e-07,6.96167e-07,6.85156e-07,9.59667e-07,9.84292e-07,6.61213e-07,6.61142e-07,6.60951e-07,6.60526e-07,6.60571e-07,6.60586e-07
193.737769,7.09286e-07,6.96786e-07,7.34869e-07,7.16545e-07,7.24552e-07,4.62949e-07,7.01109e-07,6.92831e-07,9.8657e-07,1.01135e-06,1.83585e-07,1.83213e-07,1.83257e-07,1.82984e-07,1.82941e-07,1.83497e-07
195.694716,6.93409e-07,6.85708e-07,7.20596e-07,7.07438e-07,7.10693e-07,4.63871e-07,6.88067e-07,6.77375e-07,1.01998e-06,1.03828e-06,8.15766e-07,8.15691e-07,8.15386e-07,8.15012e-07,8.15018e-07,8.15447e-07
197.651663,6.87836e-07,6.8439e-07,7.15119e-07,7.02504e-07,6.98296e-07,4.65002e-07,6.81563e-07,6.65809e-07,1.05332e-06,1.05883e-06,6.32859e-07,6.32759e-07,6.32612e-07,6.32256e-07,6.31817e-07,6.32633e-07
199.608611,6.8074e-07,6.75429e-07,7.09783e-07,6.91167e-07,6.89869e-07,4.666e-07,6.74211e-07,6.58507e-07,1.07077e-06,1.07091e-06,1.8361e-07,1.83208e-07,1.83045e-07,1.82863e-07,1.8256e-07,1.83161e-07
201.565558,6.7038e-07,6.6646e-07,6.9899e-07,6.79871e-07,6.80115e-07,4.6824e-07,6.66895e-07,6.50309e-07,1.07986e-06,1.07366e-06,7.87214e-07,7.87132e-07,7.86418e-07,7.86337e-07,7.86296e-07,7.86588e-07
203.522505,6.65074e-07,6.63053e-07,6.93335e-07,6.74034e-07,6.72032e-07,4.69412e-07,6.57831e-07,6.4257e-07,1.08272e-06,1.06614e-06,6.18465e-07,6.18204e-07,6.18224e-07,6.1791e-07,6.18045e-07,6.18203e-07
205.479452,6.54554e-07,6.53184e-07,6.83392e-07,6.64033e-07,6.6252e-07,4.70584e-07,6.50206e-07,6.37101e-07,1.07423e-06,1.04978e-06,1.82984e-07,1.82765e-07,1.82429e-07,1.82204e-07,1.82832e-07,1.82937e-07
207.436399,6.49084e-07,6.49352e-07,6.75727e-07,6.56521e-07,6.5332e-07,4.71377e-07,6.43025e-07,6.30553e-07,1.0476e-06,1.02764e-06,7.72601e-07,7.72397e-07,7.72152e-07,7.72084e-07,7.72336e-07,7.72648e-07
209.393346,6.40775e-07,6.41723e-07,6.67785e-07,6.48691e-07,6.44388e-07,4.71566e-07,6.35816e-07,6.25271e-07,1.01937e-06,1.00253e-06,5.90084e-07,5.8984e-07,5.89543e-07,5.89505e-07,5.89621e-07,5.90076e-07
211.350294,6.34578e-07,6.36109e-07,6.59754e-07,6.41537e-07,6.37132e-07,4.7138e-07,6.30118e-07,6.21185e-07,9.94933e-07,9.76024e-07,1.82958e-07,1.82704e-07,1.82377e-07,1.82313e-07,1.82438e-07,1.82565e-07
213.307241,6.29522e-07,6.31347e-07,6.53541e-07,6.35437e-07,6.29611e-07,4.70553e-07,6.24971e-07,6.17456e-07,9.66359e-07,9.50257e-07,7.58796e-07,7.5845e-07,7.58314e-07,7.58083e-07,7.58253e-07,7.58205e-07
215.264188,6.23214e-07,6.2576e-07,6.46021e-07,6.2842e-07,6.23763e-07,4.69828e-07,6.20202e-07,6.14176e-07,9.33972e-07,9.25503e-07,5.76117e-07,5.75852e-07,5.75622e-07,5.75461e-07,5.75707e-07,5.75635e-07
217.221135,6.20428e-07,6.23746e-07,6.41955e-07,6.24525e-07,6.18465e-07,4.6776e-07,6.1603e-07,6.117e-07,9.09333e-07,9.03427e-07,1.83044e-07,1.8278e-07,1.82449e-07,1.82381e-07,1.82496e-07,1.82608e-07
219.178082,6.15687e-07,6.20434e-07,6.3783e-07,6.19801e-07,6.1447e-07,4.65453e-07,6.13107e-07,6.10809e-07,8.91546e-07,8.82758e-07,7.30433e-07,7.30147e-07,7.2974e-07,7.29685e-07,7.30324e-07,7.30025e-07
221.135029,6.14911e-07,6.20148e-07,6.35143e-07,6.181e-07,6.10626e-07,4.62434e-07,6.10723e-07,6.09557e-07,8.69918e-07,8.6548e-07,5.62454e-07,5.62196e-07,5.61849e-07,5.61542e-07,5.62021e-07,5.62209e-07
223.091977,6.13602e-07,6.19048e-07,6.32597e-07,6.17558e-07,6.09082e-07,4.58843e-07,6.09175e-07,6.09124e-07,8.49331e-07,8.50078e-07,1.83178e-07,1.82867e-07,1.82662e-07,1.82543e-07,1.82592e-07,1.82761e-07
225.048924,6.13623e-07,6.2019e-07,6.30634e-07,6.17311e-07,6.08361e-07,4.55247e-07,6.08272e-07,6.09254e-07,8.36396e-07,8.36485e-07,7.17084e-07,7.16907e-07,7.16649e-07,7.15969e-07,7.16418e-07,7.16601e-07
227.005871,6.14218e-07,6.21898e-07,6.3001e-07,6.18486e-07,6.07474e-07,4.51589e-07,6.08022e-07,6.09853e-07,8.28899e-07,8.25603e-07,5.34626e-07,5.34151e-07,5.34009e-07,5.33615e-07,5.33863e-07,5.33988e-07
228.962818,6.14334e-07,6.23176e-07,6.28787e-07,6.19075e-07,6.06919e-07,4.47041e-07,6.07662e-07,6.10527e-07,8.15333e-07,8.16842e-07,1.83619e-07,1.8299e-07,1.82758e-07,1.82709e-07,1.82421e-07,1.82512e-07
230.919765,6.16054e-07,6.25038e-07,6.27946e-07,6.20714e-07,6.07211e-07,4.42226e-07,6.08089e-07,6.12034e-07,8.05457e-07,8.10031e-07,7.03021e-07,7.03089e-07,7.02695e-07,7.02206e-07,7.02212e-07,7.02437e-07
232.876712,6.16749e-07,6.26406e-07,6.28546e-07,6.22255e-07,6.07635e-07,4.37451e-07,6.0809e-07,6.12038e-07,8.0286e-07,8.04791e-07,5.20321e-07,5.20309e-07,5.1997e-07,5.19631e-07,5.19419e-07,5.19843e-07
234.833659,6.17198e-07,6.2759e-07,6.27819e-07,6.23782e-07,6.08732e-07,4.32641e-07,6.07632e-07,6.1235e-07,8.02412e-07,8.02296e-07,1.83308e-07,1.82888e-07,1.82675e-07,1.82568e-07,1.82058e-07,1.8256e-07
236.790607,6.17179e-07,6.28313e-07,6.27659e-07,6.25885e-07,6.08629e-07,4.28225e-07,6.06958e-07,6.11256e-07,7.96934e-07,8.02194e-07,6.89094e-07,6.88673e-07,6.88469e-07,6.87993e-07,6.88163e-07,6.88612e-07
238.747554,6.16078e-07,6.27482e-07,6.2583e-07,6.26153e-07,6.08647e-07,4.24052e-07,6.04592e-07,6.10102e-07,7.96104e-07,8.03724e-07,5.06307e-07,5.0571e-07,5.05493e-07,5.05283e-07,5.05508e-07,5.05737e-07
240.704501,6.1443e-07,6.26758e-07,6.24065e-07,6.26028e-07,6.08182e-07,4.19988e-07,6.02564e-07,6.07896e-07,8.02371e-07,8.07652e-07,1.82978e-07,1.82381e-07,1.82176e-07,1.82249e-07,1.82491e-07,1.82693e-07
242.661448,6.15044e-07,6.24154e-07,6.2135e-07,6.31959e-07,6.06497e-07,4.15925e-07,5.98871e-07,6.04282e-07,8.09216e-07,8.14191e-07,6.74719e-07,6.74331e-07,6.74128e-07,6.73765e-07,6.74134e-07,6.74285e-07
244.618395,6.07683e-07,6.20516e-07,6.1756e-07,6.23057e-07,6.04135e-07,4.11884e-07,5.94679e-07,6.00102e-07,8.12199e-07,8.22286e-07,4.91627e-07,4.91248e-07,4.91071e-07,4.9094e-07,4.91414e-07,4.91691e-07
246.575342,6.01704e-07,6.1472e-07,6.11881e-07,6.18848e-07,5.99968e-07,4.08433e-07,5.88961e-07,5.95754e-07,8.21593e-07,8.32332e-07,1.82164e-07,1.81887e-07,1.81736e-07,1.81869e-07,1.82383e-07,1.82321e-07
248.532290,5.95382e-07,6.08218e-07,6.06263e-07,6.13588e-07,5.95164e-07,4.05564e-07,5.83274e-07,5.89455e-07,8.36913e-07,8.45477e-07,6.59879e-07,6.59618e-07,6.59464e-07,6.59136e-07,6.59983e-07,6.5972e-07
250.489237,5.87797e-07,6.00817e-07,6.0044e-07,6.07294e-07,5.89192e-07,4.02945e-07,5.7723e-07,5.8189e-07,8.49637e-07,8.60151e-07,4.7714e-07,4.77079e-07,4.76815e-07,4.76532e-07,4.77067e-07,4.77351e-07
252.446184,5.79529e-07,5.91846e-07,5.92389e-07,5.99875e-07,5.82702e-07,4.00454e-07,5.71006e-07,5.73944e-07,8.61939e-07,8.76233e-07,1.82018e-07,1.81716e-07,1.8157e-07,1.81617e-07,1.82149e-07,1.8218e-07
254.403131,5.71733e-07,5.82947e-07,5.84396e-07,5.91507e-07,5.75181e-07,3.98045e-07,5.64326e-07,5.6543e-07,8.79359e-07,8.93177e-07,6.45451e-07,6.45144e-07,6.45308e-07,6.45273e-07,6.45444e-07,6.45619e-07
256.360078,5.62036e-07,5.73091e-07,5.75667e-07,5.83314e-07,5.67463e-07,3.9583e-07,5.57632e-07,5.56536e-07,9.00334e-07,9.09789e-07,4.62809e-07,4.62555e-07,4.62344e-07,4.62387e-07,4.6292e-07,4.63283e-07
258.317025,5.53717e-07,5.63494e-07,5.67218e-07,5.73699e-07,5.59252e-07,3.94291e-07,5.50881e-07,5.46058e-07,9.15179e-07,9.25259e-07,1.82001e-07,1.81802e-07,1.81613e-07,1.81611e-07,1.8214e-07,1.82317e-07
260.273973,5.4353e-07,5.52864e-07,5.58085e-07,5.642e-07,5.50605e-07,3.9294e-07,5.44413e-07,5.35571e-07,9.28433e-07,9.37751e-07,6.3137e-07,6.31189e-07,6.30747e-07,6.30995e-07,6.31454e-07,6.31642e-07
262.230920,5.34796e-07,5.43342e-07,5.48219e-07,5.53625e-07,5.4196e-07,3.91661e-07,5.38268e-07,5.25404e-07,9.43128e-07,9.4675e-07,4.4891e-07,4.48718e-07,4.48474e-07,4.48537e-07,4.4895e-07,4.49261e-07
264.187867,5.26519e-07,5.34884e-07,5.40157e-07,5.44879e-07,5.33673e-07,3.90202e-07,5.32842e-07,5.1565e-07,9.55233e-07,9.50631e-07,1.82257e-07,1.82023e-07,1.8181e-07,1.81837e-07,1.82001e-07,1.82113e-07
266.144814,5.16969e-07,5.24547e-07,5.30204e-07,5.33583e-07,5.23714e-07,3.896e-07,5.27406e-07,5.0729e-07,9.57061e-07,9.49571e-07,6.17632e-07,6.17417e-07,6.17208e-07,6.172e-07,6.17642e-07,6.17754e-07
268.101761,5.13699e-07,5.20344e-07,5.27157e-07,5.29122e-07,5.19528e-07,3.88693e-07,5.23815e-07,5.00049e-07,9.54934e-07,9.4308e-07,4.49219e-07,4.48947e-07,4.48737e-07,4.48758e-07,4.48909e-07,4.49022e-07
270.058708,5.06492e-07,5.12105e-07,5.19359e-07,5.21103e-07,5.12828e-07,3.87637e-07,5.20484e-07,4.94396e-07,9.5163e-07,9.31525e-07,1.825e-07,1.82249e-07,1.82e-07,1.82051e-07,1.81856e-07,1.82019e-07
272.015656,5.06666e-07,5.10158e-07,5.18326e-07,5.18903e-07,5.10468e-07,3.87316e-07,5.18733e-07,4.90871e-07,9.41476e-07,9.16824e-07,6.03755e-07,6.03506e-07,6.03361e-07,6.03285e-07,6.03555e-07,6.03581e-07
273.972603,5.03502e-07,5.05443e-07,5.14227e-07,5.15395e-07,5.07409e-07,3.86841e-07,5.17503e-07,4.87714e-07,9.23559e-07,8.98948e-07,4.35189e-07,4.34961e-07,4.34809e-07,4.34708e-07,4.34794e-07,4.34779e-07
275.929550,5.02076e-07,5.01764e-07,5.10379e-07,5.1157e-07,5.04289e-07,3.85961e-07,5.1537e-07,4.84187e-07,9.0567e-07,8.79407e-07,1.82351e-07,1.82183e-07,1.82035e-07,1.81852e-07,1.82092e-07,1.8206e-07
277.886497,5.01137e-07,4.99299e-07,5.08395e-07,5.10242e-07,5.02478e-07,3.85178e-07,5.13634e-07,4.80796e-07,8.89459e-07,8.59444e-07,6.03529e-07,6.03376e-07,6.03217e-07,6.03063e-07,6.03401e-07,6.0341e-07
279.843444,4.96979e-07,4.93526e-07,5.00336e-07,5.03879e-07,4.97758e-07,3.84102e-07,5.09503e-07,4.77709e-07,8.68661e-07,8.39808e-07,4.20841e-07,4.20687e-07,4.20565e-07,4.20419e-07,4.20811e-07,4.20876e-07
281.800391,4.95714e-07,4.91076e-07,4.9759e-07,5.02152e-07,4.9545e-07,3.83421e-07,5.05095e-07,4.73939e-07,8.46931e-07,8.20967e-07,1.8199e-07,1.81831e-07,1.81719e-07,1.81589e-07,1.82009e-07,1.82145e-07
283.757339,4.90404e-07,4.83717e-07,4.89442e-07,4.96364e-07,4.90017e-07,3.82531e-07,5.00061e-07,4.70516e-07,8.2896e-07,8.03261e-07,5.89076e-07,5.88952e-07,5.88822e-07,5.88747e-07,5.89174e-07,5.89328e-07
285.714286,4.88406e-07,4.81062e-07,4.85936e-07,4.93949e-07,4.86149e-07,3.81445e-07,4.93721e-07,4.67521e-07,8.13708e-07,7.86738e-07,4.06461e-07,4.06327e-07,4.06199e-07,4.06153e-07,4.06654e-07,4.0676e-07
287.671233,4.86872e-07,4.78341e-07,4.82589e-07,4.93305e-07,4.8399e-07,3.80041e-07,4.89392e-07,4.65988e-07,7.95411e-07,7.71792e-07,1.8175e-07,1.81579e-07,1.81402e-07,1.81399e-07,1.81948e-07,1.82024e-07
289.628180,4.84726e-07,4.75864e-07,4.80283e-07,4.92005e-07,4.80433e-07,3.78504e-07,4.85027e-07,4.66183e-07,7.79194e-07,7.57464e-07,5.74824e-07,5.74742e-07,5.74513e-07,5.74541e-07,5.75159e-07,5.75182e-07
291.585127,4.88167e-07,4.79106e-07,4.82852e-07,4.9784e-07,4.83233e-07,3.76904e-07,4.84256e-07,4.68059e-07,7.66885e-07,7.45434e-07,3.92282e-07,3.92136e-07,3.91971e-07,3.91988e-07,3.92655e-07,3.92634e-07
293.542074,4.87477e-07,4.78838e-07,4.81883e-07,4.98603e-07,4.82143e-07,3.75073e-07,4.8387e-07,4.70742e-07,7.56118e-07,7.34117e-07,1.81564e-07,1.81407e-07,1.8126e-07,1.81276e-07,1.82008e-07,1.81977e-07
295.499022,4.92933e-07,4.85805e-07,4.87271e-07,5.0509e-07,4.85617e-07,3.7345e-07,4.8503e-07,4.74162e-07,7.43082e-07,7.24098e-07,5.60726e-07,5.60549e-07,5.60401e-07,5.60449e-07,5.61164e-07,5.61116e-07
297.455969,4.93085e-07,4.87636e-07,4.87853e-07,5.06073e-07,4.85845e-07,3.71485e-07,4.86241e-07,4.78314e-07,7.3256e-07,7.15595e-07,3.92297e-07,3.92108e-07,3.91931e-07,3.91934e-07,3.92596e-07,3.92609e-07
299.412916,4.92773e-07,4.9137e-07,4.89773e-07,5.07362e-07,4.84926e-07,3.69303e-07,4.85359e-07,4.8124e-07,7.26436e-07,7.07969e-07,1.81643e-07,1.81426e-07,1.81267e-07,1.81267e-07,1.81929e-07,1.81992e-07
301.369863,4.92124e-07,4.92789e-07,4.89977e-07,5.07179e-07,4.84441e-07,3.66885e-07,4.85112e-07,4.83055e-07,7.20741e-07,7.01315e-07,5.60917e-07,5.60652e-07,5.60501e-07,5.60501e-07,5.61032e-07,5.61124e-07
303.326810,4.85706e-07,4.91583e-07,4.8745e-07,5.03594e-07,4.79906e-07,3.6437e-07,4.8236e-07,4.83861e-07,7.12102e-07,6.96095e-07,3.78341e-07,3.78113e-07,3.78112e-07,3.77916e-07,3.78376e-07,3.78473e-07
305.283757,4.84101e-07,4.93327e-07,4.88262e-07,5.02972e-07,4.78966e-07,3.62195e-07,4.79775e-07,4.84746e-07,7.07181e-07,6.91636e-07,1.81846e-07,1.81531e-07,1.81384e-07,1.81398e-07,1.8181e-07,1.8195e-07
307.240705,4.7765e-07,4.91141e-07,4.85077e-07,4.98294e-07,4.75218e-07,3.5987e-07,4.77704e-07,4.85497e-07,7.06494e-07,6.88163e-07,5.47071e-07,5.46782e-07,5.46681e-07,5.46599e-07,5.46925e-07,5.47238e-07
309.197652,4.76541e-07,4.93337e-07,4.86297e-07,4.97598e-07,4.74359e-07,3.57378e-07,4.74921e-07,4.85707e-07,7.03076e-07,6.85777e-07,3.64445e-07,3.64211e-07,3.64215e-07,3.63948e-07,3.64035e-07,3.64334e-07
311.154599,4.7385e-07,4.93106e-07,4.85035e-07,4.95483e-07,4.74912e-07,3.54711e-07,4.74434e-07,4.85659e-07,6.99759e-07,6.84384e-07,1.81833e-07,1.81668e-07,1.81513e-07,1.81458e-07,1.81761e-07,1.81816e-07
313.111546,4.7266e-07,4.93687e-07,4.85372e-07,4.93864e-07,4.75444e-07,3.5178e-07,4.73093e-07,4.84765e-07,6.99602e-07,6.8382e-07,5.47035e-07,5.47097e-07,5.46961e-07,5.4652e-07,5.46813e-07,5.46827e-07
315.068493,4.73343e-07,4.95054e-07,4.85761e-07,4.93961e-07,4.78358e-07,3.49041e-07,4.73432e-07,4.83343e-07,7.02117e-07,6.84282e-07,3.64357e-07,3.64122e-07,3.64143e-07,3.63813e-07,3.64116e-07,3.64141e-07
317.025440,4.70544e-07,4.92931e-07,4.84311e-07,4.90873e-07,4.78629e-07,3.46528e-07,4.72876e-07,4.80271e-07,7.02484e-07,6.85546e-07,1.81599e-07,1.81517e-07,1.8136e-07,1.81233e-07,1.8157e-07,1.81632e-07
318.982387,4.70704e-07,4.90537e-07,4.83493e-07,4.8919e-07,4.7812e-07,3.43619e-07,4.69402e-07,4.753e-07,7.03606e-07,6.87218e-07,5.32869e-07,5.32517e-07,5.32435e-07,5.32204e-07,5.32594e-07,5.32626e-07
320.939335,4.65369e-07,4.84183e-07,4.78149e-07,4.84305e-07,4.74305e-07,3.40786e-07,4.65289e-07,4.68795e-07,7.08268e-07,6.89937e-07,3.4989e-07,3.49776e-07,3.4973e-07,3.49468e-07,3.49939e-07,3.49977e-07
322.896282,4.60384e-07,4.76194e-07,4.72287e-07,4.79331e-07,4.67967e-07,3.37364e-07,4.58068e-07,4.60974e-07,7.14345e-07,6.9358e-07,1.81279e-07,1.81198e-07,1.81118e-07,1.80901e-07,1.81475e-07,1.81516e-07
324.853229,4.5416e-07,4.67447e-07,4.65235e-07,4.73483e-07,4.61413e-07,3.34158e-07,4.50988e-07,4.5311e-07,7.17709e-07,6.98318e-07,5.18244e-07,5.1815e-07,5.18096e-07,5.17848e-07,5.1852e-07,5.18565e-07
326.810176,4.4706e-07,4.57644e-07,4.57835e-07,4.66451e-07,4.53908e-07,3.30896e-07,4.43626e-07,4.45369e-07,7.22691e-07,7.02987e-07,3.49578e-07,3.49503e-07,3.49446e-07,3.49216e-07,3.49947e-07,3.49984e-07
328.767123,4.41838e-07,4.48416e-07,4.50788e-07,4.5965e-07,4.48009e-07,3.27738e-07,4.36043e-07,4.37743e-07,7.30963e-07,7.08703e-07,1.81035e-07,1.80944e-07,1.80891e-07,1.807e-07,1.81463e-07,1.81579e-07
330.724070,4.35836e-07,4.3899e-07,4.44e-07,4.53105e-07,4.42262e-07,3.24564e-07,4.30281e-07,4.30842e-07,7.38705e-07,7.14827e-07,5.18007e-07,5.1794e-07,5.17859e-07,5.1772e-07,5.18451e-07,5.18509e-07
332.681018,4.31619e-07,4.30811e-07,4.36819e-07,4.46448e-07,4.36497e-07,3.21161e-07,4.23635e-07,4.24835e-07,7.42898e-07,7.21019e-07,3.35382e-07,3.35326e-07,3.35259e-07,3.35112e-07,3.35798e-07,3.35856e-07
334.637965,4.26369e-07,4.23267e-07,4.30098e-07,4.40117e-07,4.31023e-07,3.17601e-07,4.18745e-07,4.18946e-07,7.49362e-07,7.27306e-07,1.80894e-07,1.80865e-07,1.80759e-07,1.8066e-07,1.81292e-07,1.81373e-07
336.594912,4.21972e-07,4.16047e-07,4.23793e-07,4.34141e-07,4.25316e-07,3.13993e-07,4.12833e-07,4.12404e-07,7.57199e-07,7.33634e-07,5.03975e-07,5.0385e-07,5.03795e-07,5.0368e-07,5.04218e-07,5.04434e-07
338.551859,4.16588e-07,4.09275e-07,4.16892e-07,4.26932e-07,4.18981e-07,3.10551e-07,4.07137e-07,4.05281e-07,7.62405e-07,7.3914e-07,3.35384e-07,3.35313e-07,3.35235e-07,3.35129e-07,3.35619e-07,3.35741e-07
340.508806,4.10952e-07,4.02367e-07,4.10394e-07,4.2067e-07,4.12061e-07,3.07121e-07,4.00237e-07,3.97745e-07,7.63248e-07,7.43843e-07,1.80969e-07,1.80855e-07,1.80785e-07,1.80704e-07,1.81145e-07,1.81232e-07
342.465753,4.04421e-07,3.94088e-07,4.02289e-07,4.12237e-07,4.03738e-07,3.04006e-07,3.91695e-07,3.89816e-07,7.65919e-07,7.47412e-07,5.0402e-07,5.03877e-07,5.03822e-07,5.03752e-07,5.04125e-07,5.042e-07
344.422701,3.9871e-07,3.87924e-07,3.96211e-07,4.05665e-07,3.96325e-07,3.00637e-07,3.84461e-07,3.82075e-07,7.67748e-07,7.49152e-07,3.21503e-07,3.21344e-07,3.21309e-07,3.21172e-07,3.21325e-07,3.21619e-07
346.379648,3.93109e-07,3.81153e-07,3.88925e-07,3.98177e-07,3.88653e-07,2.97177e-07,3.77101e-07,3.75023e-07,7.64383e-07,7.49009e-07,1.81114e-07,1.80955e-07,1.80899e-07,1.80763e-07,1.81143e-07,1.80978e-07
348.336595,3.88714e-07,3.76936e-07,3.84248e-07,3.93124e-07,3.82686e-07,2.93988e-07,3.72055e-07,3.69006e-07,7.58348e-07,7.47412e-07,4.9013e-07,4.89962e-07,4.89888e-07,4.89783e-07,4.90103e-07,4.90171e-07
350.293542,3.85436e-07,3.72503e-07,3.79648e-07,3.89018e-07,3.78377e-07,2.909e-07,3.68276e-07,3.64332e-07,7.5323e-07,7.44095e-07,3.21615e-07,3.2147e-07,3.21415e-07,3.21211e-07,3.21574e-07,3.21698e-07
352.250489,3.8197e-07,3.69446e-07,3.75198e-07,3.84767e-07,3.74029e-07,2.88071e-07,3.64524e-07,3.60845e-07,7.47174e-07,7.3935e-07,1.81137e-07,1.80994e-07,1.80954e-07,1.80751e-07,1.81097e-07,1.80944e-07
354.207436,3.81386e-07,3.68234e-07,3.73339e-07,3.83716e-07,3.72782e-07,2.85498e-07,3.62603e-07,3.57894e-07,7.36611e-07,7.33063e-07,4.90057e-07,4.89899e-07,4.89861e-07,4.89679e-07,4.90034e-07,4.90068e-07
356.164384,3.77887e-07,3.6583e-07,3.69586e-07,3.79718e-07,3.69557e-07,2.82979e-07,3.59701e-07,3.55866e-07,7.25927e-07,7.2539e-07,3.07404e-07,3.07272e-07,3.07259e-07,3.07028e-07,3.07387e-07,3.0746e-07
358.121331,3.78233e-07,3.65933e-07,3.69901e-07,3.80116e-07,3.68915e-07,2.8054e-07,3.58465e-07,3.54438e-07,7.17009e-07,7.17539e-07,1.80704e-07,1.80785e-07,1.80779e-07,1.80545e-07,1.8097e-07,1.80851e-07
360.078278,3.75214e-07,3.6374e-07,3.67394e-07,3.77055e-07,3.66395e-07,2.78463e-07,3.5707e-07,3.53256e-07,7.08262e-07,7.08819e-07,4.75679e-07,4.75607e-07,4.75571e-07,4.75353e-07,4.75811e-07,4.75901e-07
362.035225,3.73976e-07,3.62263e-07,3.66677e-07,3.7549e-07,3.63916e-07,2.76476e-07,3.55446e-07,3.52125e-07,6.96408e-07,7.00459e-07,3.07098e-07,3.07033e-07,3.07021e-07,3.06807e-07,3.07323e-07,3.07394e-07
363.992172,3.72542e-07,3.60862e-07,3.651e-07,3.74241e-07,3.62484e-07,2.74994e-07,3.54818e-07,3.50878e-07,6.86879e-07,6.91888e-07,1.80631e-07,1.80571e-07,1.80546e-07,1.80348e-07,1.80927e-07,1.80965e-07
365.949119,3.68654e-07,3.58413e-07,3.62165e-07,3.70581e-07,3.58645e-07,2.73712e-07,3.53336e-07,3.49915e-07,6.79048e-07,6.83174e-07,4.75414e-07,4.7538e-07,4.75351e-07,4.75158e-07,4.75804e-07,4.75825e-07
367.906067,3.69934e-07,3.59648e-07,3.6298e-07,3.71733e-07,3.58749e-07,2.72567e-07,3.54017e-07,3.49319e-07,6.71442e-07,6.75367e-07,2.92886e-07,2.92859e-07,2.9281e-07,2.92631e-07,2.93329e-07,2.93254e-07
369.863014,3.67711e-07,3.5846e-07,3.61416e-07,3.69649e-07,3.57276e-07,2.71617e-07,3.54757e-07,3.49334e-07,6.63216e-07,6.68507e-07,1.80528e-07,1.80501e-07,1.80437e-07,1.80277e-07,1.80931e-07,1.80876e-07
371.819961,3.71647e-07,3.62137e-07,3.64694e-07,3.7293e-07,3.59353e-07,2.71003e-07,3.56466e-07,3.50179e-07,6.57096e-07,6.61765e-07,4.61559e-07,4.61267e-07,4.61192e-07,4.61062e-07,4.61776e-07,4.61721e-07
373.776908,3.72198e-07,3.6368e-07,3.65514e-07,3.74072e-07,3.60994e-07,2.7074e-07,3.5908e-07,3.52398e-07,6.53154e-07,6.56501e-07,2.92911e-07,2.92828e-07,2.92744e-07,2.92658e-07,2.93274e-07,2.93247e-07
375.733855,3.7626e-07,3.6794e-07,3.69445e-07,3.77829e-07,3.63632e-07,2.70843e-07,3.62047e-07,3.55643e-07,6.48558e-07,6.51819e-07,1.80391e-07,1.80522e-07,1.80435e-07,1.80308e-07,1.80889e-07,1.80885e-07
377.690802,3.80795e-07,3.72865e-07,3.74063e-07,3.82852e-07,3.68344e-07,2.71237e-07,3.67007e-07,3.59333e-07,6.44759e-07,6.48546e-07,4.61419e-07,4.6132e-07,4.61231e-07,4.61167e-07,4.61721e-07,4.61754e-07
379.647750,3.83359e-07,3.75264e-07,3.77565e-07,3.85532e-07,3.70615e-07,2.71643e-07,3.71009e-07,3.63924e-07,6.43369e-07,6.45983e-07,2.79032e-07,2.78892e-07,2.78806e-07,2.78769e-07,2.7918e-07,2.79199e-07
381.604697,3.89301e-07,3.8107e-07,3.83522e-07,3.91433e-07,3.75753e-07,2.72339e-07,3.75783e-07,3.6848e-07,6.43943e-07,6.43718e-07,1.80705e-07,1.80397e-07,1.8053e-07,1.80421e-07,1.80822e-07,1.8086e-07
383.561644,3.90079e-07,3.81922e-07,3.85094e-07,3.93467e-07,3.77577e-07,2.73202e-07,3.79359e-07,3.73036e-07,6.42361e-07,6.42799e-07,4.61592e-07,4.61414e-07,4.61337e-07,4.61326e-07,4.6166e-07,4.61712e-07
385.518591,3.93615e-07,3.85265e-07,3.88727e-07,3.97267e-07,3.80091e-07,2.74362e-07,3.81861e-07,3.76389e-07,6.42604e-07,6.42556e-07,2.79184e-07,2.79027e-07,2.7897e-07,2.78854e-07,2.79135e-07,2.79139e-07
387.475538,3.9427e-07,3.86112e-07,3.89474e-07,3.99229e-07,3.82623e-07,2.75859e-07,3.84172e-07,3.79118e-07,6.44953e-07,6.42173e-07,1.80798e-07,1.80666e-07,1.80616e-07,1.80487e-07,1.8079e-07,1.80795e-07
389.432485,3.94642e-07,3.86283e-07,3.90446e-07,3.99799e-07,3.83306e-07,2.77453e-07,3.84947e-07,3.81138e-07,6.48132e-07,6.42678e-07,4.47631e-07,4.4743e-07,4.47384e-07,4.47322e-07,4.47569e-07,4.47612e-07
391.389432,3.97359e-07,3.88239e-07,3.92783e-07,4.02418e-07,3.87086e-07,2.78898e-07,3.86302e-07,3.83326e-07,6.48968e-07,6.43231e-07,2.65065e-07,2.64898e-07,2.64858e-07,2.64689e-07,2.64978e-07,2.65005e-07
393.346380,3.95497e-07,3.86094e-07,3.92044e-07,4.01283e-07,3.87624e-07,2.80315e-07,3.86635e-07,3.85063e-07,6.51791e-07,6.44199e-07,1.80678e-07,1.80562e-07,1.8052e-07,1.80377e-07,1.80692e-07,1.80716e-07
395.303327,3.98977e-07,3.88486e-07,3.9482e-07,4.03441e-07,3.90476e-07,2.81832e-07,3.86947e-07,3.86189e-07,6.5642e-07,6.45743e-07,4.47431e-07,4.47289e-07,4.47247e-07,4.47123e-07,4.47522e-07,4.47525e-07
397.260274,3.97317e-07,3.86833e-07,3.9425e-07,4.02431e-07,3.91597e-07,2.83299e-07,3.87293e-07,3.86456e-07,6.59557e-07,6.47061e-07,2.64752e-07,2.64651e-07,2.64627e-07,2.64442e-07,2.64946e-07,2.64903e-07
399.217221,3.99788e-07,3.88297e-07,3.95605e-07,4.02414e-07,3.92365e-07,2.84688e-07,3.8578e-07,3.85812e-07,6.60592e-07,6.48771e-07,1.80438e-07,1.80318e-07,1.8028e-07,1.80149e-07,1.80677e-07,1.80662e-07
401.174168,4.00755e-07,3.87971e-07,3.95861e-07,4.02219e-07,3.94292e-07,2.86017e-07,3.8578e-07,3.8518e-07,6.63402e-07,6.49873e-07,4.33172e-07,4.33038e-07,4.32979e-07,4.32843e-07,4.33426e-07,4.33461e-07
403.131115,4.01407e-07,3.87593e-07,3.96607e-07,4.01984e-07,3.9537e-07,2.8649e-07,3.8533e-07,3.84964e-07,6.67193e-07,6.50737e-07,2.64587e-07,2.64535e-07,2.64487e-07,2.64257e-07,2.64852e-07,2.64889e-07
405.088063,4.06348e-07,3.92343e-07,4.02032e-07,4.06544e-07,4.01026e-07,2.87164e-07,3.88004e-07,3.88035e-07,6.68069e-07,6.51571e-07,1.83949e-07,1.83613e-07,1.83762e-07,1.80694e-07,1.80977e-07,1.81315e-07
407.045010,3.91488e-07,3.75805e-07,3.8743e-07,3.90977e-07,3.88292e-07,2.86297e-07,3.75593e-07,3.74691e-07,6.63098e-07,6.48933e-07,4.32945e-07,4.32868e-07,4.32832e-07,4.32677e-07,4.33278e-07,4.33365e-07
409.001957,3.85939e-07,3.69391e-07,3.81954e-07,3.84147e-07,3.82689e-07,2.85454e-07,3.68558e-07,3.68725e-07,6.60378e-07,6.46099e-07,2.50301e-07,2.50179e-07,2.50152e-07,2.50051e-07,2.50616e-07,2.50706e-07
410.958904,3.7739e-07,3.60028e-07,3.74386e-07,3.75238e-07,3.76538e-07,2.84104e-07,3.62176e-07,3.62348e-07,6.57415e-07,6.4205e-07,1.80089e-07,1.79981e-07,1.79949e-07,1.79856e-07,1.80374e-07,1.80452e-07
412.915851,3.70063e-07,3.52551e-07,3.67935e-07,3.67261e-07,3.69628e-07,2.82252e-07,3.55315e-07,3.56579e-07,6.49439e-07,6.36581e-07,4.32828e-07,4.32697e-07,4.32652e-07,4.32589e-07,4.33093e-07,4.33187e-07
414.872798,3.62748e-07,3.45085e-07,3.61261e-07,3.59398e-07,3.63102e-07,2.79335e-07,3.48851e-07,3.49946e-07,6.39748e-07,6.29519e-07,2.50287e-07,2.50136e-07,2.50088e-07,2.50062e-07,2.50459e-07,2.50546e-07
416.829746,3.53654e-07,3.3685e-07,3.54012e-07,3.50652e-07,3.55023e-07,2.75874e-07,3.42058e-07,3.43144e-07,6.30606e-07,6.21318e-07,1.80138e-07,1.79998e-07,1.79964e-07,1.79885e-07,1.80229e-07,1.80307e-07
418.786693,3.47208e-07,3.31004e-07,3.47905e-07,3.43336e-07,3.47793e-07,2.72116e-07,3.35078e-07,3.3679e-07,6.20122e-07,6.11492e-07,4.18845e-07,4.1869e-07,4.1866e-07,4.18605e-07,4.18937e-07,4.19008e-07
420.743640,3.39451e-07,3.24235e-07,3.41394e-07,3.36068e-07,3.40555e-07,2.67828e-07,3.29369e-07,3.30454e-07,6.05369e-07,6.00662e-07,2.50378e-07,2.50188e-07,2.50151e-07,2.50123e-07,2.50389e-07,2.50416e-07
422.700587,3.34836e-07,3.20154e-07,3.36438e-07,3.30151e-07,3.33874e-07,2.63037e-07,3.23366e-07,3.24851e-07,5.91738e-07,5.89338e-07,1.80205e-07,1.80051e-07,1.80032e-07,1.79902e-07,1.80183e-07,1.80181e-07
424.657534,3.30054e-07,3.16594e-07,3.31747e-07,3.25359e-07,3.28893e-07,2.58005e-07,3.18732e-07,3.19489e-07,5.78971e-07,5.77334e-07,4.18889e-07,4.18717e-07,4.187e-07,4.18609e-07,4.18857e-07,4.18885e-07
426.614481,3.26373e-07,3.1371e-07,3.27767e-07,3.212e-07,3.23604e-07,2.52409e-07,3.14152e-07,3.15076e-07,5.65505e-07,5.65224e-07,2.36355e-07,2.3616e-07,2.36156e-07,2.36047e-07,2.36263e-07,2.36276e-07
428.571429,3.22954e-07,3.11163e-07,3.23866e-07,3.16981e-07,3.18969e-07,2.46631e-07,3.10125e-07,3.11236e-07,5.5103e-07,5.53478e-07,1.80143e-07,1.79984e-07,1.79973e-07,1.79811e-07,1.8004e-07,1.80057e-07
430.528376,3.19608e-07,3.08677e-07,3.20802e-07,3.13636e-07,3.14816e-07,2.40938e-07,3.07155e-07,3.07482e-07,5.39006e-07,5.42149e-07,4.1877e-07,4.18598e-07,4.1859e-07,4.18473e-07,4.18721e-07,4.18758e-07
432.485323,3.16405e-07,3.0659e-07,3.17554e-07,3.10771e-07,3.10975e-07,2.353e-07,3.04195e-07,3.04656e-07,5.29545e-07,5.32876e-07,2.36148e-07,2.35993e-07,2.35985e-07,2.35835e-07,2.36098e-07,2.36146e-07
434.442270,3.13477e-07,3.05622e-07,3.15459e-07,3.09147e-07,3.08554e-07,2.29931e-07,3.02627e-07,3.0211e-07,5.21095e-07,5.25213e-07,1.79865e-07,1.79762e-07,1.7974e-07,1.79578e-07,1.79892e-07,1.79931e-07
436.399217,3.10834e-07,3.04945e-07,3.13256e-07,3.08237e-07,3.06752e-07,2.24532e-07,3.01137e-07,3.00217e-07,5.14909e-07,5.20257e-07,4.04447e-07,4.0433e-07,4.04317e-07,4.04206e-07,4.04533e-07,4.04594e-07
438.356164,3.06641e-07,3.03849e-07,3.09871e-07,3.08007e-07,3.05549e-07,2.19158e-07,2.99145e-07,2.98644e-07,5.14316e-07,5.18249e-07,2.21766e-07,2.21689e-07,2.21683e-07,2.21552e-07,2.21927e-07,2.21969e-07
440.313112,3.01106e-07,3.01346e-07,3.04942e-07,3.07605e-07,3.04081e-07,2.14058e-07,2.94871e-07,2.94992e-07,5.18966e-07,5.18443e-07,1.79548e-07,1.79487e-07,1.79474e-07,1.79349e-07,1.79771e-07,1.79766e-07
442.270059,2.90873e-07,2.92576e-07,2.93632e-07,3.01241e-07,2.97941e-07,2.09438e-07,2.85814e-07,2.89234e-07,5.22408e-07,5.14669e-07,4.04161e-07,4.04085e-07,4.04066e-07,4.03955e-07,4.04411e-07,4.04451e-07
444.227006,2.80288e-07,2.80329e-07,2.80708e-07,2.89621e-07,2.86859e-07,2.05098e-07,2.73847e-07,2.81299e-07,5.151e-07,4.97365e-07,2.21509e-07,2.21432e-07,2.21413e-07,2.21308e-07,2.2184e-07,2.21833e-07
446.183953,2.77325e-07,2.74233e-07,2.75073e-07,2.78352e-07,2.75504e-07,2.01223e-07,2.67851e-07,2.74277e-07,5.03711e-07,4.79063e-07,1.79402e-07,1.79291e-07,1.79266e-07,1.79166e-07,1.79652e-07,1.79652e-07
448.140900,2.60325e-07,2.65816e-07,2.60479e-07,2.6825e-07,2.67526e-07,1.97185e-07,2.52414e-07,2.53704e-07,4.84393e-07,4.77502e-07,4.04084e-07,4.0396e-07,4.03918e-07,4.0379e-07,4.04309e-07,4.04324e-07
450.097847,2.20159e-07,2.22449e-07,2.17941e-07,2.27612e-07,2.26666e-07,1.92916e-07,2.13206e-07,2.19003e-07,4.07214e-07,4.08697e-07,2.21722e-07,2.21469e-07,2.21374e-07,2.21213e-07,2.21768e-07,2.21756e-07
452.054795,1.98458e-07,1.97105e-07,1.96748e-07,1.9992e-07,1.98725e-07,1.89072e-07,1.91605e-07,1.98121e-07,3.62435e-07,3.59776e-07,1.82415e-07,1.81013e-07,1.80481e-07,1.79153e-07,1.80027e-07,1.80191e-07
454.011742,1.86279e-07,1.8436e-07,1.85842e-07,1.86128e-07,1.85724e-07,1.85727e-07,1.79725e-07,1.85462e-07,3.40872e-07,3.37944e-07,3.90249e-07,3.90009e-07,3.89915e-07,3.89729e-07,3.90196e-07,3.90211e-07
455.968689,1.79431e-07,1.77886e-07,1.80683e-07,1.79043e-07,1.79533e-07,1.82717e-07,1.73112e-07,1.779e-07,3.29328e-07,3.26762e-07,2.2151e-07,2.21317e-07,2.21272e-07,2.21258e-07,2.21619e-07,2.21616e-07
457.925636,1.76827e-07,1.75406e-07,1.79815e-07,1.76188e-07,1.78691e-07,1.80053e-07,1.70419e-07,1.74305e-07,3.23784e-07,3.233e-07,1.79402e-07,1.79259e-07,1.79249e-07,1.79183e-07,1.79459e-07,1.79441e-07
459.882583,1.77289e-07,1.75363e-07,1.81005e-07,1.75775e-07,1.80657e-07,1.77564e-07,1.70182e-07,1.7366e-07,3.27221e-07,3.29925e-07,3.89994e-07,3.89849e-07,3.89856e-07,3.898e-07,3.90081e-07,3.901e-07
461.839530,1.79843e-07,1.77212e-07,1.83721e-07,1.777e-07,1.84095e-07,1.75199e-07,1.72013e-07,1.75053e-07,3.43081e-07,3.48795e-07,2.07516e-07,2.07312e-07,2.07303e-07,2.07325e-07,2.075e-07,2.07505e-07
463.796477,1.83259e-07,1.79953e-07,1.86988e-07,1.79892e-07,1.87598e-07,1.73126e-07,1.7465e-07,1.78025e-07,3.7036e-07,3.76902e-07,1.79417e-07,1.79312e-07,1.79311e-07,1.79201e-07,1.7938e-07,1.79372e-07
465.753425,1.87913e-07,1.83942e-07,1.91143e-07,1.83327e-07,1.90949e-07,1.71298e-07,1.78013e-07,1.81591e-07,4.01808e-07,4.04777e-07,3.90027e-07,3.89899e-07,3.89897e-07,3.89857e-07,3.89986e-07,3.90023e-07
467.710372,1.93436e-07,1.887e-07,1.95844e-07,1.87513e-07,1.95431e-07,1.697e-07,1.82084e-07,1.8574e-07,4.28109e-07,4.23958e-07,2.07524e-07,2.07376e-07,2.07362e-07,2.07312e-07,2.07403e-07,2.07413e-07
469.667319,1.9833e-07,1.93393e-07,1.99973e-07,1.91053e-07,1.9866e-07,1.68306e-07,1.86087e-07,1.90175e-07,4.42342e-07,4.32508e-07,1.7934e-07,1.79251e-07,1.79251e-07,1.79121e-07,1.7928e-07,1.79278e-07
471.624266,2.04527e-07,1.99486e-07,2.05233e-07,1.96127e-07,2.02888e-07,1.66945e-07,1.90811e-07,1.94455e-07,4.4545e-07,4.3477e-07,3.89946e-07,3.89812e-07,3.89805e-07,3.89743e-07,3.89916e-07,3.89914e-07
473.581213,2.09372e-07,2.0489e-07,2.09435e-07,2.00421e-07,2.06448e-07,1.65786e-07,1.95413e-07,1.98813e-07,4.42587e-07,4.33611e-07,2.07317e-07,2.07231e-07,2.07214e-07,2.07114e-07,2.07368e-07,2.07326e-07
475.538160,2.14573e-07,2.10622e-07,2.13982e-07,2.05731e-07,2.09987e-07,1.64863e-07,1.99989e-07,2.0285e-07,4.38961e-07,4.31213e-07,1.79156e-07,1.79102e-07,1.79084e-07,1.78983e-07,1.79274e-07,1.79233e-07
477.495108,2.19347e-07,2.16474e-07,2.18498e-07,2.11526e-07,2.14421e-07,1.64236e-07,2.04941e-07,2.06663e-07,4.3528e-07,4.29157e-07,3.75658e-07,3.7558e-07,3.75576e-07,3.75496e-07,3.75831e-07,3.75793e-07
479.452055,2.22535e-07,2.20807e-07,2.21821e-07,2.16618e-07,2.17724e-07,1.63788e-07,2.09128e-07,2.10162e-07,4.3105e-07,4.27828e-07,1.93086e-07,1.93035e-07,1.93001e-07,1.92936e-07,1.9336e-07,1.93302e-07
481.409002,2.2626e-07,2.25127e-07,2.25594e-07,2.22712e-07,2.21703e-07,1.63587e-07,2.13256e-07,2.12882e-07,4.2833e-07,4.26919e-07,1.79019e-07,1.78958e-07,1.78929e-07,1.78892e-07,1.79285e-07,1.79232e-07
483.365949,2.27421e-07,2.26993e-07,2.27763e-07,2.274e-07,2.24453e-07,1.63525e-07,2.16642e-07,2.14963e-07,4.27848e-07,4.26942e-07,3.75501e-07,3.75474e-07,3.75448e-07,3.75404e-07,3.75839e-07,3.75841e-07
485.322896,2.29216e-07,2.28699e-07,2.29929e-07,2.32369e-07,2.27113e-07,1.63572e-07,2.19061e-07,2.16207e-07,4.27797e-07,4.27722e-07,1.9296e-07,1.92925e-07,1.92895e-07,1.92886e-07,1.93328e-07,1.93322e-07
487.279843,2.28851e-07,2.28043e-07,2.30602e-07,2.35729e-07,2.28972e-07,1.63902e-07,2.20947e-07,2.16718e-07,4.27704e-07,4.28916e-07,1.78959e-07,1.78895e-07,1.78874e-07,1.78873e-07,1.79236e-07,1.79238e-07
489.236791,2.27924e-07,2.26481e-07,2.30205e-07,2.37345e-07,2.29073e-07,1.64503e-07,2.21433e-07,2.16325e-07,4.2925e-07,4.30549e-07,3.75459e-07,3.75431e-07,3.75408e-07,3.75387e-07,3.75775e-07,3.75808e-07
491.193738,2.25845e-07,2.2366e-07,2.28671e-07,2.37411e-07,2.28573e-07,1.65162e-07,2.20931e-07,2.14873e-07,4.31967e-07,4.3254e-07,1.9299e-07,1.92901e-07,1.92878e-07,1.92933e-07,1.93262e-07,1.93254e-07
493.150685,2.21535e-07,2.18855e-07,2.24909e-07,2.34454e-07,2.25463e-07,1.65932e-07,2.18903e-07,2.12728e-07,4.34371e-07,4.34267e-07,1.79012e-07,1.7893e-07,1.78913e-07,1.78913e-07,1.79206e-07,1.79181e-07
495.107632,2.18181e-07,2.14891e-07,2.21511e-07,2.30959e-07,2.21857e-07,1.66732e-07,2.16096e-07,2.09893e-07,4.36138e-07,4.36141e-07,3.75552e-07,3.75485e-07,3.75447e-07,3.75453e-07,3.75742e-07,3.75733e-07
497.064579,2.13417e-07,2.09975e-07,2.16958e-07,2.26326e-07,2.17779e-07,1.67591e-07,2.12983e-07,2.07039e-07,4.38767e-07,4.37373e-07,1.93144e-07,1.93009e-07,1.92973e-07,1.93039e-07,1.93258e-07,1.93211e-07
499.021526,2.09871e-07,2.06305e-07,2.13372e-07,2.21905e-07,2.13583e-07,1.68582e-07,2.09688e-07,2.04356e-07,4.41567e-07,4.37709e-07,1.79157e-07,1.79061e-07,1.79041e-07,1.79012e-07,1.7921e-07,1.79153e-07
500.978474,2.06712e-07,2.02905e-07,2.10548e-07,2.18368e-07,2.10352e-07,1.69759e-07,2.07307e-07,2.01993e-07,4.42733e-07,4.38579e-07,3.6169e-07,3.61605e-07,3.6156e-07,3.61554e-07,3.61758e-07,3.61915e-07
502.935421,2.03804e-07,1.99963e-07,2.07568e-07,2.13698e-07,2.07012e-07,1.71094e-07,2.04174e-07,1.99747e-07,4.42874e-07,4.3807e-07,1.79276e-07,1.79104e-07,1.79095e-07,1.79123e-07,1.79273e-07,1.79224e-07
504.892368,2.01969e-07,1.97965e-07,2.05907e-07,2.10658e-07,2.04778e-07,1.72331e-07,2.01785e-07,1.97978e-07,4.43406e-07,4.37041e-07,1.79266e-07,1.79173e-07,1.79149e-07,1.79095e-07,1.79234e-07,1.79205e-07
506.849315,2.00144e-07,1.96195e-07,2.04312e-07,2.07935e-07,2.0269e-07,1.73633e-07,2.00116e-07,1.96724e-07,4.43564e-07,4.3523e-07,3.61764e-07,3.61647e-07,3.61622e-07,3.61607e-07,3.61739e-07,3.61751e-07
508.806262,1.99373e-07,1.95343e-07,2.03469e-07,2.06216e-07,2.01291e-07,1.74783e-07,1.98671e-07,1.95675e-07,4.41263e-07,4.32465e-07,1.7927e-07,1.79173e-07,1.7913e-07,1.79085e-07,1.7921e-07,1.79111e-07
510.763209,1.98138e-07,1.94267e-07,2.02386e-07,2.04274e-07,2.00185e-07,1.75911e-07,1.9778e-07,1.94846e-07,4.38254e-07,4.29334e-07,1.79204e-07,1.79155e-07,1.79115e-07,1.7903e-07,1.7917e-07,1.79189e-07
512.720157,1.97166e-07,1.93672e-07,2.01393e-07,2.02205e-07,1.98673e-07,1.77231e-07,1.96723e-07,1.94224e-07,4.35818e-07,4.25558e-07,3.61677e-07,3.61601e-07,3.61576e-07,3.61516e-07,3.6164e-07,3.61692e-07
514.677104,1.95891e-07,1.92812e-07,1.99598e-07,1.99971e-07,1.97232e-07,1.7868e-07,1.95438e-07,1.93789e-07,4.32457e-07,4.21429e-07,1.79109e-07,1.79057e-07,1.7903e-07,1.78952e-07,1.79105e-07,1.79136e-07
516.634051,1.94377e-07,1.92217e-07,1.97759e-07,1.97587e-07,1.9555e-07,1.79882e-07,1.94202e-07,1.93412e-07,4.27177e-07,4.16736e-07,1.79045e-07,1.79008e-07,1.78986e-07,1.78918e-07,1.79058e-07,1.79087e-07
518.590998,1.93482e-07,1.92133e-07,1.96154e-07,1.95539e-07,1.93976e-07,1.8064e-07,1.92936e-07,1.93192e-07,4.22229e-07,4.12309e-07,3.61499e-07,3.61471e-07,3.61439e-07,3.6138e-07,3.61547e-07,3.61576e-07
520.547945,1.92571e-07,1.92209e-07,1.94563e-07,1.94172e-07,1.92885e-07,1.81353e-07,1.91876e-07,1.93377e-07,4.18115e-07,4.07596e-07,1.78921e-07,1.78909e-07,1.78867e-07,1.78834e-07,1.79054e-07,1.7907e-07
522.504892,1.9213e-07,1.92701e-07,1.93474e-07,1.9319e-07,1.91893e-07,1.82057e-07,1.91033e-07,1.93793e-07,4.12841e-07,4.02974e-07,1.7889e-07,1.78871e-07,1.78839e-07,1.78817e-07,1.79051e-07,1.79035e-07
524.461840,1.92008e-07,1.93522e-07,1.92662e-07,1.92813e-07,1.91239e-07,1.82693e-07,1.90714e-07,1.94718e-07,4.06859e-07,3.98426e-07,3.47302e-07,3.47321e-07,3.47273e-07,3.47254e-07,3.47528e-07,3.47529e-07
526.418787,1.92218e-07,1.94333e-07,1.92112e-07,1.92773e-07,1.9114e-07,1.83006e-07,1.90448e-07,1.95687e-07,4.0176e-07,3.94062e-07,1.64765e-07,1.64753e-07,1.64718e-07,1.64732e-07,1.65058e-07,1.6503e-07
528.375734,1.92625e-07,1.95378e-07,1.91705e-07,1.92986e-07,1.91156e-07,1.82903e-07,1.90546e-07,1.9691e-07,3.9743e-07,3.89668e-07,1.92839e-07,1.92817e-07,1.92793e-07,1.92819e-07,1.93087e-07,1.93058e-07
530.332681,1.93585e-07,1.96615e-07,1.91808e-07,1.93559e-07,1.91548e-07,1.82313e-07,1.90981e-07,1.98273e-07,3.92287e-07,3.85159e-07,3.47243e-07,3.4724e-07,3.47205e-07,3.47229e-07,3.47519e-07,3.47511e-07
532.289628,1.94283e-07,1.97548e-07,1.91298e-07,1.93607e-07,1.91683e-07,1.81258e-07,1.91195e-07,1.9959e-07,3.86391e-07,3.80813e-07,1.64743e-07,1.64681e-07,1.64658e-07,1.64729e-07,1.64995e-07,1.64989e-07
534.246575,1.95312e-07,1.98457e-07,1.91076e-07,1.93528e-07,1.92033e-07,1.79873e-07,1.91644e-07,2.00696e-07,3.81878e-07,3.76451e-07,1.92857e-07,1.92798e-07,1.92773e-07,1.92814e-07,1.93009e-07,1.93017e-07
536.203523,1.95744e-07,1.98686e-07,1.90277e-07,1.93068e-07,1.9183e-07,1.78283e-07,1.91804e-07,2.01627e-07,3.77996e-07,3.71944e-07,3.47269e-07,3.47224e-07,3.47199e-07,3.47227e-07,3.474e-07,3.47449e-07
538.160470,1.96234e-07,1.99393e-07,1.89369e-07,1.92322e-07,1.91606e-07,1.7618e-07,1.918e-07,2.02583e-07,3.73161e-07,3.67769e-07,1.64816e-07,1.64703e-07,1.64681e-07,1.64764e-07,1.64853e-07,1.64911e-07
540.117417,1.96754e-07,1.99836e-07,1.88855e-07,1.91678e-07,1.9155e-07,1.73635e-07,1.9197e-07,2.03468e-07,3.68513e-07,3.63867e-07,1.92919e-07,1.92844e-07,1.92818e-07,1.92826e-07,1.92885e-07,1.92995e-07
542.074364,1.97069e-07,2.00237e-07,1.88326e-07,1.90793e-07,1.91319e-07,1.70803e-07,1.92254e-07,2.04319e-07,3.64975e-07,3.59915e-07,3.47328e-07,3.47244e-07,3.47239e-07,3.47259e-07,3.47292e-07,3.47347e-07
544.031311,1.97898e-07,2.00905e-07,1.88496e-07,1.90752e-07,1.91762e-07,1.67715e-07,1.92901e-07,2.04897e-07,3.61866e-07,3.5627e-07,1.64878e-07,1.6475e-07,1.64737e-07,1.64788e-07,1.64794e-07,1.6482e-07
545.988258,1.98278e-07,2.01358e-07,1.88398e-07,1.90116e-07,1.91889e-07,1.64544e-07,1.93459e-07,2.05242e-07,3.57805e-07,3.52758e-07,1.92933e-07,1.92874e-07,1.92854e-07,1.92804e-07,1.92829e-07,1.92843e-07
547.945205,1.99344e-07,2.02226e-07,1.89088e-07,1.90591e-07,1.92557e-07,1.61428e-07,1.9431e-07,2.05525e-07,3.54601e-07,3.49751e-07,3.47339e-07,3.47253e-07,3.47235e-07,3.47224e-07,3.47248e-07,3.47267e-07
549.902153,1.99621e-07,2.0259e-07,1.89257e-07,1.90743e-07,1.93207e-07,1.58239e-07,1.95008e-07,2.053e-07,3.52285e-07,3.46659e-07,1.50728e-07,1.50644e-07,1.50621e-07,1.50588e-07,1.50647e-07,1.50646e-07
551.859100,2.00286e-07,2.03267e-07,1.89589e-07,1.91137e-07,1.93598e-07,1.54925e-07,1.95454e-07,2.04523e-07,3.50023e-07,3.44084e-07,1.92831e-07,1.92794e-07,1.9278e-07,1.92702e-07,1.92782e-07,1.92765e-07
553.816047,2.00479e-07,2.03777e-07,1.89905e-07,1.91672e-07,1.94472e-07,1.51721e-07,1.958e-07,2.03181e-07,3.47286e-07,3.41826e-07,3.33183e-07,3.33145e-07,3.33122e-07,3.33059e-07,3.33149e-07,3.33168e-07
555.772994,1.99668e-07,2.03571e-07,1.8919e-07,1.91398e-07,1.94463e-07,1.48589e-07,1.95318e-07,2.01349e-07,3.45402e-07,3.39937e-07,1.50551e-07,1.50522e-07,1.50506e-07,1.50433e-07,1.50575e-07,1.50582e-07
557.729941,1.98894e-07,2.03392e-07,1.88893e-07,1.9176e-07,1.94767e-07,1.45754e-07,1.94295e-07,1.98902e-07,3.44366e-07,3.38327e-07,1.92669e-07,1.92643e-07,1.92631e-07,1.92564e-07,1.92695e-07,1.9271e-07
559.686888,1.96848e-07,2.02402e-07,1.877e-07,1.91204e-07,1.94333e-07,1.43109e-07,1.93029e-07,1.96001e-07,3.42932e-07,3.37075e-07,3.33026e-07,3.33009e-07,3.32992e-07,3.32919e-07,3.33069e-07,3.33121e-07
561.643836,1.94991e-07,2.01506e-07,1.86743e-07,1.91242e-07,1.93677e-07,1.40616e-07,1.91112e-07,1.92752e-07,3.41079e-07,3.36311e-07,1.50388e-07,1.50367e-07,1.50347e-07,1.50307e-07,1.50489e-07,1.50536e-07
563.600783,1.92405e-07,2.00106e-07,1.85426e-07,1.91048e-07,1.93288e-07,1.38321e-07,1.89273e-07,1.89238e-07,3.40505e-07,3.35873e-07,1.92549e-07,1.92512e-07,1.92508e-07,1.92464e-07,1.92628e-07,1.92661e-07
565.557730,1.89505e-07,1.98437e-07,1.83828e-07,1.90507e-07,1.92007e-07,1.36009e-07,1.87013e-07,1.85791e-07,3.4046e-07,3.35404e-07,3.32884e-07,3.32893e-07,3.32881e-07,3.32815e-07,3.33003e-07,3.33075e-07
567.514677,1.86635e-07,1.96572e-07,1.82326e-07,1.90358e-07,1.91007e-07,1.33936e-07,1.84464e-07,1.82143e-07,3.39265e-07,3.35201e-07,1.50287e-07,1.50251e-07,1.5025e-07,1.50239e-07,1.50445e-07,1.50487e-07
569.471624,1.83145e-07,1.94277e-07,1.79935e-07,1.89262e-07,1.8926e-07,1.32175e-07,1.81746e-07,1.78477e-07,3.38223e-07,3.34875e-07,1.92488e-07,1.92441e-07,1.92443e-07,1.92419e-07,1.92585e-07,1.92609e-07
571.428571,1.80022e-07,1.92184e-07,1.78079e-07,1.88537e-07,1.87565e-07,1.30639e-07,1.78975e-07,1.74879e-07,3.37676e-07,3.34749e-07,3.32847e-07,3.32838e-07,3.32828e-07,3.32782e-07,3.32971e-07,3.33015e-07
573.385519,1.76315e-07,1.89364e-07,1.7548e-07,1.87023e-07,1.85436e-07,1.29151e-07,1.7595e-07,1.71508e-07,3.36738e-07,3.34096e-07,1.5029e-07,1.50214e-07,1.50213e-07,1.50246e-07,1.50411e-07,1.50419e-07
575.342466,1.73118e-07,1.86899e-07,1.72917e-07,1.85205e-07,1.82698e-07,1.27763e-07,1.72799e-07,1.68308e-07,3.34846e-07,3.33601e-07,1.925e-07,1.92451e-07,1.92441e-07,1.92417e-07,1.92555e-07,1.92556e-07
577.299413,1.69846e-07,1.84206e-07,1.70353e-07,1.83221e-07,1.80089e-07,1.26567e-07,1.69757e-07,1.65234e-07,3.3291e-07,3.32596e-07,3.32869e-07,3.32836e-07,3.32821e-07,3.32799e-07,3.32954e-07,3.32969e-07
579.256360,1.66615e-07,1.81498e-07,1.67501e-07,1.8074e-07,1.76865e-07,1.25565e-07,1.66671e-07,1.62354e-07,3.30953e-07,3.31472e-07,1.36324e-07,1.36227e-07,1.36213e-07,1.36249e-07,1.36364e-07,1.36352e-07
581.213307,1.63797e-07,1.78978e-07,1.65303e-07,1.78663e-07,1.74107e-07,1.24782e-07,1.6375e-07,1.59742e-07,3.28425e-07,3.29541e-07,1.92551e-07,1.92503e-07,1.92479e-07,1.92436e-07,1.92543e-07,1.92517e-07
583.170254,1.61193e-07,1.76492e-07,1.63011e-07,1.76252e-07,1.71334e-07,1.24207e-07,1.6132e-07,1.5754e-07,3.24938e-07,3.27482e-07,3.18905e-07,3.18851e-07,3.18817e-07,3.18815e-07,3.18909e-07,3.18927e-07
585.127202,1.58969e-07,1.74191e-07,1.61052e-07,1.74395e-07,1.68916e-07,1.2357e-07,1.58886e-07,1.55614e-07,3.21532e-07,3.24949e-07,1.3639e-07,1.363e-07,1.36266e-07,1.3627e-07,1.36342e-07,1.36346e-07
587.084149,1.56932e-07,1.71943e-07,1.59252e-07,1.72337e-07,1.66703e-07,1.23142e-07,1.56798e-07,1.53859e-07,3.1845e-07,3.22018e-07,1.92583e-07,1.92535e-07,1.92499e-07,1.92439e-07,1.9252e-07,1.92532e-07
589.041096,1.55232e-07,1.70018e-07,1.57721e-07,1.7041e-07,1.64427e-07,1.22781e-07,1.54873e-07,1.52348e-07,3.14565e-07,3.18814e-07,3.18939e-07,3.18877e-07,3.18833e-07,3.18813e-07,3.18889e-07,3.18937e-07
590.998043,1.53602e-07,1.68018e-07,1.56321e-07,1.68643e-07,1.62639e-07,1.22478e-07,1.53051e-07,1.51123e-07,3.10043e-07,3.15416e-07,1.36366e-07,1.36311e-07,1.36268e-07,1.3622e-07,1.36314e-07,1.36334e-07
592.954990,1.5224e-07,1.66222e-07,1.55142e-07,1.6676e-07,1.6071e-07,1.22291e-07,1.51494e-07,1.50063e-07,3.06241e-07,3.11989e-07,1.92527e-07,1.92496e-07,1.92451e-07,1.92391e-07,1.92494e-07,1.92517e-07
594.911937,1.51104e-07,1.64487e-07,1.54268e-07,1.6513e-07,1.59205e-07,1.22204e-07,1.50075e-07,1.49102e-07,3.02826e-07,3.08302e-07,3.18871e-07,3.18836e-07,3.18795e-07,3.18742e-07,3.18839e-07,3.18891e-07
596.868885,1.49981e-07,1.62844e-07,1.53217e-07,1.63447e-07,1.5767e-07,1.22009e-07,1.48764e-07,1.48428e-07,2.98609e-07,3.04717e-07,1.36255e-07,1.36233e-07,1.3619e-07,1.3613e-07,1.36264e-07,1.3629e-07
598.825832,1.49119e-07,1.61161e-07,1.52403e-07,1.6176e-07,1.56224e-07,1.21731e-07,1.47512e-07,1.47699e-07,2.9433e-07,3.01078e-07,1.92433e-07,1.92409e-07,1.92365e-07,1.92326e-07,1.92439e-07,1.92463e-07
600.782779,1.4892e-07,1.60208e-07,1.5177e-07,1.6083e-07,1.5516e-07,1.21917e-07,1.47246e-07,1.47819e-07,2.91465e-07,2.9972e-07,3.18763e-07,3.18779e-07,3.18731e-07,3.18663e-07,3.18813e-07,3.18842e-07
602.739726,1.47989e-07,1.58342e-07,1.50877e-07,1.58951e-07,1.53815e-07,1.21289e-07,1.45696e-07,1.47014e-07,2.88024e-07,2.94749e-07,1.36146e-07,1.36132e-07,1.36092e-07,1.36071e-07,1.36235e-07,1.36253e-07
604.696673,1.47392e-07,1.56771e-07,1.50245e-07,1.57255e-07,1.52809e-07,1.20791e-07,1.4456e-07,1.46401e-07,2.8408e-07,2.90597e-07,1.92345e-07,1.92325e-07,1.9229e-07,1.9228e-07,1.92426e-07,1.92433e-07
606.653620,1.4718e-07,1.55437e-07,1.49646e-07,1.55918e-07,1.51856e-07,1.20377e-07,1.43946e-07,1.46158e-07,2.80709e-07,2.87324e-07,3.1869e-07,3.18685e-07,3.18643e-07,3.18618e-07,3.18798e-07,3.18827e-07
608.610568,1.4697e-07,1.5405e-07,1.49049e-07,1.5471e-07,1.51148e-07,1.19794e-07,1.43332e-07,1.45982e-07,2.78007e-07,2.84149e-07,1.2206e-07,1.22035e-07,1.22e-07,1.22009e-07,1.22194e-07,1.22198e-07
610.567515,1.46876e-07,1.52809e-07,1.48587e-07,1.5366e-07,1.50581e-07,1.19108e-07,1.4293e-07,1.45881e-07,2.75544e-07,2.8114e-07,1.92308e-07,1.92306e-07,1.92251e-07,1.92256e-07,1.92415e-07,1.92425e-07
612.524462,1.46868e-07,1.51478e-07,1.48145e-07,1.52591e-07,1.49941e-07,1.18353e-07,1.42665e-07,1.45715e-07,2.72538e-07,2.78189e-07,3.18656e-07,3.18652e-07,3.1861e-07,3.18611e-07,3.18778e-07,3.18803e-07
614.481409,1.46856e-07,1.50199e-07,1.47675e-07,1.51672e-07,1.49429e-07,1.17431e-07,1.4242e-07,1.45654e-07,2.6988e-07,2.75457e-07,1.22056e-07,1.22018e-07,1.2198e-07,1.2202e-07,1.22153e-07,1.22176e-07
616.438356,1.46996e-07,1.48859e-07,1.47271e-07,1.50838e-07,1.48987e-07,1.1652e-07,1.42356e-07,1.45536e-07,2.68109e-07,2.72971e-07,1.92319e-07,1.92282e-07,1.92249e-07,1.92258e-07,1.92368e-07,1.92392e-07
618.395303,1.47226e-07,1.4775e-07,1.46842e-07,1.49977e-07,1.48681e-07,1.15483e-07,1.42355e-07,1.45566e-07,2.66147e-07,2.70696e-07,3.04647e-07,3.0462e-07,3.04583e-07,3.04592e-07,3.04683e-07,3.04723e-07
620.352250,1.47372e-07,1.46622e-07,1.46423e-07,1.49219e-07,1.48442e-07,1.14286e-07,1.42372e-07,1.45606e-07,2.63486e-07,2.68583e-07,1.2209e-07,1.22026e-07,1.22e-07,1.22036e-07,1.22081e-07,1.22127e-07
622.309198,1.47591e-07,1.45561e-07,1.45963e-07,1.48601e-07,1.48208e-07,1.12954e-07,1.42401e-07,1.45534e-07,2.61894e-07,2.66599e-07,1.92344e-07,1.92297e-07,1.92269e-07,1.92273e-07,1.92297e-07,1.92339e-07
624.266145,1.47902e-07,1.44695e-07,1.45593e-07,1.47913e-07,1.47936e-07,1.11606e-07,1.42509e-07,1.45552e-07,2.6088e-07,2.64595e-07,3.04667e-07,3.04633e-07,3.04604e-07,3.04604e-07,3.04618e-07,3.04664e-07
626.223092,1.47957e-07,1.43833e-07,1.45092e-07,1.47324e-07,1.47731e-07,1.10235e-07,1.42465e-07,1.45575e-07,2.59254e-07,2.62951e-07,1.22099e-07,1.22039e-07,1.22017e-07,1.22023e-07,1.22038e-07,1.22071e-07
628.180039,1.48015e-07,1.4315e-07,1.44598e-07,1.4668e-07,1.47501e-07,1.08886e-07,1.42336e-07,1.45584e-07,2.5761e-07,2.61434e-07,1.92324e-07,1.92291e-07,1.92265e-07,1.92236e-07,1.92275e-07,1.92276e-07
630.136986,1.4813e-07,1.42522e-07,1.44119e-07,1.461e-07,1.47242e-07,1.07561e-07,1.42309e-07,1.45597e-07,2.56812e-07,2.59997e-07,3.04637e-07,3.04606e-07,3.04573e-07,3.04558e-07,3.04599e-07,3.04605e-07
632.093933,1.48019e-07,1.42083e-07,1.43534e-07,1.45438e-07,1.46923e-07,1.06156e-07,1.42093e-07,1.45514e-07,2.56272e-07,2.5863e-07,1.2203e-07,1.21998e-07,1.21971e-07,1.21945e-07,1.22028e-07,1.22025e-07
634.050881,1.47895e-07,1.41805e-07,1.4291e-07,1.44716e-07,1.46672e-07,1.04792e-07,1.41904e-07,1.45445e-07,2.55149e-07,2.5742e-07,1.92231e-07,1.9222e-07,1.92187e-07,1.92161e-07,1.92258e-07,1.92244e-07
636.007828,1.4756e-07,1.41545e-07,1.42172e-07,1.43994e-07,1.46325e-07,1.03503e-07,1.41562e-07,1.45318e-07,2.54308e-07,2.56297e-07,3.04546e-07,3.04528e-07,3.045e-07,3.04471e-07,3.04585e-07,3.04589e-07
637.964775,1.47046e-07,1.41311e-07,1.412e-07,1.43158e-07,1.45908e-07,1.02298e-07,1.41065e-07,1.44971e-07,2.5387e-07,2.55276e-07,1.21921e-07,1.21916e-07,1.21886e-07,1.21852e-07,1.21996e-07,1.22005e-07
639.921722,1.4635e-07,1.41104e-07,1.40209e-07,1.42229e-07,1.45405e-07,1.01218e-07,1.40601e-07,1.44465e-07,2.53684e-07,2.54336e-07,1.92138e-07,1.9212e-07,1.92091e-07,1.92084e-07,1.92217e-07,1.92222e-07
641.878669,1.4549e-07,1.40816e-07,1.39042e-07,1.41236e-07,1.44775e-07,1.00247e-07,1.39976e-07,1.4375e-07,2.52812e-07,2.53071e-07,3.0445e-07,3.0445e-07,3.04422e-07,3.04403e-07,3.04533e-07,3.04556e-07
643.835616,1.44386e-07,1.4043e-07,1.37553e-07,1.40181e-07,1.43976e-07,9.9235e-08,1.39169e-07,1.42871e-07,2.51959e-07,2.52057e-07,1.07792e-07,1.07795e-07,1.07773e-07,1.07756e-07,1.079e-07,1.07923e-07
645.792564,1.43055e-07,1.3991e-07,1.36043e-07,1.39005e-07,1.43082e-07,9.83229e-08,1.38333e-07,1.41791e-07,2.51702e-07,2.50843e-07,1.92069e-07,1.92044e-07,1.92026e-07,1.92042e-07,1.92158e-07,1.92173e-07
647.749511,1.41635e-07,1.39339e-07,1.34462e-07,1.37741e-07,1.42065e-07,9.76194e-08,1.37292e-07,1.4046e-07,2.51026e-07,2.49574e-07,3.04401e-07,3.04392e-07,3.04371e-07,3.04361e-07,3.04471e-07,3.04491e-07
649.706458,1.39956e-07,1.38494e-07,1.3263e-07,1.36282e-07,1.40848e-07,9.70002e-08,1.36095e-07,1.38908e-07,2.49394e-07,2.47992e-07,1.07762e-07,1.07745e-07,1.07724e-07,1.07733e-07,1.07846e-07,1.07863e-07
651.663405,1.38235e-07,1.37567e-07,1.30928e-07,1.34781e-07,1.39585e-07,9.65447e-08,1.34777e-07,1.37322e-07,2.47988e-07,2.46193e-07,1.9206e-07,1.92018e-07,1.92002e-07,1.92035e-07,1.92122e-07,1.92114e-07
653.620352,1.36478e-07,1.36491e-07,1.29204e-07,1.33281e-07,1.38146e-07,9.61865e-08,1.33309e-07,1.35684e-07,2.46914e-07,2.44236e-07,3.04387e-07,3.04382e-07,3.04356e-07,3.04357e-07,3.04453e-07,3.04438e-07
655.577299,1.34655e-07,1.3524e-07,1.27365e-07,1.316e-07,1.36598e-07,9.57929e-08,1.31711e-07,1.34001e-07,2.44877e-07,2.41982e-07,1.0777e-07,1.07736e-07,1.07717e-07,1.07753e-07,1.07842e-07,1.07832e-07
657.534247,1.32829e-07,1.33856e-07,1.25732e-07,1.29978e-07,1.35062e-07,9.55535e-08,1.30143e-07,1.32307e-07,2.42437e-07,2.39385e-07,1.92085e-07,1.92032e-07,1.92021e-07,1.9204e-07,1.92112e-07,1.92094e-07
659.491194,1.30976e-07,1.32338e-07,1.24192e-07,1.28276e-07,1.33302e-07,9.53759e-08,1.28343e-07,1.30718e-07,2.40168e-07,2.36594e-07,2.9037e-07,2.90348e-07,2.90326e-07,2.9033e-07,2.90399e-07,2.90394e-07
661.448141,1.29104e-07,1.30613e-07,1.22519e-07,1.26519e-07,1.31547e-07,9.52703e-08,1.26449e-07,1.29044e-07,2.37643e-07,2.33477e-07,1.07801e-07,1.0775e-07,1.07728e-07,1.07758e-07,1.07815e-07,1.07819e-07
663.405088,1.27202e-07,1.28803e-07,1.20954e-07,1.24662e-07,1.2979e-07,9.52407e-08,1.24559e-07,1.27494e-07,2.34561e-07,2.30132e-07,1.92078e-07,1.92043e-07,1.92024e-07,1.92018e-07,1.92071e-07,1.92069e-07
665.362035,1.25488e-07,1.2687e-07,1.19499e-07,1.22773e-07,1.27971e-07,9.52592e-08,1.22711e-07,1.25923e-07,2.31169e-07,2.26477e-07,2.90358e-07,2.90338e-07,2.90313e-07,2.90306e-07,2.90354e-07,2.90367e-07
667.318982,1.23629e-07,1.2478e-07,1.17966e-07,1.2082e-07,1.26091e-07,9.50592e-08,1.20628e-07,1.24395e-07,2.28084e-07,2.22702e-07,1.07766e-07,1.07737e-07,1.07714e-07,1.07717e-07,1.07747e-07,1.07775e-07
669.275930,1.21935e-07,1.22703e-07,1.165e-07,1.1879e-07,1.24203e-07,9.49099e-08,1.18727e-07,1.22861e-07,2.24943e-07,2.18622e-07,1.92009e-07,1.92003e-07,1.91976e-07,1.91958e-07,1.92001e-07,1.92022e-07
671.232877,1.20245e-07,1.20495e-07,1.15075e-07,1.16647e-07,1.22246e-07,9.46729e-08,1.16728e-07,1.21284e-07,2.21207e-07,2.14398e-07,2.90284e-07,2.90271e-07,2.90248e-07,2.90242e-07,2.90267e-07,2.90301e-07
673.189824,1.18443e-07,1.18227e-07,1.13424e-07,1.14383e-07,1.20279e-07,9.42904e-08,1.14702e-07,1.19678e-07,2.17439e-07,2.09933e-07,1.07673e-07,1.07675e-07,1.0765e-07,1.07634e-07,1.07674e-07,1.07712e-07
675.146771,1.16641e-07,1.15817e-07,1.11792e-07,1.11999e-07,1.1822e-07,9.37408e-08,1.12631e-07,1.17978e-07,2.14113e-07,2.05314e-07,1.91895e-07,1.92022e-07,1.91875e-07,1.91869e-07,1.91929e-07,1.91948e-07
677.103718,1.1478e-07,1.13416e-07,1.10161e-07,1.09539e-07,1.16093e-07,9.29679e-08,1.10477e-07,1.16244e-07,2.10598e-07,2.00427e-07,2.90154e-07,2.90155e-07,2.90135e-07,2.90131e-07,2.90184e-07,2.90198e-07
679.060665,1.12681e-07,1.10828e-07,1.08154e-07,1.06891e-07,1.13838e-07,9.17493e-08,1.08222e-07,1.14369e-07,2.06299e-07,1.95486e-07,9.35228e-08,9.35411e-08,9.35174e-08,9.35038e-08,9.35846e-08,9.35969e-08
681.017613,1.1066e-07,1.08216e-07,1.0614e-07,1.04146e-07,1.11413e-07,9.02655e-08,1.05876e-07,1.12331e-07,2.02428e-07,1.90385e-07,1.91758e-07,1.91757e-07,1.91743e-07,1.91747e-07,1.9183e-07,1.91833e-07
682.974560,1.08688e-07,1.05574e-07,1.04008e-07,1.01197e-07,1.08912e-07,8.85359e-08,1.03444e-07,1.10174e-07,1.98802e-07,1.85235e-07,2.89954e-07,2.89954e-07,2.89937e-07,2.89943e-07,2.90011e-07,2.90016e-07
684.931507,1.06358e-07,1.02718e-07,1.01579e-07,9.82155e-08,1.06267e-07,8.64145e-08,1.00715e-07,1.07987e-07,1.94437e-07,1.79955e-07,9.33887e-08,9.34029e-08,9.33853e-08,9.339e-08,9.34756e-08,9.34817e-08
686.888454,1.03972e-07,9.99653e-08,9.90991e-08,9.51669e-08,1.03488e-07,8.40776e-08,9.79941e-08,1.05777e-07,1.89819e-07,1.74465e-07,1.91516e-07,1.9151e-07,1.91498e-07,1.9153e-07,1.91582e-07,1.9159e-07
688.845401,1.01453e-07,9.7402e-08,9.65398e-08,9.20436e-08,1.00579e-07,8.14844e-08,9.51797e-08,1.03345e-07,1.8565e-07,1.69075e-07,2.89497e-07,2.89505e-07,2.8945e-07,2.89507e-07,2.89549e-07,2.89565e-07
690.802348,9.87099e-08,9.48076e-08,9.36691e-08,8.8883e-08,9.75442e-08,7.85696e-08,9.21733e-08,1.00616e-07,1.81325e-07,1.63628e-07,9.31513e-08,9.31594e-08,9.31438e-08,9.31682e-08,9.31974e-08,9.32272e-08
692.759295,9.59558e-08,9.21679e-08,9.09057e-08,8.57609e-08,9.45e-08,7.55889e-08,8.92083e-08,9.76971e-08,1.76546e-07,1.58227e-07,1.90911e-07,1.909e-07,1.90891e-07,1.90928e-07,1.90928e-07,1.90961e-07
694.716243,9.31603e-08,8.94362e-08,8.81381e-08,8.26553e-08,9.13658e-08,7.26366e-08,8.63017e-08,9.46576e-08,1.71562e-07,1.52871e-07,2.88191e-07,2.88198e-07,2.88153e-07,2.88201e-07,2.88198e-07,2.88229e-07
696.673190,9.01477e-08,8.64618e-08,8.51407e-08,7.96159e-08,8.82314e-08,6.95426e-08,8.32331e-08,9.15295e-08,1.66647e-07,1.47475e-07,9.25193e-08,9.24809e-08,9.25105e-08,9.25401e-08,9.25119e-08,9.25482e-08
698.630137,8.71585e-08,8.33951e-08,8.22616e-08,7.65582e-08,8.50301e-08,6.64857e-08,8.02746e-08,8.82552e-08,1.61757e-07,1.42118e-07,1.89065e-07,1.89063e-07,1.94456e-07,1.89077e-07,1.89049e-07,1.89069e-07
700.587084,8.40827e-08,8.04365e-08,7.95342e-08,7.37309e-08,8.23152e-08,6.39524e-08,7.75942e-08,8.52029e-08,1.56284e-07,1.36847e-07,2.84139e-07,2.84156e-07,2.8413e-07,2.84155e-07,2.84131e-07,2.84165e-07
702.544031,8.07824e-08,7.71968e-08,7.6402e-08,7.06583e-08,7.89118e-08,6.0681e-08,7.43817e-08,8.15693e-08,1.50271e-07,1.31204e-07,9.05984e-08,9.58956e-08,9.05826e-08,9.0609e-08,9.05853e-08,9.06083e-08
704.500978,7.73396e-08,7.37761e-08,7.31219e-08,6.73829e-08,7.51172e-08,5.73159e-08,7.10341e-08,7.75536e-08,1.44192e-07,1.25173e-07,1.83382e-07,1.83392e-07,1.83383e-07,1.83389e-07,1.83377e-07,1.83381e-07
706.457926,7.36679e-08,7.03136e-08,6.9777e-08,6.41478e-08,7.15033e-08,5.40754e-08,6.76411e-08,7.34621e-08,1.37419e-07,1.18851e-07,2.58661e-07,2.58671e-07,2.58855e-07,2.58667e-07,2.58659e-07,2.58658e-07
708.414873,6.94031e-08,6.6476e-08,6.58177e-08,6.0508e-08,6.75198e-08,5.06136e-08,6.37865e-08,6.89781e-08,1.29163e-07,1.1187e-07,8.49252e-08,8.49382e-08,8.49227e-08,8.49326e-08,8.49314e-08,8.49326e-08
710.371820,6.47332e-08,6.22346e-08,6.15121e-08,5.64772e-08,6.2991e-08,4.6966e-08,5.95966e-08,6.41892e-08,1.20233e-07,1.04021e-07,1.67207e-07,1.67226e-07,1.67211e-07,1.67213e-07,1.67219e-07,1.67222e-07
712.328767,5.94203e-08,5.72414e-08,5.65693e-08,5.19675e-08,5.79381e-08,4.29877e-08,5.48428e-08,5.86806e-08,1.10272e-07,9.51923e-08,2.2692e-07,2.26928e-07,2.26918e-07,2.26923e-07,2.2693e-07,2.26934e-07
714.285714,5.32399e-08,5.12681e-08,5.0745e-08,4.68204e-08,5.2149e-08,3.84851e-08,4.92442e-08,5.24638e-08,9.85447e-08,8.51896e-08,7.07028e-08,7.07147e-08,7.07023e-08,7.07002e-08,7.07105e-08,7.07193e-08
716.242661,4.64964e-08,4.48084e-08,4.43948e-08,4.10382e-08,4.56688e-08,3.36415e-08,4.31124e-08,4.56648e-08,8.56739e-08,7.4204e-08,1.30179e-07,1.30172e-07,1.30175e-07,1.30158e-07,1.3014e-07,1.30173e-07
718.199609,3.93264e-08,3.79517e-08,3.76187e-08,3.48494e-08,3.87465e-08,2.85938e-08,3.65595e-08,3.84962e-08,7.22435e-08,6.26036e-08,1.62472e-07,1.62477e-07,1.6247e-07,1.62473e-07,1.62474e-07,1.62485e-07
720.156556,3.20002e-08,3.09347e-08,3.06186e-08,2.85568e-08,3.16757e-08,2.33959e-08,2.98167e-08,3.13483e-08,5.87307e-08,5.09423e-08,3.89693e-08,3.89794e-08,3.89727e-08,3.89734e-08,3.8961e-08,3.89844e-08
722.113503,2.51063e-08,2.42739e-08,2.40472e-08,2.25085e-08,2.49216e-08,1.85103e-08,2.34698e-08,2.45605e-08,4.60223e-08,3.99515e-08,7.5817e-08,7.58213e-08,7.58157e-08,7.582e-08,7.58089e-08,7.58272e-08
724.070450,1.90218e-08,1.84188e-08,1.8248e-08,1.71384e-08,1.89346e-08,1.41853e-08,1.78396e-08,1.85932e-08,3.47849e-08,3.02632e-08,8.46734e-08,8.46769e-08,8.46725e-08,8.46754e-08,8.46665e-08,8.46794e-08
726.027397,1.3921e-08,1.35211e-08,1.337e-08,1.26265e-08,1.39091e-08,1.04923e-08,1.30954e-08,1.3648e-08,2.54721e-08,2.22213e-08,1.82476e-08,1.82509e-08,1.82476e-08,1.82488e-08,1.82507e-08,1.82528e-08
727.984344,9.93999e-09,9.65761e-09,9.56964e-09,9.06008e-09,9.9294e-09,7.57646e-09,9.36537e-09,9.74841e-09,1.82262e-08,1.58963e-08,3.22535e-08,3.22552e-08,3.22527e-08,3.22551e-08,3.22554e-08,3.22565e-08
729.941292,6.96663e-09,6.76977e-09,6.7271e-09,6.37603e-09,6.97292e-09,5.38711e-09,6.59141e-09,6.83969e-09,1.27729e-08,1.11535e-08,3.32154e-08,3.32169e-08,3.32149e-08,3.32162e-08,3.32162e-08,3.32171e-08
731.898239,4.79554e-09,4.66518e-09,4.64012e-09,4.41597e-09,4.81179e-09,3.75273e-09,4.54926e-09,4.71914e-09,8.78892e-09,7.70682e-09,6.70755e-09,6.70852e-09,6.70749e-09,6.70841e-09,6.70852e-09,6.70893e-09
733.855186,3.26578e-09,3.18392e-09,3.17342e-09,3.02421e-09,3.27352e-09,2.5832e-09,3.10685e-09,3.21637e-09,6.00444e-09,5.26519e-09,1.12814e-08,1.12818e-08,1.12809e-08,1.12817e-08,1.12799e-08,1.12822e-08
735.812133,2.22407e-09,2.16602e-09,2.16426e-09,2.06082e-09,2.23042e-09,1.77938e-09,2.12011e-09,2.18578e-09,4.0803e-09,3.57906e-09,1.11967e-08,1.11982e-08,1.11976e-08,1.1198e-08,1.11978e-08,1.11983e-08
737.769080,1.49804e-09,1.46217e-09,1.46171e-09,1.3962e-09,1.50755e-09,1.20981e-09,1.43283e-09,1.47716e-09,2.746e-09,2.4204e-09,2.2021e-09,2.35106e-09,2.34535e-09,2.20229e-09,2.20212e-09,2.20256e-09
739.726027,1.00651e-09,9.82661e-10,9.85022e-10,9.40514e-10,1.00742e-09,8.16023e-10,9.6278e-10,9.92895e-10,1.84674e-09,1.63004e-09,3.63466e-09,3.63485e-09,3.63457e-09,3.63471e-09,3.63729e-09,3.63489e-09
741.682975,6.82796e-10,6.66348e-10,6.69413e-10,6.37746e-10,6.86486e-10,5.60523e-10,6.55698e-10,6.72158e-10,1.24552e-09,1.10104e-09,3.56083e-09,3.56093e-09,3.5608e-09,3.56085e-09,3.56081e-09,3.56103e-09
743.639922,4.60924e-10,4.49846e-10,4.50801e-10,4.31264e-10,4.66244e-10,3.80705e-10,4.43663e-10,4.53819e-10,8.3623e-10,7.41917e-10,6.93956e-10,6.94015e-10,6.93938e-10,6.93956e-10,6.9392e-10,6.94093e-10
745.596869,3.06546e-10,3.00282e-10,3.01894e-10,2.88702e-10,3.07207e-10,2.52534e-10,2.94774e-10,3.02853e-10,5.61513e-10,4.98445e-10,1.13828e-09,1.13836e-09,1.13827e-09,1.13827e-09,1.13811e-09,1.13818e-09
747.553816,2.16446e-10,2.0995e-10,2.10995e-10,2.00796e-10,2.24182e-10,1.83715e-10,2.11596e-10,2.11791e-10,3.82001e-10,3.42066e-10,1.13267e-09,1.11054e-09,1.11055e-09,1.11051e-09,1.11051e-09,1.11062e-09
749.510763,1.60795e-10,1.53956e-10,1.5399e-10,1.46165e-10,1.75385e-10,1.43135e-10,1.60849e-10,1.55123e-10,2.64006e-10,2.41601e-10,2.15976e-10,2.30506e-10,2.16039e-10,2.15907e-10,2.15927e-10,2.16048e-10
751.467710,1.56241e-10,1.434e-10,1.41631e-10,1.31753e-10,2.08892e-10,1.69887e-10,1.65675e-10,1.43582e-10,2.01289e-10,1.99273e-10,3.55422e-10,3.54552e-10,3.70066e-10,3.59552e-10,3.55161e-10,3.55716e-10
753.424658,7.32429e-11,7.0218e-11,7.0322e-11,6.66621e-11,7.99408e-11,6.50788e-11,7.34477e-11,7.06493e-11,1.2064e-10,1.10481e-10,3.4426e-10,3.50447e-10,3.44288e-10,3.44226e-10,3.4423e-10,3.44288e-10
755.381605,4.48638e-11,4.36016e-11,4.37853e-11,4.18812e-11,4.66654e-11,3.79907e-11,4.39373e-11,4.40441e-11,7.9481e-11,7.16021e-11,6.68266e-11,6.68306e-11,6.68352e-11,6.68226e-11,6.68214e-11,6.68432e-11
757.338552,2.90463e-11,2.84611e-11,2.86614e-11,2.74676e-11,2.91694e-11,2.39109e-11,2.79891e-11,2.8752e-11,5.35937e-11,4.78375e-11,1.17333e-10,1.17339e-10,1.17331e-10,1.17331e-10,1.17333e-10,1.17341e-10
759.295499,1.99779e-11,1.9503e-11,1.96029e-11,1.8763e-11,2.02191e-11,1.64611e-11,1.93025e-11,1.96352e-11,3.65501e-11,3.2647e-11,1.01021e-10,1.01024e-10,1.0102e-10,1.0102e-10,1.01009e-10,1.01026e-10
761.252446,1.34399e-11,1.31563e-11,1.31921e-11,1.26706e-11,1.36017e-11,1.10338e-11,1.29579e-11,1.3288e-11,2.48011e-11,2.2187e-11,1.69894e-11,1.69917e-11,1.69819e-11,1.69902e-11,1.69827e-11,1.69941e-11
763.209393,9.09366e-12,8.90236e-12,8.9187e-12,8.55922e-12,9.13796e-12,7.37677e-12,8.74363e-12,8.97854e-12,1.69134e-11,1.50808e-11,3.62788e-11,3.62796e-11,3.62776e-11,3.62789e-11,3.62785e-11,3.62809e-11
765.166341,6.22223e-12,6.08667e-12,6.09117e-12,5.84081e-12,6.27239e-12,5.02567e-12,5.99022e-12,6.13269e-12,1.1568e-11,1.02991e-11,3.12308e-11,3.12315e-11,3.123e-11,3.12308e-11,3.12307e-11,3.12326e-11
767.123288,4.23384e-12,4.14056e-12,4.13015e-12,3.96789e-12,4.27105e-12,3.39783e-12,4.06421e-12,4.17815e-12,7.88693e-12,7.01911e-12,5.2518e-12,5.25244e-12,5.25154e-12,5.25197e-12,5.25191e-12,5.25281e-12
769.080235,2.89109e-12,2.82955e-12,2.81947e-12,2.70474e-12,2.909e-12,2.29259e-12,2.77038e-12,2.84715e-12,5.39059e-12,4.7887e-12,1.12143e-11,1.12144e-11,1.12137e-11,1.12143e-11,1.12142e-11,1.12147e-11
771.037182,1.98512e-12,1.93941e-12,1.93031e-12,1.84719e-12,1.99669e-12,1.5602e-12,1.90057e-12,1.95204e-12,3.69062e-12,3.27168e-12,9.65337e-12,9.65267e-12,9.65319e-12,9.65352e-12,9.65345e-12,9.6537e-12
772.994129,1.36001e-12,1.32836e-12,1.31886e-12,1.264e-12,1.36955e-12,1.05631e-12,1.29887e-12,1.33647e-12,2.52298e-12,2.23436e-12,1.6233e-12,1.62347e-12,1.62319e-12,1.62336e-12,1.62271e-12,1.62349e-12
774.951076,9.34402e-13,9.11389e-13,9.04085e-13,8.6417e-13,9.37403e-13,7.16534e-13,8.90217e-13,9.15884e-13,1.72829e-12,1.5266e-12,3.46613e-12,3.46625e-12,3.46601e-12,3.4662e-12,3.46621e-12,3.46635e-12
776.908023,6.43455e-13,6.26568e-13,6.21111e-13,5.92116e-13,6.44155e-13,4.882e-13,6.11728e-13,6.29369e-13,1.18377e-12,1.04454e-12,2.9837e-12,2.9838e-12,2.98364e-12,2.98368e-12,2.98374e-12,2.98385e-12
778.864971,4.41692e-13,4.29358e-13,4.2555e-13,4.05237e-13,4.42231e-13,3.318e-13,4.18899e-13,4.32117e-13,8.10094e-13,7.14913e-13,5.01738e-13,5.01785e-13,5.01723e-13,5.0175e-13,5.01799e-13,5.01869e-13
780.821918,3.03661e-13,2.94419e-13,2.92063e-13,2.76806e-13,3.02489e-13,2.26164e-13,2.87234e-13,2.96788e-13,5.56924e-13,4.89839e-13,1.07132e-12,1.07136e-12,1.0713e-12,1.07133e-12,1.07138e-12,1.07143e-12
782.778865,2.09084e-13,2.0278e-13,2.00981e-13,1.89637e-13,2.07666e-13,1.54723e-13,1.97235e-13,2.0434e-13,3.82924e-13,3.36126e-13,9.22207e-13,9.22252e-13,9.22202e-13,9.22197e-13,9.22228e-13,9.22291e-13
784.735812,1.43565e-13,1.38961e-13,1.37579e-13,1.29712e-13,1.42095e-13,1.0569e-13,1.349e-13,1.40591e-13,2.62562e-13,2.30832e-13,1.551e-13,1.55113e-13,1.55088e-13,1.55092e-13,1.55111e-13,1.5509e-13
786.692759,9.87818e-14,9.5542e-14,9.46128e-14,8.88203e-14,9.73952e-14,7.24871e-14,9.26151e-14,9.68548e-14,1.80821e-13,1.5867e-13,3.31184e-13,3.31165e-13,3.31172e-13,3.31136e-13,3.31157e-13,3.31133e-13
788.649706,6.80145e-14,6.57402e-14,6.50916e-14,6.0953e-14,6.68049e-14,4.99247e-14,6.36322e-14,6.68736e-14,1.24734e-13,1.09198e-13,2.85052e-13,2.85062e-13,2.85049e-13,2.85044e-13,2.85064e-13,2.85074e-13
790.606654,4.67205e-14,4.52285e-14,4.46477e-14,4.18115e-14,4.58269e-14,3.43463e-14,4.3593e-14,4.62007e-14,8.57917e-14,7.51609e-14,4.79485e-14,4.79539e-14,4.7945e-14,4.79495e-14,4.79598e-14,4.79629e-14
792.563601,3.22326e-14,3.1131e-14,3.07536e-14,2.87679e-14,3.15042e-14,2.37263e-14,3.00056e-14,3.19163e-14,5.90877e-14,5.17995e-14,1.02356e-13,1.02363e-13,1.02357e-13,1.02356e-13,1.02365e-13,1.02366e-13
794.520548,2.22213e-14,2.1382e-14,2.11792e-14,1.98068e-14,2.16801e-14,1.64298e-14,2.06571e-14,2.20481e-14,4.07541e-14,3.57196e-14,8.81117e-14,8.8103e-14,8.80986e-14,8.81107e-14,8.81146e-14,8.81144e-14
796.477495,1.53084e-14,1.47107e-14,1.45585e-14,1.36768e-14,1.49564e-14,1.13672e-14,1.42149e-14,1.5265e-14,2.80831e-14,2.46414e-14,1.48261e-14,1.48273e-14,1.4825e-14,1.48262e-14,1.4828e-14,1.48271e-14
798.434442,1.05641e-14,1.01499e-14,1.00383e-14,9.43556e-15,1.03127e-14,7.9021e-15,9.8099e-15,1.05725e-14,1.93515e-14,1.7008e-14,3.16416e-14,3.16377e-14,3.16411e-14,3.16413e-14,3.16417e-14,3.16425e-14
800.391389,7.29068e-15,7.01417e-15,6.93624e-15,6.53006e-15,7.14589e-15,5.51183e-15,6.78357e-15,7.33538e-15,1.33214e-14,1.17598e-14,2.72366e-14,2.72364e-14,2.72352e-14,2.72367e-14,2.7236e-14,2.7238e-14
802.348337,5.02045e-15,4.8393e-15,4.77429e-15,4.51443e-15,4.9393e-15,3.83381e-15,4.67773e-15,5.07893e-15,9.17069e-15,8.12565e-15,3.59688e-15,3.59761e-15,3.59627e-15,3.59737e-15,3.597e-15,3.59877e-15
804.305284,3.45963e-15,3.33886e-15,3.28736e-15,3.11161e-15,3.38985e-15,2.65311e-15,3.21921e-15,3.50121e-15,6.31838e-15,5.61041e-15,9.78107e-15,9.78078e-15,9.78036e-15,9.7812e-15,9.78069e-15,9.78143e-15
806.262231,2.38574e-15,2.3087e-15,2.26948e-15,2.1536e-15,2.3425e-15,1.84689e-15,2.22463e-15,2.41868e-15,4.34082e-15,3.87742e-15,8.41872e-15,8.41857e-15,8.41826e-15,8.41896e-15,8.41861e-15,8.41936e-15
808.219178,1.64035e-15,1.59122e-15,1.56187e-15,1.48751e-15,1.6167e-15,1.28221e-15,1.53305e-15,1.66937e-15,2.97982e-15,2.68026e-15,1.11212e-15,1.11211e-15,1.112e-15,1.11212e-15,1.11223e-15,1.11269e-15
810.176125,1.12971e-15,1.09678e-15,1.07763e-15,1.02986e-15,1.11645e-15,8.90633e-16,1.05893e-15,1.15084e-15,2.05069e-15,1.85242e-15,3.02334e-15,3.02316e-15,3.02308e-15,3.02338e-15,3.02347e-15,3.02381e-15
812.133072,7.77091e-16,7.54807e-16,7.42497e-16,7.122e-16,7.70293e-16,6.18079e-16,7.31645e-16,7.92354e-16,1.4086e-15,1.28064e-15,2.60218e-15,2.60216e-15,2.60204e-15,2.60219e-15,2.60242e-15,2.60265e-15
814.090020,5.33307e-16,5.18159e-16,5.10639e-16,4.92526e-16,5.30991e-16,4.27383e-16,5.03842e-16,5.44385e-16,9.64303e-16,8.84317e-16,3.43857e-16,3.43858e-16,3.43799e-16,3.43826e-16,3.44066e-16,3.44146e-16
816.046967,3.66147e-16,3.56316e-16,3.51287e-16,3.4031e-16,3.65826e-16,2.94811e-16,3.47256e-16,3.72923e-16,6.61025e-16,6.10469e-16,9.34489e-16,9.34471e-16,9.34431e-16,9.34499e-16,9.34687e-16,9.34718e-16
818.003914,2.50764e-16,2.45002e-16,2.41072e-16,2.34788e-16,2.5144e-16,2.02703e-16,2.38881e-16,2.54815e-16,4.53358e-16,4.21357e-16,8.04321e-16,8.04342e-16,8.04301e-16,8.04292e-16,8.04488e-16,8.04503e-16
819.960861,1.71377e-16,1.68218e-16,1.6488e-16,1.61706e-16,1.72553e-16,1.38757e-16,1.63837e-16,1.73971e-16,3.09998e-16,2.90262e-16,1.06319e-16,1.06316e-16,1.06295e-16,1.06297e-16,1.06403e-16,1.06412e-16
821.917808,1.16862e-16,1.15333e-16,1.12698e-16,1.11178e-16,1.18124e-16,9.47475e-17,1.12266e-16,1.18659e-16,2.11774e-16,1.9976e-16,2.88862e-16,2.88859e-16,2.88846e-16,2.88847e-16,2.88927e-16,2.88935e-16
823.874755,7.96995e-17,7.89437e-17,7.68976e-17,7.62838e-17,8.06858e-17,6.45014e-17,7.67621e-17,8.0833e-17,1.44804e-16,1.3734e-16,2.35296e-16,2.35303e-16,2.35291e-16,2.3528e-16,2.35336e-16,2.35347e-16
825.831703,5.42453e-17,5.39595e-17,5.22785e-17,5.22344e-17,5.5047e-17,4.3715e-17,5.23077e-17,5.49549e-17,9.893e-17,9.43304e-17,3.28793e-17,3.28782e-17,3.28713e-17,3.28687e-17,3.28983e-17,3.29046e-17
827.788650,3.69161e-17,3.68458e-17,3.55556e-17,3.57084e-17,3.75088e-17,2.95765e-17,3.56937e-17,3.7325e-17,6.75035e-17,6.47155e-17,8.92943e-17,8.92949e-17,8.92893e-17,8.92852e-17,8.93091e-17,8.93129e-17
829.745597,2.51024e-17,2.51421e-17,2.41534e-17,2.43723e-17,2.55211e-17,1.99559e-17,2.43228e-17,2.53352e-17,4.60081e-17,4.43589e-17,7.27364e-17,7.27358e-17,7.2732e-17,7.27284e-17,7.27398e-17,7.27475e-17
831.702544,1.70388e-17,1.71151e-17,1.63734e-17,1.66263e-17,1.73674e-17,1.34201e-17,1.6536e-17,1.7192e-17,3.13699e-17,3.03636e-17,1.01694e-17,1.01681e-17,1.0165e-17,1.01645e-17,1.01709e-17,1.0175e-17
833.659491,1.1581e-17,1.16651e-17,1.11085e-17,1.13205e-17,1.18079e-17,9.02915e-18,1.12602e-17,1.16589e-17,2.14023e-17,2.07656e-17,2.76045e-17,2.76033e-17,2.76016e-17,2.75999e-17,2.76054e-17,2.76073e-17
835.616438,7.86319e-18,7.93644e-18,7.53276e-18,7.70238e-18,8.02381e-18,6.07005e-18,7.66372e-18,7.90487e-18,1.45681e-17,1.4182e-17,2.24845e-17,2.24824e-17,2.24814e-17,2.24814e-17,2.24842e-17,2.2486e-17
837.573386,5.33769e-18,5.39318e-18,5.09986e-18,5.23718e-18,5.45046e-18,4.07654e-18,5.20671e-18,5.35796e-18,9.9009e-18,9.67291e-18,3.1446e-18,3.14359e-18,3.14284e-18,3.14279e-18,3.14504e-18,3.14579e-18
839.530333,3.62384e-18,3.66423e-18,3.45794e-18,3.5567e-18,3.69975e-18,2.73676e-18,3.53923e-18,3.62982e-18,6.74385e-18,6.59419e-18,8.53278e-18,8.53182e-18,8.53137e-18,8.53123e-18,8.53297e-18,8.53309e-18
841.487280,2.46262e-18,2.48706e-18,2.34584e-18,2.41628e-18,2.51025e-18,1.83798e-18,2.40496e-18,2.45938e-18,4.58466e-18,4.48773e-18,6.94946e-18,6.94862e-18,6.94836e-18,6.94874e-18,6.94996e-18,6.95003e-18
843.444227,1.66951e-18,1.68457e-18,1.58771e-18,1.63755e-18,1.7008e-18,1.23296e-18,1.63004e-18,1.66652e-18,3.10622e-18,3.05134e-18,9.71793e-19,9.71428e-19,9.71292e-19,9.71341e-19,9.7228e-19,9.72206e-19
845.401174,1.13386e-18,1.14117e-18,1.07747e-18,1.11067e-18,1.15335e-18,8.29568e-19,1.10649e-18,1.12889e-18,2.10635e-18,2.07165e-18,2.63715e-18,2.63678e-18,2.63669e-18,2.63681e-18,2.63746e-18,2.63731e-18
847.358121,7.69619e-19,7.72098e-19,7.30497e-19,7.5216e-19,7.80822e-19,5.58038e-19,7.49822e-19,7.65313e-19,1.42712e-18,1.4049e-18,2.14769e-18,2.14753e-18,2.14742e-18,2.14756e-18,2.14808e-18,2.14803e-18
849.315068,5.21737e-19,5.21617e-19,4.95186e-19,5.09985e-19,5.28423e-19,3.75444e-19,5.07707e-19,5.18778e-19,9.64001e-19,9.51198e-19,2.17941e-19,2.1789e-19,2.1783e-19,2.17822e-19,2.18167e-19,2.18139e-19
851.272016,3.54255e-19,3.52488e-19,3.36244e-19,3.45391e-19,3.5758e-19,2.5293e-19,3.43939e-19,3.51489e-19,6.50075e-19,6.43354e-19,8.15006e-19,8.14901e-19,8.14874e-19,8.1492e-19,8.15152e-19,8.15157e-19
853.228963,2.40144e-19,2.37875e-19,2.28174e-19,2.33905e-19,2.41651e-19,1.70595e-19,2.32751e-19,2.38165e-19,4.38575e-19,4.34533e-19,6.63767e-19,6.63727e-19,6.63701e-19,6.63701e-19,6.63885e-19,6.63907e-19
855.185910,1.62671e-19,1.60468e-19,1.54648e-19,1.58407e-19,1.63427e-19,1.15017e-19,1.57212e-19,1.61311e-19,2.95533e-19,2.93291e-19,6.73492e-20,6.73333e-20,6.73125e-20,6.73015e-20,6.74224e-20,6.74452e-20
857.142857,1.10184e-19,1.08122e-19,1.04859e-19,1.071e-19,1.10292e-19,7.77118e-20,1.06198e-19,1.09133e-19,1.98837e-19,1.97657e-19,2.51886e-19,2.51863e-19,2.51857e-19,2.51857e-19,2.51946e-19,2.51959e-19
859.099804,7.46152e-20,7.28479e-20,7.11104e-20,7.2458e-20,7.44431e-20,5.25859e-20,7.17102e-20,7.37262e-20,1.336e-19,1.33217e-19,2.05151e-19,2.05148e-19,2.05142e-19,2.05131e-19,2.05201e-19,2.05214e-19
861.056751,5.03322e-20,4.89759e-20,4.80884e-20,4.89341e-20,5.01899e-20,3.55746e-20,4.83109e-20,4.97303e-20,8.97938e-20,8.96968e-20,2.08193e-20,2.08164e-20,2.08119e-20,2.08026e-20,2.08495e-20,2.08555e-20
863.013699,3.39835e-20,3.29611e-20,3.25624e-20,3.30467e-20,3.3806e-20,2.40814e-20,3.25974e-20,3.35352e-20,6.04434e-20,6.04277e-20,7.78532e-20,7.78488e-20,7.78447e-20,7.78422e-20,7.78728e-20,7.78746e-20
864.970646,2.29174e-20,2.21733e-20,2.1998e-20,2.23088e-20,2.27651e-20,1.63308e-20,2.19514e-20,2.25814e-20,4.05808e-20,4.06693e-20,6.34104e-20,6.34088e-20,6.34057e-20,6.34003e-20,6.34234e-20,6.3425e-20
866.927593,1.54101e-20,1.48939e-20,1.48272e-20,1.50433e-20,1.53149e-20,1.10588e-20,1.47708e-20,1.52002e-20,2.72518e-20,2.73784e-20,6.43784e-21,6.43602e-21,6.43443e-21,6.43148e-21,6.44489e-21,6.44502e-21
868.884540,1.03806e-20,1.00339e-20,1.00167e-20,1.01587e-20,1.03124e-20,7.51273e-21,9.95501e-21,1.02174e-20,1.83587e-20,1.84466e-20,2.40662e-20,2.4065e-20,2.40634e-20,2.40616e-20,2.407e-20,2.40688e-20
870.841487,6.98205e-21,6.75758e-21,6.75554e-21,6.85146e-21,6.93764e-21,5.10448e-21,6.70457e-21,6.8706e-21,1.23697e-20,1.24328e-20,1.96078e-20,1.96066e-20,1.96056e-20,1.96044e-20,1.96094e-20,1.9609e-20
872.798434,4.69583e-21,4.55449e-21,4.55177e-21,4.62397e-21,4.67011e-21,3.4611e-21,4.50719e-21,4.61855e-21,8.31033e-21,8.37525e-21,1.9912e-21,1.99025e-21,1.98955e-21,1.98901e-21,1.99155e-21,1.99164e-21
874.755382,3.15686e-21,3.0742e-21,3.07096e-21,3.11859e-21,3.1445e-21,2.35091e-21,3.03483e-21,3.10613e-21,5.6e-21,5.64991e-21,7.43675e-21,7.43604e-21,7.43565e-21,7.43518e-21,7.43673e-21,7.43668e-21
876.712329,2.1243e-21,2.07792e-21,2.07247e-21,2.10602e-21,2.11788e-21,1.59601e-21,2.0437e-21,2.08936e-21,3.78201e-21,3.81197e-21,6.05478e-21,6.05411e-21,6.05385e-21,6.05393e-21,6.05468e-21,6.05503e-21
878.669276,1.4313e-21,1.40788e-21,1.40045e-21,1.42546e-21,1.43005e-21,1.0848e-21,1.37857e-21,1.40991e-21,2.55523e-21,2.57868e-21,6.16242e-22,6.15867e-22,6.15691e-22,6.15701e-22,6.16209e-22,6.16549e-22
880.626223,9.60857e-22,9.51119e-22,9.43801e-22,9.611e-22,9.61782e-22,7.35393e-22,9.26844e-22,9.47517e-22,1.7209e-21,1.73885e-21,2.29619e-21,2.29586e-21,2.29574e-21,2.29579e-21,2.29613e-21,2.29629e-21
882.583170,6.48223e-22,6.45596e-22,6.38982e-22,6.51415e-22,6.50219e-22,4.99786e-22,6.25769e-22,6.39572e-22,1.16465e-21,1.17717e-21,1.87143e-21,1.87116e-21,1.87109e-21,1.8712e-21,1.87149e-21,1.87162e-21
884.540117,4.35973e-22,4.36942e-22,4.3093e-22,4.40472e-22,4.38362e-22,3.38953e-22,4.21485e-22,4.31457e-22,7.89066e-22,7.97039e-22,1.90187e-22,1.90084e-22,1.90025e-22,1.90041e-22,1.9032e-22,1.90421e-22
886.497065,2.92982e-22,2.95497e-22,2.90451e-22,2.97308e-22,2.94978e-22,2.29258e-22,2.83553e-22,2.89843e-22,5.32632e-22,5.37853e-22,7.08218e-22,7.08138e-22,7.08108e-22,7.08105e-22,7.08311e-22,7.08342e-22
888.454012,1.97608e-22,2.00649e-22,1.96447e-22,2.01429e-22,1.99613e-22,1.55704e-22,1.91691e-22,1.95986e-22,3.61292e-22,3.65175e-22,5.77896e-22,5.7784e-22,5.7781e-22,5.7784e-22,5.77997e-22,5.78023e-22
890.410959,1.31251e-22,1.34027e-22,1.30614e-22,1.34337e-22,1.32894e-22,1.03963e-22,1.27373e-22,1.3031e-22,2.41667e-22,2.44148e-22,5.78637e-23,5.78433e-23,5.78216e-23,5.78216e-23,5.79457e-23,5.79629e-23
892.367906,8.89297e-23,9.1228e-23,8.86795e-23,9.13556e-23,9.02982e-23,7.07096e-23,8.63956e-23,8.82917e-23,1.64832e-22,1.66278e-22,2.17024e-22,2.17009e-22,2.16993e-22,2.16989e-22,2.1707e-22,2.17072e-22
894.324853,6.06534e-23,6.25016e-23,6.05847e-23,6.25442e-23,6.16947e-23,4.84582e-23,5.90765e-23,6.02939e-23,1.13143e-22,1.14231e-22,1.68735e-22,1.6872e-22,1.68715e-22,1.68715e-22,1.6878e-22,1.6878e-22
896.281800,4.19392e-23,4.33854e-23,4.19144e-23,4.34089e-23,4.27793e-23,3.35303e-23,4.08448e-23,4.16811e-23,7.86629e-23,7.94259e-23,1.85964e-23,1.85903e-23,1.85842e-23,1.85783e-23,1.86238e-23,1.86282e-23
898.238748,2.78961e-23,2.89811e-23,2.7938e-23,2.89764e-23,2.85551e-23,2.23619e-23,2.72597e-23,2.77326e-23,5.27951e-23,5.3189e-23,6.853e-23,6.85254e-23,6.85225e-23,6.85198e-23,6.85463e-23,6.85463e-23
900.195695,1.86357e-23,1.93967e-23,1.86443e-23,1.93926e-23,1.90702e-23,1.49202e-23,1.81879e-23,1.84668e-23,3.54377e-23,3.5709e-23,5.19182e-23,5.1915e-23,5.19123e-23,5.19102e-23,5.19301e-23,5.19308e-23
902.152642,1.39875e-23,1.45871e-23,1.39752e-23,1.46114e-23,1.43596e-23,1.11986e-23,1.36817e-23,1.38545e-23,2.67059e-23,2.70169e-23,3.86165e-24,3.86041e-24,3.85864e-24,3.85358e-24,3.86862e-24,3.87039e-24
904.109589,9.34487e-24,9.75862e-24,9.34646e-24,9.76655e-24,9.61268e-24,7.44805e-24,9.12453e-24,9.22527e-24,1.79139e-23,1.80119e-23,2.28452e-23,2.28438e-23,2.28426e-23,2.28396e-23,2.28484e-23,2.28489e-23
906.066536,4.70594e-24,4.91599e-24,4.70413e-24,4.92617e-24,4.8486e-24,3.72183e-24,4.59603e-24,4.63437e-24,9.02703e-24,9.05246e-24,1.29875e-23,1.29883e-23,1.30388e-23,1.29813e-23,1.29844e-23,1.29864e-23
908.023483,4.63437e-24,4.85105e-24,4.63671e-24,4.86784e-24,4.80566e-24,3.70936e-24,4.53932e-24,4.57098e-24,9.05748e-24,9.08182e-24,1.28819e-24,1.2872e-24,1.28658e-24,1.28506e-24,1.28914e-24,1.29036e-24
909.980431,4.62991e-24,4.84713e-24,4.62475e-24,4.8575e-24,4.80204e-24,3.70125e-24,4.53336e-24,4.55476e-24,9.09352e-24,9.11502e-24,1.22022e-23,1.2201e-23,1.22003e-23,1.2199e-23,1.22031e-23,1.22039e-23
911.937378,0,0,0,0,0,0,0,0,0,0,0,0,0,0,0,0
913.894325,0,0,0,0,0,0,0,0,0,0,0,0,0,0,0,0
915.851272,0,0,0,0,0,0,0,0,0,0,0,0,0,0,0,0
917.808219,0,0,0,0,0,0,0,0,0,0,0,0,0,0,0,0
919.765166,0,0,0,0,0,0,0,0,0,0,0,0,0,0,0,0
921.722114,0,0,0,0,0,0,0,0,0,0,0,0,0,0,0,0
923.679061,0,0,0,0,0,0,0,0,0,0,0,0,0,0,0,0
925.636008,0,0,0,0,0,0,0,0,0,0,0,0,0,0,0,0
927.592955,0,0,0,0,0,0,0,0,0,0,0,0,0,0,0,0
929.549902,0,0,0,0,0,0,0,0,0,0,0,0,0,0,0,0
931.506849,0,0,0,0,0,0,0,0,0,0,0,0,0,0,0,0
933.463796,0,0,0,0,0,0,0,0,0,0,0,0,0,0,0,0
935.420744,0,0,0,0,0,0,0,0,0,0,0,0,0,0,0,0
937.377691,0,0,0,0,0,0,0,0,0,0,0,0,0,0,0,0
939.334638,0,0,0,0,0,0,0,0,0,0,0,0,0,0,0,0
941.291585,0,0,0,0,0,0,0,0,0,0,0,0,0,0,0,0
943.248532,0,0,0,0,0,0,0,0,0,0,0,0,0,0,0,0
945.205479,0,0,0,0,0,0,0,0,0,0,0,0,0,0,0,0
947.162427,0,0,0,0,0,0,0,0,0,0,0,0,0,0,0,0
949.119374,0,0,0,0,0,0,0,0,0,0,0,0,0,0,0,0
951.076321,0,0,0,0,0,0,0,0,0,0,0,0,0,0,0,0
953.033268,0,0,0,0,0,0,0,0,0,0,0,0,0,0,0,0
954.990215,0,0,0,0,0,0,0,0,0,0,0,0,0,0,0,0
956.947162,0,0,0,0,0,0,0,0,0,0,0,0,0,0,0,0
958.904110,0,0,0,0,0,0,0,0,0,0,0,0,0,0,0,0
960.861057,0,0,0,0,0,0,0,0,0,0,0,0,0,0,0,0
962.818004,0,0,0,0,0,0,0,0,0,0,0,0,0,0,0,0
964.774951,0,0,0,0,0,0,0,0,0,0,0,0,0,0,0,0
966.731898,0,0,0,0,0,0,0,0,0,0,0,0,0,0,0,0
968.688845,0,0,0,0,0,0,0,0,0,0,0,0,0,0,0,0
970.645793,0,0,0,0,0,0,0,0,0,0,0,0,0,0,0,0
972.602740,0,0,0,0,0,0,0,0,0,0,0,0,0,0,0,0
974.559687,0,0,0,0,0,0,0,0,0,0,0,0,0,0,0,0
976.516634,0,0,0,0,0,0,0,0,0,0,0,0,0,0,0,0
978.473581,0,0,0,0,0,0,0,0,0,0,0,0,0,0,0,0
980.430528,0,0,0,0,0,0,0,0,0,0,0,0,0,0,0,0
982.387476,0,0,0,0,0,0,0,0,0,0,0,0,0,0,0,0
984.344423,0,0,0,0,0,0,0,0,0,0,0,0,0,0,0,0
986.301370,0,0,0,0,0,0,0,0,0,0,0,0,0,0,0,0
988.258317,0,0,0,0,0,0,0,0,0,0,0,0,0,0,0,0
990.215264,0,0,0,0,0,0,0,0,0,0,0,0,0,0,0,0
992.172211,0,0,0,0,0,0,0,0,0,0,0,0,0,0,0,0
994.129159,0,0,0,0,0,0,0,0,0,0,0,0,0,0,0,0
996.086106,0,0,0,0,0,0,0,0,0,0,0,0,0,0,0,0
998.043053,0,0,0,0,0,0,0,0,0,0,0,0,0,0,0,0
1000.000000,0,0,0,0,0,0,0,0,0,0,0,0,0,0,0,0
